<?xml version="1.0" encoding="utf-8" standalone="yes"?>
<gpx version="1.1" creator="Locus Map, Android"
 xmlns="http://www.topografix.com/GPX/1/1"
 xmlns:xsi="http://www.w3.org/2001/XMLSchema-instance"
 xsi:schemaLocation="http://www.topografix.com/GPX/1/1 http://www.topografix.com/GPX/1/1/gpx.xsd"
 xmlns:gpxx="http://www.garmin.com/xmlschemas/GpxExtensions/v3"
 xmlns:gpxtrkx="http://www.garmin.com/xmlschemas/TrackStatsExtension/v1"
 xmlns:gpxtpx="http://www.garmin.com/xmlschemas/TrackPointExtension/v2"
 xmlns:locus="http://www.locusmap.eu">
	<metadata>
		<desc>File with points/tracks from Locus Map/3.47.1</desc>
	</metadata>
<trk>
<name>2020-07-18 Hohe Tour</name>
	<extensions>
		<line xmlns="http://www.topografix.com/GPX/gpx_style/0/2">
			<color>0000FF</color>
			<opacity>0.59</opacity>
			<width>6.0</width>
			<extensions>
				<locus:lsColorBase>#960000FF</locus:lsColorBase>
				<locus:lsWidth>6.0</locus:lsWidth>
				<locus:lsUnits>PIXELS</locus:lsUnits>
			</extensions>
		</line>
		<locus:activity>cycling</locus:activity>
	</extensions>
<trkseg>
<trkpt lat="50.7659335" lon="13.7529827">
	<ele>766.15</ele>
	<time>2020-07-18T09:16:12.999Z</time>
	<hdop>4.00</hdop>
	<extensions>
		<gpxtpx:TrackPointExtension>
			<gpxtpx:course>240.45934</gpxtpx:course>
		</gpxtpx:TrackPointExtension>
	</extensions>
</trkpt>
<trkpt lat="50.7655690" lon="13.7530220">
	<ele>766.42</ele>
	<time>2020-07-18T09:16:24.581Z</time>
	<hdop>4.71</hdop>
	<extensions>
		<gpxtpx:TrackPointExtension>
			<gpxtpx:course>229.52936</gpxtpx:course>
		</gpxtpx:TrackPointExtension>
	</extensions>
</trkpt>
<trkpt lat="50.7653265" lon="13.7539350">
	<ele>766.87</ele>
	<time>2020-07-18T09:16:44.443Z</time>
	<hdop>5.94</hdop>
	<extensions>
		<gpxtpx:TrackPointExtension>
			<gpxtpx:course>210.78706</gpxtpx:course>
		</gpxtpx:TrackPointExtension>
	</extensions>
</trkpt>
<trkpt lat="50.7650526" lon="13.7535932">
	<ele>767.13</ele>
	<time>2020-07-18T09:16:55.508Z</time>
	<hdop>6.62</hdop>
	<extensions>
		<gpxtpx:TrackPointExtension>
			<gpxtpx:course>200.34563</gpxtpx:course>
		</gpxtpx:TrackPointExtension>
	</extensions>
</trkpt>
<trkpt lat="50.7647214" lon="13.7535241">
	<ele>767.37</ele>
	<time>2020-07-18T09:17:06.104Z</time>
	<hdop>7.28</hdop>
	<extensions>
		<gpxtpx:TrackPointExtension>
			<gpxtpx:course>190.34671</gpxtpx:course>
		</gpxtpx:TrackPointExtension>
	</extensions>
</trkpt>
<trkpt lat="50.7644371" lon="13.7533954">
	<ele>767.58</ele>
	<time>2020-07-18T09:17:15.480Z</time>
	<hdop>7.85</hdop>
	<extensions>
		<gpxtpx:TrackPointExtension>
			<gpxtpx:course>181.49945</gpxtpx:course>
		</gpxtpx:TrackPointExtension>
	</extensions>
</trkpt>
<trkpt lat="50.7641520" lon="13.7529112">
	<ele>767.89</ele>
	<time>2020-07-18T09:17:28.749Z</time>
	<hdop>8.67</hdop>
	<extensions>
		<gpxtpx:TrackPointExtension>
			<gpxtpx:course>168.97783</gpxtpx:course>
		</gpxtpx:TrackPointExtension>
	</extensions>
</trkpt>
<trkpt lat="50.7634235" lon="13.7522313">
	<ele>768.51</ele>
	<time>2020-07-18T09:17:55.575Z</time>
	<hdop>10.33</hdop>
	<extensions>
		<gpxtpx:TrackPointExtension>
			<gpxtpx:course>143.66403</gpxtpx:course>
		</gpxtpx:TrackPointExtension>
	</extensions>
</trkpt>
<trkpt lat="50.7626134" lon="13.7517953">
	<ele>769.13</ele>
	<time>2020-07-18T09:18:22.711Z</time>
	<hdop>12.00</hdop>
	<extensions>
		<gpxtpx:TrackPointExtension>
			<gpxtpx:course>118.05811</gpxtpx:course>
		</gpxtpx:TrackPointExtension>
	</extensions>
</trkpt>
<trkpt lat="50.7625914" lon="13.7517851">
	<ele>778.79</ele>
	<time>2020-07-18T09:18:43.999Z</time>
	<hdop>4.00</hdop>
	<extensions>
		<gpxtpx:TrackPointExtension>
			<gpxtpx:course>154.48111</gpxtpx:course>
		</gpxtpx:TrackPointExtension>
	</extensions>
</trkpt>
<trkpt lat="50.7623955" lon="13.7524487">
	<ele>779.61</ele>
	<time>2020-07-18T09:19:03.172Z</time>
	<hdop>4.96</hdop>
	<extensions>
		<gpxtpx:TrackPointExtension>
			<gpxtpx:course>155.49103</gpxtpx:course>
		</gpxtpx:TrackPointExtension>
	</extensions>
</trkpt>
<trkpt lat="50.7623971" lon="13.7531903">
	<ele>780.44</ele>
	<time>2020-07-18T09:19:22.589Z</time>
	<hdop>5.94</hdop>
	<extensions>
		<gpxtpx:TrackPointExtension>
			<gpxtpx:course>156.51384</gpxtpx:course>
		</gpxtpx:TrackPointExtension>
	</extensions>
</trkpt>
<trkpt lat="50.7621157" lon="13.7532880">
	<ele>780.95</ele>
	<time>2020-07-18T09:19:34.518Z</time>
	<hdop>6.53</hdop>
	<extensions>
		<gpxtpx:TrackPointExtension>
			<gpxtpx:course>157.14214</gpxtpx:course>
		</gpxtpx:TrackPointExtension>
	</extensions>
</trkpt>
<trkpt lat="50.7616996" lon="13.7525922">
	<ele>782.01</ele>
	<time>2020-07-18T09:19:59.588Z</time>
	<hdop>7.79</hdop>
	<extensions>
		<gpxtpx:TrackPointExtension>
			<gpxtpx:course>158.46268</gpxtpx:course>
		</gpxtpx:TrackPointExtension>
	</extensions>
</trkpt>
<trkpt lat="50.7603308" lon="13.7513100">
	<ele>784.82</ele>
	<time>2020-07-18T09:21:05.441Z</time>
	<hdop>11.10</hdop>
	<extensions>
		<gpxtpx:TrackPointExtension>
			<gpxtpx:course>161.93146</gpxtpx:course>
		</gpxtpx:TrackPointExtension>
	</extensions>
</trkpt>
<trkpt lat="50.7596628" lon="13.7508318">
	<ele>786.12</ele>
	<time>2020-07-18T09:21:35.794Z</time>
	<hdop>12.62</hdop>
	<extensions>
		<gpxtpx:TrackPointExtension>
			<gpxtpx:course>163.53026</gpxtpx:course>
		</gpxtpx:TrackPointExtension>
	</extensions>
</trkpt>
<trkpt lat="50.7585383" lon="13.7507205">
	<ele>788.11</ele>
	<time>2020-07-18T09:22:22.429Z</time>
	<hdop>14.96</hdop>
	<extensions>
		<gpxtpx:TrackPointExtension>
			<gpxtpx:course>165.98666</gpxtpx:course>
		</gpxtpx:TrackPointExtension>
	</extensions>
</trkpt>
<trkpt lat="50.7564927" lon="13.7513630">
	<ele>791.79</ele>
	<time>2020-07-18T09:23:48.753Z</time>
	<hdop>19.29</hdop>
	<extensions>
		<gpxtpx:TrackPointExtension>
			<gpxtpx:course>170.53369</gpxtpx:course>
		</gpxtpx:TrackPointExtension>
	</extensions>
</trkpt>
<trkpt lat="50.7542364" lon="13.7509751">
	<ele>795.79</ele>
	<time>2020-07-18T09:25:22.693Z</time>
	<hdop>24.00</hdop>
	<extensions>
		<gpxtpx:TrackPointExtension>
			<gpxtpx:course>175.48187</gpxtpx:course>
		</gpxtpx:TrackPointExtension>
	</extensions>
</trkpt>
<trkpt lat="50.7539824" lon="13.7509892">
	<ele>838.36</ele>
	<time>2020-07-18T09:25:26.704Z</time>
	<hdop>16.00</hdop>
	<extensions>
		<gpxtpx:TrackPointExtension>
			<gpxtpx:course>176.90517</gpxtpx:course>
		</gpxtpx:TrackPointExtension>
	</extensions>
</trkpt>
<trkpt lat="50.7538722" lon="13.7509430">
	<ele>832.47</ele>
	<time>2020-07-18T09:25:30.999Z</time>
	<hdop>6.00</hdop>
	<extensions>
		<gpxtpx:TrackPointExtension>
			<gpxtpx:course>193.80777</gpxtpx:course>
		</gpxtpx:TrackPointExtension>
	</extensions>
</trkpt>
<trkpt lat="50.7537407" lon="13.7508582">
	<ele>832.33</ele>
	<time>2020-07-18T09:25:35.999Z</time>
	<hdop>6.00</hdop>
	<extensions>
		<gpxtpx:TrackPointExtension>
			<gpxtpx:course>205.768</gpxtpx:course>
		</gpxtpx:TrackPointExtension>
	</extensions>
</trkpt>
<trkpt lat="50.7536371" lon="13.7507338">
	<ele>833.05</ele>
	<time>2020-07-18T09:25:40.999Z</time>
	<hdop>4.00</hdop>
	<extensions>
		<gpxtpx:TrackPointExtension>
			<gpxtpx:course>215.0726</gpxtpx:course>
		</gpxtpx:TrackPointExtension>
	</extensions>
</trkpt>
<trkpt lat="50.7535286" lon="13.7506426">
	<ele>832.43</ele>
	<time>2020-07-18T09:25:45.999Z</time>
	<hdop>4.00</hdop>
	<extensions>
		<gpxtpx:TrackPointExtension>
			<gpxtpx:course>199.99069</gpxtpx:course>
		</gpxtpx:TrackPointExtension>
	</extensions>
</trkpt>
<trkpt lat="50.7522103" lon="13.7496835">
	<ele>838.03</ele>
	<time>2020-07-18T09:26:33.655Z</time>
	<hdop>7.97</hdop>
	<extensions>
		<gpxtpx:TrackPointExtension>
			<gpxtpx:course>199.1159</gpxtpx:course>
		</gpxtpx:TrackPointExtension>
	</extensions>
</trkpt>
<trkpt lat="50.7507792" lon="13.7491433">
	<ele>843.70</ele>
	<time>2020-07-18T09:27:21.968Z</time>
	<hdop>12.00</hdop>
	<extensions>
		<gpxtpx:TrackPointExtension>
			<gpxtpx:course>198.2291</gpxtpx:course>
		</gpxtpx:TrackPointExtension>
	</extensions>
</trkpt>
<trkpt lat="50.7479824" lon="13.7477303">
	<ele>851.72</ele>
	<time>2020-07-18T09:28:24.946Z</time>
	<hdop>15.64</hdop>
	<extensions>
		<gpxtpx:TrackPointExtension>
			<gpxtpx:course>197.05424</gpxtpx:course>
		</gpxtpx:TrackPointExtension>
	</extensions>
</trkpt>
<trkpt lat="50.7462890" lon="13.7481513">
	<ele>856.40</ele>
	<time>2020-07-18T09:29:01.715Z</time>
	<hdop>17.77</hdop>
	<extensions>
		<gpxtpx:TrackPointExtension>
			<gpxtpx:course>196.36835</gpxtpx:course>
		</gpxtpx:TrackPointExtension>
	</extensions>
</trkpt>
<trkpt lat="50.7438756" lon="13.7476561">
	<ele>863.04</ele>
	<time>2020-07-18T09:29:53.914Z</time>
	<hdop>20.78</hdop>
	<extensions>
		<gpxtpx:TrackPointExtension>
			<gpxtpx:course>195.39458</gpxtpx:course>
		</gpxtpx:TrackPointExtension>
	</extensions>
</trkpt>
<trkpt lat="50.7429060" lon="13.7470105">
	<ele>865.91</ele>
	<time>2020-07-18T09:30:16.482Z</time>
	<hdop>22.09</hdop>
	<extensions>
		<gpxtpx:TrackPointExtension>
			<gpxtpx:course>194.97357</gpxtpx:course>
		</gpxtpx:TrackPointExtension>
	</extensions>
</trkpt>
<trkpt lat="50.7422963" lon="13.7447701">
	<ele>870.12</ele>
	<time>2020-07-18T09:30:49.585Z</time>
	<hdop>24.00</hdop>
	<extensions>
		<gpxtpx:TrackPointExtension>
			<gpxtpx:course>194.35606</gpxtpx:course>
		</gpxtpx:TrackPointExtension>
	</extensions>
</trkpt>
<trkpt lat="50.7422937" lon="13.7446108">
	<ele>888.34</ele>
	<time>2020-07-18T09:30:55.580Z</time>
	<hdop>16.00</hdop>
	<extensions>
		<gpxtpx:TrackPointExtension>
			<gpxtpx:course>284.69748</gpxtpx:course>
		</gpxtpx:TrackPointExtension>
	</extensions>
</trkpt>
<trkpt lat="50.7415142" lon="13.7421389">
	<ele>886.42</ele>
	<time>2020-07-18T09:32:03.305Z</time>
	<hdop>12.18</hdop>
	<extensions>
		<gpxtpx:TrackPointExtension>
			<gpxtpx:course>147.4167</gpxtpx:course>
		</gpxtpx:TrackPointExtension>
	</extensions>
</trkpt>
<trkpt lat="50.7408882" lon="13.7427474">
	<ele>891.31</ele>
	<time>2020-07-18T09:32:19.356Z</time>
	<hdop>8.28</hdop>
	<extensions>
		<gpxtpx:TrackPointExtension>
			<gpxtpx:course>156.88321</gpxtpx:course>
		</gpxtpx:TrackPointExtension>
	</extensions>
</trkpt>
<trkpt lat="50.7383725" lon="13.7450714">
	<ele>887.83</ele>
	<time>2020-07-18T09:33:16.354Z</time>
	<hdop>10.10</hdop>
	<extensions>
		<gpxtpx:TrackPointExtension>
			<gpxtpx:course>154.82849</gpxtpx:course>
		</gpxtpx:TrackPointExtension>
	</extensions>
</trkpt>
<trkpt lat="50.7360227" lon="13.7471830">
	<ele>884.59</ele>
	<time>2020-07-18T09:34:09.228Z</time>
	<hdop>11.79</hdop>
	<extensions>
		<gpxtpx:TrackPointExtension>
			<gpxtpx:course>152.92245</gpxtpx:course>
		</gpxtpx:TrackPointExtension>
	</extensions>
</trkpt>
<trkpt lat="50.7357923" lon="13.7467838">
	<ele>884.18</ele>
	<time>2020-07-18T09:34:15.916Z</time>
	<hdop>12.00</hdop>
	<extensions>
		<gpxtpx:TrackPointExtension>
			<gpxtpx:course>152.68137</gpxtpx:course>
		</gpxtpx:TrackPointExtension>
	</extensions>
</trkpt>
<trkpt lat="50.7355290" lon="13.7470079">
	<ele>895.95</ele>
	<time>2020-07-18T09:34:19.935Z</time>
	<hdop>16.00</hdop>
	<extensions>
		<gpxtpx:TrackPointExtension>
			<gpxtpx:course>148.49437</gpxtpx:course>
		</gpxtpx:TrackPointExtension>
	</extensions>
</trkpt>
<trkpt lat="50.7330286" lon="13.7496454">
	<ele>892.90</ele>
	<time>2020-07-18T09:35:19.055Z</time>
	<hdop>12.68</hdop>
	<extensions>
		<gpxtpx:TrackPointExtension>
			<gpxtpx:course>108.28832</gpxtpx:course>
		</gpxtpx:TrackPointExtension>
	</extensions>
</trkpt>
<trkpt lat="50.7328088" lon="13.7503813">
	<ele>892.38</ele>
	<time>2020-07-18T09:35:29.183Z</time>
	<hdop>12.11</hdop>
	<extensions>
		<gpxtpx:TrackPointExtension>
			<gpxtpx:course>101.399895</gpxtpx:course>
		</gpxtpx:TrackPointExtension>
	</extensions>
</trkpt>
<trkpt lat="50.7310792" lon="13.7521407">
	<ele>890.30</ele>
	<time>2020-07-18T09:36:09.636Z</time>
	<hdop>9.83</hdop>
	<extensions>
		<gpxtpx:TrackPointExtension>
			<gpxtpx:course>73.889366</gpxtpx:course>
		</gpxtpx:TrackPointExtension>
	</extensions>
</trkpt>
<trkpt lat="50.7298180" lon="13.7538454">
	<ele>888.61</ele>
	<time>2020-07-18T09:36:42.275Z</time>
	<hdop>8.00</hdop>
	<extensions>
		<gpxtpx:TrackPointExtension>
			<gpxtpx:course>51.692574</gpxtpx:course>
		</gpxtpx:TrackPointExtension>
	</extensions>
</trkpt>
<trkpt lat="50.7298760" lon="13.7541888">
	<ele>869.50</ele>
	<time>2020-07-18T09:41:22.999Z</time>
	<hdop>4.00</hdop>
	<extensions>
		<gpxtpx:TrackPointExtension>
			<gpxtpx:course>26.449848</gpxtpx:course>
		</gpxtpx:TrackPointExtension>
	</extensions>
</trkpt>
<trkpt lat="50.7301128" lon="13.7544001">
	<ele>869.67</ele>
	<time>2020-07-18T09:41:27.999Z</time>
	<hdop>4.00</hdop>
	<extensions>
		<gpxtpx:TrackPointExtension>
			<gpxtpx:course>34.920956</gpxtpx:course>
		</gpxtpx:TrackPointExtension>
	</extensions>
</trkpt>
<trkpt lat="50.7303057" lon="13.7547691">
	<ele>869.57</ele>
	<time>2020-07-18T09:41:32.999Z</time>
	<hdop>4.00</hdop>
	<extensions>
		<gpxtpx:TrackPointExtension>
			<gpxtpx:course>69.78239</gpxtpx:course>
		</gpxtpx:TrackPointExtension>
	</extensions>
</trkpt>
<trkpt lat="50.7303711" lon="13.7552276">
	<ele>870.17</ele>
	<time>2020-07-18T09:41:37.999Z</time>
	<hdop>4.00</hdop>
	<extensions>
		<gpxtpx:TrackPointExtension>
			<gpxtpx:course>79.92497</gpxtpx:course>
		</gpxtpx:TrackPointExtension>
	</extensions>
</trkpt>
<trkpt lat="50.7304106" lon="13.7556618">
	<ele>872.33</ele>
	<time>2020-07-18T09:41:42.999Z</time>
	<hdop>4.00</hdop>
	<extensions>
		<gpxtpx:TrackPointExtension>
			<gpxtpx:course>86.30739</gpxtpx:course>
		</gpxtpx:TrackPointExtension>
	</extensions>
</trkpt>
<trkpt lat="50.7302658" lon="13.7559260">
	<ele>873.40</ele>
	<time>2020-07-18T09:41:47.999Z</time>
	<hdop>4.00</hdop>
	<extensions>
		<gpxtpx:TrackPointExtension>
			<gpxtpx:course>117.65248</gpxtpx:course>
		</gpxtpx:TrackPointExtension>
	</extensions>
</trkpt>
<trkpt lat="50.7302089" lon="13.7562146">
	<ele>873.40</ele>
	<time>2020-07-18T09:41:52.999Z</time>
	<hdop>4.00</hdop>
	<extensions>
		<gpxtpx:TrackPointExtension>
			<gpxtpx:course>89.45316</gpxtpx:course>
		</gpxtpx:TrackPointExtension>
	</extensions>
</trkpt>
<trkpt lat="50.7301728" lon="13.7565852">
	<ele>873.24</ele>
	<time>2020-07-18T09:41:57.999Z</time>
	<hdop>8.00</hdop>
	<extensions>
		<gpxtpx:TrackPointExtension>
			<gpxtpx:course>97.41919</gpxtpx:course>
		</gpxtpx:TrackPointExtension>
	</extensions>
</trkpt>
<trkpt lat="50.7301392" lon="13.7569345">
	<ele>873.20</ele>
	<time>2020-07-18T09:42:02.999Z</time>
	<hdop>6.00</hdop>
	<extensions>
		<gpxtpx:TrackPointExtension>
			<gpxtpx:course>85.72963</gpxtpx:course>
		</gpxtpx:TrackPointExtension>
	</extensions>
</trkpt>
<trkpt lat="50.7300800" lon="13.7571959">
	<ele>873.32</ele>
	<time>2020-07-18T09:42:07.999Z</time>
	<hdop>6.00</hdop>
	<extensions>
		<gpxtpx:TrackPointExtension>
			<gpxtpx:course>128.61696</gpxtpx:course>
		</gpxtpx:TrackPointExtension>
	</extensions>
</trkpt>
<trkpt lat="50.7299354" lon="13.7574418">
	<ele>873.51</ele>
	<time>2020-07-18T09:42:12.999Z</time>
	<hdop>6.00</hdop>
	<extensions>
		<gpxtpx:TrackPointExtension>
			<gpxtpx:course>138.71092</gpxtpx:course>
		</gpxtpx:TrackPointExtension>
	</extensions>
</trkpt>
<trkpt lat="50.7297315" lon="13.7576617">
	<ele>873.58</ele>
	<time>2020-07-18T09:42:17.999Z</time>
	<hdop>6.00</hdop>
	<extensions>
		<gpxtpx:TrackPointExtension>
			<gpxtpx:course>139.54337</gpxtpx:course>
		</gpxtpx:TrackPointExtension>
	</extensions>
</trkpt>
<trkpt lat="50.7295827" lon="13.7579188">
	<ele>873.58</ele>
	<time>2020-07-18T09:42:22.999Z</time>
	<hdop>6.00</hdop>
	<extensions>
		<gpxtpx:TrackPointExtension>
			<gpxtpx:course>125.65418</gpxtpx:course>
		</gpxtpx:TrackPointExtension>
	</extensions>
</trkpt>
<trkpt lat="50.7295325" lon="13.7582790">
	<ele>873.55</ele>
	<time>2020-07-18T09:42:27.999Z</time>
	<hdop>6.00</hdop>
	<extensions>
		<gpxtpx:TrackPointExtension>
			<gpxtpx:course>62.610657</gpxtpx:course>
		</gpxtpx:TrackPointExtension>
	</extensions>
</trkpt>
<trkpt lat="50.7296751" lon="13.7586971">
	<ele>873.54</ele>
	<time>2020-07-18T09:42:32.999Z</time>
	<hdop>8.00</hdop>
	<extensions>
		<gpxtpx:TrackPointExtension>
			<gpxtpx:course>59.373863</gpxtpx:course>
		</gpxtpx:TrackPointExtension>
	</extensions>
</trkpt>
<trkpt lat="50.7298465" lon="13.7591084">
	<ele>873.54</ele>
	<time>2020-07-18T09:42:37.999Z</time>
	<hdop>8.00</hdop>
	<extensions>
		<gpxtpx:TrackPointExtension>
			<gpxtpx:course>49.51514</gpxtpx:course>
		</gpxtpx:TrackPointExtension>
	</extensions>
</trkpt>
<trkpt lat="50.7300229" lon="13.7594413">
	<ele>873.41</ele>
	<time>2020-07-18T09:42:42.999Z</time>
	<hdop>8.00</hdop>
	<extensions>
		<gpxtpx:TrackPointExtension>
			<gpxtpx:course>51.023888</gpxtpx:course>
		</gpxtpx:TrackPointExtension>
	</extensions>
</trkpt>
<trkpt lat="50.7301442" lon="13.7597230">
	<ele>872.65</ele>
	<time>2020-07-18T09:42:47.999Z</time>
	<hdop>8.00</hdop>
	<extensions>
		<gpxtpx:TrackPointExtension>
			<gpxtpx:course>123.465126</gpxtpx:course>
		</gpxtpx:TrackPointExtension>
	</extensions>
</trkpt>
<trkpt lat="50.7299790" lon="13.7599146">
	<ele>872.07</ele>
	<time>2020-07-18T09:42:52.999Z</time>
	<hdop>8.00</hdop>
	<extensions>
		<gpxtpx:TrackPointExtension>
			<gpxtpx:course>144.8867</gpxtpx:course>
		</gpxtpx:TrackPointExtension>
	</extensions>
</trkpt>
<trkpt lat="50.7297810" lon="13.7601374">
	<ele>872.20</ele>
	<time>2020-07-18T09:42:57.999Z</time>
	<hdop>8.00</hdop>
	<extensions>
		<gpxtpx:TrackPointExtension>
			<gpxtpx:course>154.4277</gpxtpx:course>
		</gpxtpx:TrackPointExtension>
	</extensions>
</trkpt>
<trkpt lat="50.7295712" lon="13.7602588">
	<ele>872.51</ele>
	<time>2020-07-18T09:43:02.999Z</time>
	<hdop>4.00</hdop>
	<extensions>
		<gpxtpx:TrackPointExtension>
			<gpxtpx:course>162.15085</gpxtpx:course>
		</gpxtpx:TrackPointExtension>
	</extensions>
</trkpt>
<trkpt lat="50.7293376" lon="13.7604146">
	<ele>872.33</ele>
	<time>2020-07-18T09:43:07.999Z</time>
	<hdop>4.00</hdop>
	<extensions>
		<gpxtpx:TrackPointExtension>
			<gpxtpx:course>146.91681</gpxtpx:course>
		</gpxtpx:TrackPointExtension>
	</extensions>
</trkpt>
<trkpt lat="50.7290645" lon="13.7607078">
	<ele>871.31</ele>
	<time>2020-07-18T09:43:12.999Z</time>
	<hdop>8.00</hdop>
	<extensions>
		<gpxtpx:TrackPointExtension>
			<gpxtpx:course>147.48177</gpxtpx:course>
		</gpxtpx:TrackPointExtension>
	</extensions>
</trkpt>
<trkpt lat="50.7287373" lon="13.7609186">
	<ele>870.86</ele>
	<time>2020-07-18T09:43:17.999Z</time>
	<hdop>6.00</hdop>
	<extensions>
		<gpxtpx:TrackPointExtension>
			<gpxtpx:course>172.70535</gpxtpx:course>
		</gpxtpx:TrackPointExtension>
	</extensions>
</trkpt>
<trkpt lat="50.7283790" lon="13.7609849">
	<ele>871.85</ele>
	<time>2020-07-18T09:43:22.999Z</time>
	<hdop>6.00</hdop>
	<extensions>
		<gpxtpx:TrackPointExtension>
			<gpxtpx:course>159.62325</gpxtpx:course>
		</gpxtpx:TrackPointExtension>
	</extensions>
</trkpt>
<trkpt lat="50.7280720" lon="13.7612718">
	<ele>872.22</ele>
	<time>2020-07-18T09:43:27.999Z</time>
	<hdop>6.00</hdop>
	<extensions>
		<gpxtpx:TrackPointExtension>
			<gpxtpx:course>144.07535</gpxtpx:course>
		</gpxtpx:TrackPointExtension>
	</extensions>
</trkpt>
<trkpt lat="50.7277478" lon="13.7616290">
	<ele>872.97</ele>
	<time>2020-07-18T09:43:32.999Z</time>
	<hdop>6.00</hdop>
	<extensions>
		<gpxtpx:TrackPointExtension>
			<gpxtpx:course>146.64711</gpxtpx:course>
		</gpxtpx:TrackPointExtension>
	</extensions>
</trkpt>
<trkpt lat="50.7273883" lon="13.7619791">
	<ele>873.62</ele>
	<time>2020-07-18T09:43:37.999Z</time>
	<hdop>6.00</hdop>
	<extensions>
		<gpxtpx:TrackPointExtension>
			<gpxtpx:course>157.45164</gpxtpx:course>
		</gpxtpx:TrackPointExtension>
	</extensions>
</trkpt>
<trkpt lat="50.7270078" lon="13.7620262">
	<ele>874.40</ele>
	<time>2020-07-18T09:43:42.999Z</time>
	<hdop>8.00</hdop>
	<extensions>
		<gpxtpx:TrackPointExtension>
			<gpxtpx:course>173.9977</gpxtpx:course>
		</gpxtpx:TrackPointExtension>
	</extensions>
</trkpt>
<trkpt lat="50.7266731" lon="13.7622403">
	<ele>874.88</ele>
	<time>2020-07-18T09:43:47.999Z</time>
	<hdop>6.00</hdop>
	<extensions>
		<gpxtpx:TrackPointExtension>
			<gpxtpx:course>155.04146</gpxtpx:course>
		</gpxtpx:TrackPointExtension>
	</extensions>
</trkpt>
<trkpt lat="50.7263480" lon="13.7625888">
	<ele>874.99</ele>
	<time>2020-07-18T09:43:52.999Z</time>
	<hdop>4.00</hdop>
	<extensions>
		<gpxtpx:TrackPointExtension>
			<gpxtpx:course>151.351</gpxtpx:course>
		</gpxtpx:TrackPointExtension>
	</extensions>
</trkpt>
<trkpt lat="50.7260051" lon="13.7629352">
	<ele>875.16</ele>
	<time>2020-07-18T09:43:57.999Z</time>
	<hdop>6.00</hdop>
	<extensions>
		<gpxtpx:TrackPointExtension>
			<gpxtpx:course>145.39008</gpxtpx:course>
		</gpxtpx:TrackPointExtension>
	</extensions>
</trkpt>
<trkpt lat="50.7257110" lon="13.7633598">
	<ele>874.77</ele>
	<time>2020-07-18T09:44:02.999Z</time>
	<hdop>6.00</hdop>
	<extensions>
		<gpxtpx:TrackPointExtension>
			<gpxtpx:course>133.16525</gpxtpx:course>
		</gpxtpx:TrackPointExtension>
	</extensions>
</trkpt>
<trkpt lat="50.7254071" lon="13.7637842">
	<ele>875.09</ele>
	<time>2020-07-18T09:44:07.999Z</time>
	<hdop>4.00</hdop>
	<extensions>
		<gpxtpx:TrackPointExtension>
			<gpxtpx:course>133.74792</gpxtpx:course>
		</gpxtpx:TrackPointExtension>
	</extensions>
</trkpt>
<trkpt lat="50.7251678" lon="13.7642801">
	<ele>875.84</ele>
	<time>2020-07-18T09:44:12.999Z</time>
	<hdop>6.00</hdop>
	<extensions>
		<gpxtpx:TrackPointExtension>
			<gpxtpx:course>106.42618</gpxtpx:course>
		</gpxtpx:TrackPointExtension>
	</extensions>
</trkpt>
<trkpt lat="50.7250725" lon="13.7648530">
	<ele>876.26</ele>
	<time>2020-07-18T09:44:17.999Z</time>
	<hdop>6.00</hdop>
	<extensions>
		<gpxtpx:TrackPointExtension>
			<gpxtpx:course>106.45262</gpxtpx:course>
		</gpxtpx:TrackPointExtension>
	</extensions>
</trkpt>
<trkpt lat="50.7250074" lon="13.7651710">
	<ele>877.33</ele>
	<time>2020-07-18T09:44:22.999Z</time>
	<hdop>4.00</hdop>
	<extensions>
		<gpxtpx:TrackPointExtension>
			<gpxtpx:course>112.67406</gpxtpx:course>
		</gpxtpx:TrackPointExtension>
	</extensions>
</trkpt>
<trkpt lat="50.7249917" lon="13.7653174">
	<ele>876.81</ele>
	<time>2020-07-18T09:44:44.999Z</time>
	<hdop>6.00</hdop>
	<extensions>
		<gpxtpx:TrackPointExtension>
			<gpxtpx:course>99.732216</gpxtpx:course>
		</gpxtpx:TrackPointExtension>
	</extensions>
</trkpt>
<trkpt lat="50.7249531" lon="13.7655040">
	<ele>876.33</ele>
	<time>2020-07-18T09:44:49.999Z</time>
	<hdop>4.00</hdop>
	<extensions>
		<gpxtpx:TrackPointExtension>
			<gpxtpx:course>109.96834</gpxtpx:course>
		</gpxtpx:TrackPointExtension>
	</extensions>
</trkpt>
<trkpt lat="50.7249048" lon="13.7656957">
	<ele>874.43</ele>
	<time>2020-07-18T09:45:10.999Z</time>
	<hdop>4.00</hdop>
	<extensions>
		<gpxtpx:TrackPointExtension>
			<gpxtpx:course>112.511055</gpxtpx:course>
		</gpxtpx:TrackPointExtension>
	</extensions>
</trkpt>
<trkpt lat="50.7247430" lon="13.7663407">
	<ele>873.78</ele>
	<time>2020-07-18T09:45:15.999Z</time>
	<hdop>8.00</hdop>
	<extensions>
		<gpxtpx:TrackPointExtension>
			<gpxtpx:course>102.25169</gpxtpx:course>
		</gpxtpx:TrackPointExtension>
	</extensions>
</trkpt>
<trkpt lat="50.7246472" lon="13.7669263">
	<ele>873.95</ele>
	<time>2020-07-18T09:45:20.999Z</time>
	<hdop>6.00</hdop>
	<extensions>
		<gpxtpx:TrackPointExtension>
			<gpxtpx:course>105.3188</gpxtpx:course>
		</gpxtpx:TrackPointExtension>
	</extensions>
</trkpt>
<trkpt lat="50.7245708" lon="13.7674378">
	<ele>873.81</ele>
	<time>2020-07-18T09:45:25.999Z</time>
	<hdop>6.00</hdop>
	<extensions>
		<gpxtpx:TrackPointExtension>
			<gpxtpx:course>101.533264</gpxtpx:course>
		</gpxtpx:TrackPointExtension>
	</extensions>
</trkpt>
<trkpt lat="50.7244652" lon="13.7678696">
	<ele>873.42</ele>
	<time>2020-07-18T09:45:30.999Z</time>
	<hdop>6.00</hdop>
	<extensions>
		<gpxtpx:TrackPointExtension>
			<gpxtpx:course>113.41984</gpxtpx:course>
		</gpxtpx:TrackPointExtension>
	</extensions>
</trkpt>
<trkpt lat="50.7243563" lon="13.7681964">
	<ele>872.25</ele>
	<time>2020-07-18T09:45:35.999Z</time>
	<hdop>6.00</hdop>
	<extensions>
		<gpxtpx:TrackPointExtension>
			<gpxtpx:course>115.457</gpxtpx:course>
		</gpxtpx:TrackPointExtension>
	</extensions>
</trkpt>
<trkpt lat="50.7242266" lon="13.7685968">
	<ele>871.08</ele>
	<time>2020-07-18T09:45:40.999Z</time>
	<hdop>4.00</hdop>
	<extensions>
		<gpxtpx:TrackPointExtension>
			<gpxtpx:course>122.77052</gpxtpx:course>
		</gpxtpx:TrackPointExtension>
	</extensions>
</trkpt>
<trkpt lat="50.7240852" lon="13.7689147">
	<ele>870.65</ele>
	<time>2020-07-18T09:45:45.999Z</time>
	<hdop>4.00</hdop>
	<extensions>
		<gpxtpx:TrackPointExtension>
			<gpxtpx:course>130.42366</gpxtpx:course>
		</gpxtpx:TrackPointExtension>
	</extensions>
</trkpt>
<trkpt lat="50.7239320" lon="13.7692299">
	<ele>870.03</ele>
	<time>2020-07-18T09:45:50.999Z</time>
	<hdop>8.00</hdop>
	<extensions>
		<gpxtpx:TrackPointExtension>
			<gpxtpx:course>121.9153</gpxtpx:course>
		</gpxtpx:TrackPointExtension>
	</extensions>
</trkpt>
<trkpt lat="50.7237887" lon="13.7696027">
	<ele>869.88</ele>
	<time>2020-07-18T09:45:55.999Z</time>
	<hdop>4.00</hdop>
	<extensions>
		<gpxtpx:TrackPointExtension>
			<gpxtpx:course>125.575745</gpxtpx:course>
		</gpxtpx:TrackPointExtension>
	</extensions>
</trkpt>
<trkpt lat="50.7237794" lon="13.7701359">
	<ele>869.33</ele>
	<time>2020-07-18T09:47:22.999Z</time>
	<hdop>8.00</hdop>
	<extensions>
		<gpxtpx:TrackPointExtension>
			<gpxtpx:course>304.00134</gpxtpx:course>
		</gpxtpx:TrackPointExtension>
	</extensions>
</trkpt>
<trkpt lat="50.7238703" lon="13.7700944">
	<ele>870.12</ele>
	<time>2020-07-18T09:47:27.999Z</time>
	<hdop>8.00</hdop>
	<extensions>
		<gpxtpx:TrackPointExtension>
			<gpxtpx:course>70.76808</gpxtpx:course>
		</gpxtpx:TrackPointExtension>
	</extensions>
</trkpt>
<trkpt lat="50.7238974" lon="13.7703231">
	<ele>871.91</ele>
	<time>2020-07-18T09:47:32.999Z</time>
	<hdop>8.00</hdop>
	<extensions>
		<gpxtpx:TrackPointExtension>
			<gpxtpx:course>93.25398</gpxtpx:course>
		</gpxtpx:TrackPointExtension>
	</extensions>
</trkpt>
<trkpt lat="50.7238775" lon="13.7706851">
	<ele>872.50</ele>
	<time>2020-07-18T09:47:37.999Z</time>
	<hdop>8.00</hdop>
	<extensions>
		<gpxtpx:TrackPointExtension>
			<gpxtpx:course>81.39917</gpxtpx:course>
		</gpxtpx:TrackPointExtension>
	</extensions>
</trkpt>
<trkpt lat="50.7238781" lon="13.7710804">
	<ele>872.54</ele>
	<time>2020-07-18T09:47:42.999Z</time>
	<hdop>8.00</hdop>
	<extensions>
		<gpxtpx:TrackPointExtension>
			<gpxtpx:course>87.4545</gpxtpx:course>
		</gpxtpx:TrackPointExtension>
	</extensions>
</trkpt>
<trkpt lat="50.7238794" lon="13.7714950">
	<ele>872.45</ele>
	<time>2020-07-18T09:47:47.999Z</time>
	<hdop>6.00</hdop>
	<extensions>
		<gpxtpx:TrackPointExtension>
			<gpxtpx:course>81.82791</gpxtpx:course>
		</gpxtpx:TrackPointExtension>
	</extensions>
</trkpt>
<trkpt lat="50.7239217" lon="13.7719257">
	<ele>872.38</ele>
	<time>2020-07-18T09:47:52.999Z</time>
	<hdop>6.00</hdop>
	<extensions>
		<gpxtpx:TrackPointExtension>
			<gpxtpx:course>80.83461</gpxtpx:course>
		</gpxtpx:TrackPointExtension>
	</extensions>
</trkpt>
<trkpt lat="50.7239543" lon="13.7723758">
	<ele>872.35</ele>
	<time>2020-07-18T09:47:57.999Z</time>
	<hdop>6.00</hdop>
	<extensions>
		<gpxtpx:TrackPointExtension>
			<gpxtpx:course>98.43433</gpxtpx:course>
		</gpxtpx:TrackPointExtension>
	</extensions>
</trkpt>
<trkpt lat="50.7238829" lon="13.7727525">
	<ele>872.34</ele>
	<time>2020-07-18T09:48:02.999Z</time>
	<hdop>6.00</hdop>
	<extensions>
		<gpxtpx:TrackPointExtension>
			<gpxtpx:course>104.94262</gpxtpx:course>
		</gpxtpx:TrackPointExtension>
	</extensions>
</trkpt>
<trkpt lat="50.7238228" lon="13.7731216">
	<ele>872.65</ele>
	<time>2020-07-18T09:48:07.999Z</time>
	<hdop>6.00</hdop>
	<extensions>
		<gpxtpx:TrackPointExtension>
			<gpxtpx:course>100.54342</gpxtpx:course>
		</gpxtpx:TrackPointExtension>
	</extensions>
</trkpt>
<trkpt lat="50.7237644" lon="13.7734934">
	<ele>873.67</ele>
	<time>2020-07-18T09:48:12.999Z</time>
	<hdop>6.00</hdop>
	<extensions>
		<gpxtpx:TrackPointExtension>
			<gpxtpx:course>99.53298</gpxtpx:course>
		</gpxtpx:TrackPointExtension>
	</extensions>
</trkpt>
<trkpt lat="50.7237073" lon="13.7738428">
	<ele>874.72</ele>
	<time>2020-07-18T09:48:17.999Z</time>
	<hdop>6.00</hdop>
	<extensions>
		<gpxtpx:TrackPointExtension>
			<gpxtpx:course>103.2547</gpxtpx:course>
		</gpxtpx:TrackPointExtension>
	</extensions>
</trkpt>
<trkpt lat="50.7236645" lon="13.7741842">
	<ele>874.63</ele>
	<time>2020-07-18T09:48:22.999Z</time>
	<hdop>6.00</hdop>
	<extensions>
		<gpxtpx:TrackPointExtension>
			<gpxtpx:course>99.77484</gpxtpx:course>
		</gpxtpx:TrackPointExtension>
	</extensions>
</trkpt>
<trkpt lat="50.7236397" lon="13.7746016">
	<ele>873.11</ele>
	<time>2020-07-18T09:48:27.999Z</time>
	<hdop>6.00</hdop>
	<extensions>
		<gpxtpx:TrackPointExtension>
			<gpxtpx:course>85.195595</gpxtpx:course>
		</gpxtpx:TrackPointExtension>
	</extensions>
</trkpt>
<trkpt lat="50.7236644" lon="13.7749648">
	<ele>872.03</ele>
	<time>2020-07-18T09:48:32.999Z</time>
	<hdop>6.00</hdop>
	<extensions>
		<gpxtpx:TrackPointExtension>
			<gpxtpx:course>81.746605</gpxtpx:course>
		</gpxtpx:TrackPointExtension>
	</extensions>
</trkpt>
<trkpt lat="50.7237113" lon="13.7752887">
	<ele>871.86</ele>
	<time>2020-07-18T09:48:37.999Z</time>
	<hdop>4.00</hdop>
	<extensions>
		<gpxtpx:TrackPointExtension>
			<gpxtpx:course>82.89593</gpxtpx:course>
		</gpxtpx:TrackPointExtension>
	</extensions>
</trkpt>
<trkpt lat="50.7237657" lon="13.7756414">
	<ele>871.82</ele>
	<time>2020-07-18T09:48:42.999Z</time>
	<hdop>4.00</hdop>
	<extensions>
		<gpxtpx:TrackPointExtension>
			<gpxtpx:course>73.64276</gpxtpx:course>
		</gpxtpx:TrackPointExtension>
	</extensions>
</trkpt>
<trkpt lat="50.7238262" lon="13.7760223">
	<ele>871.78</ele>
	<time>2020-07-18T09:48:47.999Z</time>
	<hdop>4.00</hdop>
	<extensions>
		<gpxtpx:TrackPointExtension>
			<gpxtpx:course>77.94521</gpxtpx:course>
		</gpxtpx:TrackPointExtension>
	</extensions>
</trkpt>
<trkpt lat="50.7238844" lon="13.7764028">
	<ele>871.68</ele>
	<time>2020-07-18T09:48:52.999Z</time>
	<hdop>4.00</hdop>
	<extensions>
		<gpxtpx:TrackPointExtension>
			<gpxtpx:course>75.91773</gpxtpx:course>
		</gpxtpx:TrackPointExtension>
	</extensions>
</trkpt>
<trkpt lat="50.7239468" lon="13.7768499">
	<ele>871.58</ele>
	<time>2020-07-18T09:48:57.999Z</time>
	<hdop>6.00</hdop>
	<extensions>
		<gpxtpx:TrackPointExtension>
			<gpxtpx:course>77.01883</gpxtpx:course>
		</gpxtpx:TrackPointExtension>
	</extensions>
</trkpt>
<trkpt lat="50.7240165" lon="13.7774023">
	<ele>871.48</ele>
	<time>2020-07-18T09:49:02.999Z</time>
	<hdop>6.00</hdop>
	<extensions>
		<gpxtpx:TrackPointExtension>
			<gpxtpx:course>81.563255</gpxtpx:course>
		</gpxtpx:TrackPointExtension>
	</extensions>
</trkpt>
<trkpt lat="50.7240593" lon="13.7779533">
	<ele>871.22</ele>
	<time>2020-07-18T09:49:07.999Z</time>
	<hdop>6.00</hdop>
	<extensions>
		<gpxtpx:TrackPointExtension>
			<gpxtpx:course>79.770256</gpxtpx:course>
		</gpxtpx:TrackPointExtension>
	</extensions>
</trkpt>
<trkpt lat="50.7241369" lon="13.7785402">
	<ele>870.73</ele>
	<time>2020-07-18T09:49:12.999Z</time>
	<hdop>6.00</hdop>
	<extensions>
		<gpxtpx:TrackPointExtension>
			<gpxtpx:course>74.96307</gpxtpx:course>
		</gpxtpx:TrackPointExtension>
	</extensions>
</trkpt>
<trkpt lat="50.7242143" lon="13.7791228">
	<ele>869.32</ele>
	<time>2020-07-18T09:49:17.999Z</time>
	<hdop>6.00</hdop>
	<extensions>
		<gpxtpx:TrackPointExtension>
			<gpxtpx:course>87.526924</gpxtpx:course>
		</gpxtpx:TrackPointExtension>
	</extensions>
</trkpt>
<trkpt lat="50.7242047" lon="13.7796679">
	<ele>869.23</ele>
	<time>2020-07-18T09:49:22.999Z</time>
	<hdop>6.00</hdop>
	<extensions>
		<gpxtpx:TrackPointExtension>
			<gpxtpx:course>94.164925</gpxtpx:course>
		</gpxtpx:TrackPointExtension>
	</extensions>
</trkpt>
<trkpt lat="50.7241949" lon="13.7799317">
	<ele>868.88</ele>
	<time>2020-07-18T09:49:27.999Z</time>
	<hdop>6.00</hdop>
	<extensions>
		<gpxtpx:TrackPointExtension>
			<gpxtpx:course>103.681404</gpxtpx:course>
		</gpxtpx:TrackPointExtension>
	</extensions>
</trkpt>
<trkpt lat="50.7241058" lon="13.7800608">
	<ele>868.52</ele>
	<time>2020-07-18T09:49:50.999Z</time>
	<hdop>6.00</hdop>
	<extensions>
		<gpxtpx:TrackPointExtension>
			<gpxtpx:course>161.39952</gpxtpx:course>
		</gpxtpx:TrackPointExtension>
	</extensions>
</trkpt>
<trkpt lat="50.7238876" lon="13.7802764">
	<ele>869.18</ele>
	<time>2020-07-18T09:49:55.999Z</time>
	<hdop>8.00</hdop>
	<extensions>
		<gpxtpx:TrackPointExtension>
			<gpxtpx:course>129.9269</gpxtpx:course>
		</gpxtpx:TrackPointExtension>
	</extensions>
</trkpt>
<trkpt lat="50.7236972" lon="13.7805626">
	<ele>869.62</ele>
	<time>2020-07-18T09:50:00.999Z</time>
	<hdop>6.00</hdop>
	<extensions>
		<gpxtpx:TrackPointExtension>
			<gpxtpx:course>150.48373</gpxtpx:course>
		</gpxtpx:TrackPointExtension>
	</extensions>
</trkpt>
<trkpt lat="50.7233893" lon="13.7807770">
	<ele>868.49</ele>
	<time>2020-07-18T09:50:05.999Z</time>
	<hdop>6.00</hdop>
	<extensions>
		<gpxtpx:TrackPointExtension>
			<gpxtpx:course>159.6352</gpxtpx:course>
		</gpxtpx:TrackPointExtension>
	</extensions>
</trkpt>
<trkpt lat="50.7230736" lon="13.7810109">
	<ele>866.35</ele>
	<time>2020-07-18T09:50:10.999Z</time>
	<hdop>6.00</hdop>
	<extensions>
		<gpxtpx:TrackPointExtension>
			<gpxtpx:course>141.77951</gpxtpx:course>
		</gpxtpx:TrackPointExtension>
	</extensions>
</trkpt>
<trkpt lat="50.7230093" lon="13.7813177">
	<ele>866.16</ele>
	<time>2020-07-18T09:50:15.999Z</time>
	<hdop>6.00</hdop>
	<extensions>
		<gpxtpx:TrackPointExtension>
			<gpxtpx:course>104.85186</gpxtpx:course>
		</gpxtpx:TrackPointExtension>
	</extensions>
</trkpt>
<trkpt lat="50.7229742" lon="13.7816081">
	<ele>866.26</ele>
	<time>2020-07-18T09:50:20.999Z</time>
	<hdop>6.00</hdop>
	<extensions>
		<gpxtpx:TrackPointExtension>
			<gpxtpx:course>99.0524</gpxtpx:course>
		</gpxtpx:TrackPointExtension>
	</extensions>
</trkpt>
<trkpt lat="50.7229576" lon="13.7819075">
	<ele>866.38</ele>
	<time>2020-07-18T09:50:25.999Z</time>
	<hdop>4.00</hdop>
	<extensions>
		<gpxtpx:TrackPointExtension>
			<gpxtpx:course>100.72443</gpxtpx:course>
		</gpxtpx:TrackPointExtension>
	</extensions>
</trkpt>
<trkpt lat="50.7229339" lon="13.7822371">
	<ele>866.49</ele>
	<time>2020-07-18T09:50:30.999Z</time>
	<hdop>4.00</hdop>
	<extensions>
		<gpxtpx:TrackPointExtension>
			<gpxtpx:course>100.07959</gpxtpx:course>
		</gpxtpx:TrackPointExtension>
	</extensions>
</trkpt>
<trkpt lat="50.7229180" lon="13.7824746">
	<ele>866.64</ele>
	<time>2020-07-18T09:50:35.999Z</time>
	<hdop>4.00</hdop>
	<extensions>
		<gpxtpx:TrackPointExtension>
			<gpxtpx:course>103.96692</gpxtpx:course>
		</gpxtpx:TrackPointExtension>
	</extensions>
</trkpt>
<trkpt lat="50.7228962" lon="13.7827038">
	<ele>866.86</ele>
	<time>2020-07-18T09:50:40.999Z</time>
	<hdop>4.00</hdop>
	<extensions>
		<gpxtpx:TrackPointExtension>
			<gpxtpx:course>100.194275</gpxtpx:course>
		</gpxtpx:TrackPointExtension>
	</extensions>
</trkpt>
<trkpt lat="50.7228662" lon="13.7829705">
	<ele>867.15</ele>
	<time>2020-07-18T09:50:45.999Z</time>
	<hdop>3.00</hdop>
	<extensions>
		<gpxtpx:TrackPointExtension>
			<gpxtpx:course>101.005135</gpxtpx:course>
		</gpxtpx:TrackPointExtension>
	</extensions>
</trkpt>
<trkpt lat="50.7228312" lon="13.7832507">
	<ele>867.82</ele>
	<time>2020-07-18T09:50:50.999Z</time>
	<hdop>8.00</hdop>
	<extensions>
		<gpxtpx:TrackPointExtension>
			<gpxtpx:course>96.006134</gpxtpx:course>
		</gpxtpx:TrackPointExtension>
	</extensions>
</trkpt>
<trkpt lat="50.7227779" lon="13.7835628">
	<ele>868.63</ele>
	<time>2020-07-18T09:50:55.999Z</time>
	<hdop>6.00</hdop>
	<extensions>
		<gpxtpx:TrackPointExtension>
			<gpxtpx:course>96.77704</gpxtpx:course>
		</gpxtpx:TrackPointExtension>
	</extensions>
</trkpt>
<trkpt lat="50.7227320" lon="13.7838921">
	<ele>869.59</ele>
	<time>2020-07-18T09:51:00.999Z</time>
	<hdop>6.00</hdop>
	<extensions>
		<gpxtpx:TrackPointExtension>
			<gpxtpx:course>92.8891</gpxtpx:course>
		</gpxtpx:TrackPointExtension>
	</extensions>
</trkpt>
<trkpt lat="50.7226725" lon="13.7842451">
	<ele>869.99</ele>
	<time>2020-07-18T09:51:05.999Z</time>
	<hdop>8.00</hdop>
	<extensions>
		<gpxtpx:TrackPointExtension>
			<gpxtpx:course>101.96581</gpxtpx:course>
		</gpxtpx:TrackPointExtension>
	</extensions>
</trkpt>
<trkpt lat="50.7226056" lon="13.7845841">
	<ele>870.15</ele>
	<time>2020-07-18T09:51:10.999Z</time>
	<hdop>8.00</hdop>
	<extensions>
		<gpxtpx:TrackPointExtension>
			<gpxtpx:course>112.632904</gpxtpx:course>
		</gpxtpx:TrackPointExtension>
	</extensions>
</trkpt>
<trkpt lat="50.7225040" lon="13.7849357">
	<ele>870.35</ele>
	<time>2020-07-18T09:51:15.999Z</time>
	<hdop>8.00</hdop>
	<extensions>
		<gpxtpx:TrackPointExtension>
			<gpxtpx:course>125.36815</gpxtpx:course>
		</gpxtpx:TrackPointExtension>
	</extensions>
</trkpt>
<trkpt lat="50.7223674" lon="13.7852904">
	<ele>870.55</ele>
	<time>2020-07-18T09:51:20.999Z</time>
	<hdop>6.00</hdop>
	<extensions>
		<gpxtpx:TrackPointExtension>
			<gpxtpx:course>122.90281</gpxtpx:course>
		</gpxtpx:TrackPointExtension>
	</extensions>
</trkpt>
<trkpt lat="50.7222545" lon="13.7857031">
	<ele>870.68</ele>
	<time>2020-07-18T09:51:25.999Z</time>
	<hdop>6.00</hdop>
	<extensions>
		<gpxtpx:TrackPointExtension>
			<gpxtpx:course>117.92532</gpxtpx:course>
		</gpxtpx:TrackPointExtension>
	</extensions>
</trkpt>
<trkpt lat="50.7221072" lon="13.7860428">
	<ele>870.31</ele>
	<time>2020-07-18T09:51:30.999Z</time>
	<hdop>6.00</hdop>
	<extensions>
		<gpxtpx:TrackPointExtension>
			<gpxtpx:course>130.23158</gpxtpx:course>
		</gpxtpx:TrackPointExtension>
	</extensions>
</trkpt>
<trkpt lat="50.7218912" lon="13.7864030">
	<ele>870.21</ele>
	<time>2020-07-18T09:51:35.999Z</time>
	<hdop>6.00</hdop>
	<extensions>
		<gpxtpx:TrackPointExtension>
			<gpxtpx:course>133.67268</gpxtpx:course>
		</gpxtpx:TrackPointExtension>
	</extensions>
</trkpt>
<trkpt lat="50.7217027" lon="13.7867981">
	<ele>870.05</ele>
	<time>2020-07-18T09:51:40.999Z</time>
	<hdop>6.00</hdop>
	<extensions>
		<gpxtpx:TrackPointExtension>
			<gpxtpx:course>129.81363</gpxtpx:course>
		</gpxtpx:TrackPointExtension>
	</extensions>
</trkpt>
<trkpt lat="50.7214765" lon="13.7871972">
	<ele>869.39</ele>
	<time>2020-07-18T09:51:45.999Z</time>
	<hdop>8.00</hdop>
	<extensions>
		<gpxtpx:TrackPointExtension>
			<gpxtpx:course>133.6124</gpxtpx:course>
		</gpxtpx:TrackPointExtension>
	</extensions>
</trkpt>
<trkpt lat="50.7212869" lon="13.7877075">
	<ele>869.02</ele>
	<time>2020-07-18T09:51:50.999Z</time>
	<hdop>6.00</hdop>
	<extensions>
		<gpxtpx:TrackPointExtension>
			<gpxtpx:course>114.83877</gpxtpx:course>
		</gpxtpx:TrackPointExtension>
	</extensions>
</trkpt>
<trkpt lat="50.7211555" lon="13.7882381">
	<ele>869.53</ele>
	<time>2020-07-18T09:51:55.999Z</time>
	<hdop>6.00</hdop>
	<extensions>
		<gpxtpx:TrackPointExtension>
			<gpxtpx:course>109.10057</gpxtpx:course>
		</gpxtpx:TrackPointExtension>
	</extensions>
</trkpt>
<trkpt lat="50.7210577" lon="13.7887426">
	<ele>870.02</ele>
	<time>2020-07-18T09:52:00.999Z</time>
	<hdop>4.00</hdop>
	<extensions>
		<gpxtpx:TrackPointExtension>
			<gpxtpx:course>100.86192</gpxtpx:course>
		</gpxtpx:TrackPointExtension>
	</extensions>
</trkpt>
<trkpt lat="50.7210157" lon="13.7891954">
	<ele>869.91</ele>
	<time>2020-07-18T09:52:05.999Z</time>
	<hdop>4.00</hdop>
	<extensions>
		<gpxtpx:TrackPointExtension>
			<gpxtpx:course>97.52417</gpxtpx:course>
		</gpxtpx:TrackPointExtension>
	</extensions>
</trkpt>
<trkpt lat="50.7210057" lon="13.7895709">
	<ele>869.72</ele>
	<time>2020-07-18T09:52:10.999Z</time>
	<hdop>6.00</hdop>
	<extensions>
		<gpxtpx:TrackPointExtension>
			<gpxtpx:course>96.712326</gpxtpx:course>
		</gpxtpx:TrackPointExtension>
	</extensions>
</trkpt>
<trkpt lat="50.7209654" lon="13.7899586">
	<ele>869.53</ele>
	<time>2020-07-18T09:52:15.999Z</time>
	<hdop>6.00</hdop>
	<extensions>
		<gpxtpx:TrackPointExtension>
			<gpxtpx:course>106.488106</gpxtpx:course>
		</gpxtpx:TrackPointExtension>
	</extensions>
</trkpt>
<trkpt lat="50.7209449" lon="13.7903502">
	<ele>869.29</ele>
	<time>2020-07-18T09:52:20.999Z</time>
	<hdop>6.00</hdop>
	<extensions>
		<gpxtpx:TrackPointExtension>
			<gpxtpx:course>66.137115</gpxtpx:course>
		</gpxtpx:TrackPointExtension>
	</extensions>
</trkpt>
<trkpt lat="50.7210377" lon="13.7906926">
	<ele>869.37</ele>
	<time>2020-07-18T09:52:25.999Z</time>
	<hdop>6.00</hdop>
	<extensions>
		<gpxtpx:TrackPointExtension>
			<gpxtpx:course>75.580154</gpxtpx:course>
		</gpxtpx:TrackPointExtension>
	</extensions>
</trkpt>
<trkpt lat="50.7211017" lon="13.7910806">
	<ele>870.16</ele>
	<time>2020-07-18T09:52:30.999Z</time>
	<hdop>6.00</hdop>
	<extensions>
		<gpxtpx:TrackPointExtension>
			<gpxtpx:course>81.363396</gpxtpx:course>
		</gpxtpx:TrackPointExtension>
	</extensions>
</trkpt>
<trkpt lat="50.7211329" lon="13.7914991">
	<ele>871.05</ele>
	<time>2020-07-18T09:52:35.999Z</time>
	<hdop>4.00</hdop>
	<extensions>
		<gpxtpx:TrackPointExtension>
			<gpxtpx:course>91.53246</gpxtpx:course>
		</gpxtpx:TrackPointExtension>
	</extensions>
</trkpt>
<trkpt lat="50.7211409" lon="13.7919424">
	<ele>870.53</ele>
	<time>2020-07-18T09:52:40.999Z</time>
	<hdop>4.00</hdop>
	<extensions>
		<gpxtpx:TrackPointExtension>
			<gpxtpx:course>73.8002</gpxtpx:course>
		</gpxtpx:TrackPointExtension>
	</extensions>
</trkpt>
<trkpt lat="50.7212336" lon="13.7923812">
	<ele>870.43</ele>
	<time>2020-07-18T09:52:45.999Z</time>
	<hdop>6.00</hdop>
	<extensions>
		<gpxtpx:TrackPointExtension>
			<gpxtpx:course>56.669586</gpxtpx:course>
		</gpxtpx:TrackPointExtension>
	</extensions>
</trkpt>
<trkpt lat="50.7214259" lon="13.7927977">
	<ele>870.23</ele>
	<time>2020-07-18T09:52:50.999Z</time>
	<hdop>12.00</hdop>
	<extensions>
		<gpxtpx:TrackPointExtension>
			<gpxtpx:course>84.536545</gpxtpx:course>
		</gpxtpx:TrackPointExtension>
	</extensions>
</trkpt>
<trkpt lat="50.7214869" lon="13.7933384">
	<ele>869.80</ele>
	<time>2020-07-18T09:52:55.999Z</time>
	<hdop>8.00</hdop>
	<extensions>
		<gpxtpx:TrackPointExtension>
			<gpxtpx:course>83.57286</gpxtpx:course>
		</gpxtpx:TrackPointExtension>
	</extensions>
</trkpt>
<trkpt lat="50.7215392" lon="13.7938752">
	<ele>869.50</ele>
	<time>2020-07-18T09:53:00.999Z</time>
	<hdop>8.00</hdop>
	<extensions>
		<gpxtpx:TrackPointExtension>
			<gpxtpx:course>80.36257</gpxtpx:course>
		</gpxtpx:TrackPointExtension>
	</extensions>
</trkpt>
<trkpt lat="50.7215522" lon="13.7944115">
	<ele>868.90</ele>
	<time>2020-07-18T09:53:05.999Z</time>
	<hdop>6.00</hdop>
	<extensions>
		<gpxtpx:TrackPointExtension>
			<gpxtpx:course>116.69941</gpxtpx:course>
		</gpxtpx:TrackPointExtension>
	</extensions>
</trkpt>
<trkpt lat="50.7214776" lon="13.7946070">
	<ele>867.00</ele>
	<time>2020-07-18T09:53:10.999Z</time>
	<hdop>6.00</hdop>
	<extensions>
		<gpxtpx:TrackPointExtension>
			<gpxtpx:course>98.58597</gpxtpx:course>
		</gpxtpx:TrackPointExtension>
	</extensions>
</trkpt>
<trkpt lat="50.7214785" lon="13.7947779">
	<ele>868.02</ele>
	<time>2020-07-18T09:53:56.999Z</time>
	<hdop>4.00</hdop>
	<extensions>
		<gpxtpx:TrackPointExtension>
			<gpxtpx:course>114.81824</gpxtpx:course>
		</gpxtpx:TrackPointExtension>
	</extensions>
</trkpt>
<trkpt lat="50.7212439" lon="13.7952632">
	<ele>865.18</ele>
	<time>2020-07-18T09:54:01.999Z</time>
	<hdop>8.00</hdop>
	<extensions>
		<gpxtpx:TrackPointExtension>
			<gpxtpx:course>137.36754</gpxtpx:course>
		</gpxtpx:TrackPointExtension>
	</extensions>
</trkpt>
<trkpt lat="50.7209347" lon="13.7955327">
	<ele>862.14</ele>
	<time>2020-07-18T09:54:06.999Z</time>
	<hdop>6.00</hdop>
	<extensions>
		<gpxtpx:TrackPointExtension>
			<gpxtpx:course>153.41434</gpxtpx:course>
		</gpxtpx:TrackPointExtension>
	</extensions>
</trkpt>
<trkpt lat="50.7206696" lon="13.7959864">
	<ele>858.00</ele>
	<time>2020-07-18T09:54:11.999Z</time>
	<hdop>8.00</hdop>
	<extensions>
		<gpxtpx:TrackPointExtension>
			<gpxtpx:course>130.23465</gpxtpx:course>
		</gpxtpx:TrackPointExtension>
	</extensions>
</trkpt>
<trkpt lat="50.7203059" lon="13.7964557">
	<ele>854.95</ele>
	<time>2020-07-18T09:54:16.999Z</time>
	<hdop>6.00</hdop>
	<extensions>
		<gpxtpx:TrackPointExtension>
			<gpxtpx:course>150.62195</gpxtpx:course>
		</gpxtpx:TrackPointExtension>
	</extensions>
</trkpt>
<trkpt lat="50.7199775" lon="13.7969801">
	<ele>852.10</ele>
	<time>2020-07-18T09:54:21.999Z</time>
	<hdop>8.00</hdop>
	<extensions>
		<gpxtpx:TrackPointExtension>
			<gpxtpx:course>97.51032</gpxtpx:course>
		</gpxtpx:TrackPointExtension>
	</extensions>
</trkpt>
<trkpt lat="50.7200117" lon="13.7977443">
	<ele>851.31</ele>
	<time>2020-07-18T09:54:26.999Z</time>
	<hdop>6.00</hdop>
	<extensions>
		<gpxtpx:TrackPointExtension>
			<gpxtpx:course>80.18302</gpxtpx:course>
		</gpxtpx:TrackPointExtension>
	</extensions>
</trkpt>
<trkpt lat="50.7199978" lon="13.7984664">
	<ele>855.32</ele>
	<time>2020-07-18T09:54:31.999Z</time>
	<hdop>6.00</hdop>
	<extensions>
		<gpxtpx:TrackPointExtension>
			<gpxtpx:course>100.55178</gpxtpx:course>
		</gpxtpx:TrackPointExtension>
	</extensions>
</trkpt>
<trkpt lat="50.7198649" lon="13.7991472">
	<ele>853.90</ele>
	<time>2020-07-18T09:54:36.999Z</time>
	<hdop>8.00</hdop>
	<extensions>
		<gpxtpx:TrackPointExtension>
			<gpxtpx:course>117.56</gpxtpx:course>
		</gpxtpx:TrackPointExtension>
	</extensions>
</trkpt>
<trkpt lat="50.7196512" lon="13.7994743">
	<ele>851.04</ele>
	<time>2020-07-18T09:54:41.999Z</time>
	<hdop>8.00</hdop>
	<extensions>
		<gpxtpx:TrackPointExtension>
			<gpxtpx:course>163.37279</gpxtpx:course>
		</gpxtpx:TrackPointExtension>
	</extensions>
</trkpt>
<trkpt lat="50.7193467" lon="13.7996857">
	<ele>848.16</ele>
	<time>2020-07-18T09:54:46.999Z</time>
	<hdop>8.00</hdop>
	<extensions>
		<gpxtpx:TrackPointExtension>
			<gpxtpx:course>134.35233</gpxtpx:course>
		</gpxtpx:TrackPointExtension>
	</extensions>
</trkpt>
<trkpt lat="50.7191738" lon="13.8002214">
	<ele>844.97</ele>
	<time>2020-07-18T09:54:51.999Z</time>
	<hdop>8.00</hdop>
	<extensions>
		<gpxtpx:TrackPointExtension>
			<gpxtpx:course>97.14508</gpxtpx:course>
		</gpxtpx:TrackPointExtension>
	</extensions>
</trkpt>
<trkpt lat="50.7191712" lon="13.8006375">
	<ele>842.27</ele>
	<time>2020-07-18T09:54:56.999Z</time>
	<hdop>6.00</hdop>
	<extensions>
		<gpxtpx:TrackPointExtension>
			<gpxtpx:course>85.70343</gpxtpx:course>
		</gpxtpx:TrackPointExtension>
	</extensions>
</trkpt>
<trkpt lat="50.7191963" lon="13.8009786">
	<ele>839.66</ele>
	<time>2020-07-18T09:55:01.999Z</time>
	<hdop>6.00</hdop>
	<extensions>
		<gpxtpx:TrackPointExtension>
			<gpxtpx:course>103.502655</gpxtpx:course>
		</gpxtpx:TrackPointExtension>
	</extensions>
</trkpt>
<trkpt lat="50.7190940" lon="13.8013540">
	<ele>836.30</ele>
	<time>2020-07-18T09:55:06.999Z</time>
	<hdop>8.00</hdop>
	<extensions>
		<gpxtpx:TrackPointExtension>
			<gpxtpx:course>133.21378</gpxtpx:course>
		</gpxtpx:TrackPointExtension>
	</extensions>
</trkpt>
<trkpt lat="50.7189813" lon="13.8015049">
	<ele>834.44</ele>
	<time>2020-07-18T09:55:11.999Z</time>
	<hdop>6.00</hdop>
	<extensions>
		<gpxtpx:TrackPointExtension>
			<gpxtpx:course>156.65758</gpxtpx:course>
		</gpxtpx:TrackPointExtension>
	</extensions>
</trkpt>
<trkpt lat="50.7188952" lon="13.8016216">
	<ele>836.19</ele>
	<time>2020-07-18T09:55:39.999Z</time>
	<hdop>4.00</hdop>
	<extensions>
		<gpxtpx:TrackPointExtension>
			<gpxtpx:course>155.87086</gpxtpx:course>
		</gpxtpx:TrackPointExtension>
	</extensions>
</trkpt>
<trkpt lat="50.7185931" lon="13.8019721">
	<ele>832.17</ele>
	<time>2020-07-18T09:55:44.999Z</time>
	<hdop>4.00</hdop>
	<extensions>
		<gpxtpx:TrackPointExtension>
			<gpxtpx:course>129.62924</gpxtpx:course>
		</gpxtpx:TrackPointExtension>
	</extensions>
</trkpt>
<trkpt lat="50.7183312" lon="13.8026201">
	<ele>828.51</ele>
	<time>2020-07-18T09:55:49.999Z</time>
	<hdop>8.00</hdop>
	<extensions>
		<gpxtpx:TrackPointExtension>
			<gpxtpx:course>120.73673</gpxtpx:course>
		</gpxtpx:TrackPointExtension>
	</extensions>
</trkpt>
<trkpt lat="50.7182246" lon="13.8033689">
	<ele>831.03</ele>
	<time>2020-07-18T09:55:54.999Z</time>
	<hdop>8.00</hdop>
	<extensions>
		<gpxtpx:TrackPointExtension>
			<gpxtpx:course>93.11441</gpxtpx:course>
		</gpxtpx:TrackPointExtension>
	</extensions>
</trkpt>
<trkpt lat="50.7181805" lon="13.8040099">
	<ele>831.93</ele>
	<time>2020-07-18T09:55:59.999Z</time>
	<hdop>8.00</hdop>
	<extensions>
		<gpxtpx:TrackPointExtension>
			<gpxtpx:course>111.0434</gpxtpx:course>
		</gpxtpx:TrackPointExtension>
	</extensions>
</trkpt>
<trkpt lat="50.7180190" lon="13.8046642">
	<ele>825.87</ele>
	<time>2020-07-18T09:56:04.999Z</time>
	<hdop>8.00</hdop>
	<extensions>
		<gpxtpx:TrackPointExtension>
			<gpxtpx:course>108.03093</gpxtpx:course>
		</gpxtpx:TrackPointExtension>
	</extensions>
</trkpt>
<trkpt lat="50.7179436" lon="13.8052937">
	<ele>819.94</ele>
	<time>2020-07-18T09:56:09.999Z</time>
	<hdop>8.00</hdop>
	<extensions>
		<gpxtpx:TrackPointExtension>
			<gpxtpx:course>76.87777</gpxtpx:course>
		</gpxtpx:TrackPointExtension>
	</extensions>
</trkpt>
<trkpt lat="50.7179640" lon="13.8058158">
	<ele>815.79</ele>
	<time>2020-07-18T09:56:14.999Z</time>
	<hdop>8.00</hdop>
	<extensions>
		<gpxtpx:TrackPointExtension>
			<gpxtpx:course>89.044426</gpxtpx:course>
		</gpxtpx:TrackPointExtension>
	</extensions>
</trkpt>
<trkpt lat="50.7179845" lon="13.8062988">
	<ele>812.78</ele>
	<time>2020-07-18T09:56:19.999Z</time>
	<hdop>8.00</hdop>
	<extensions>
		<gpxtpx:TrackPointExtension>
			<gpxtpx:course>82.47667</gpxtpx:course>
		</gpxtpx:TrackPointExtension>
	</extensions>
</trkpt>
<trkpt lat="50.7180281" lon="13.8067375">
	<ele>809.80</ele>
	<time>2020-07-18T09:56:24.999Z</time>
	<hdop>6.00</hdop>
	<extensions>
		<gpxtpx:TrackPointExtension>
			<gpxtpx:course>82.32409</gpxtpx:course>
		</gpxtpx:TrackPointExtension>
	</extensions>
</trkpt>
<trkpt lat="50.7180205" lon="13.8071592">
	<ele>807.27</ele>
	<time>2020-07-18T09:56:29.999Z</time>
	<hdop>6.00</hdop>
	<extensions>
		<gpxtpx:TrackPointExtension>
			<gpxtpx:course>94.51786</gpxtpx:course>
		</gpxtpx:TrackPointExtension>
	</extensions>
</trkpt>
<trkpt lat="50.7179508" lon="13.8076109">
	<ele>804.01</ele>
	<time>2020-07-18T09:56:34.999Z</time>
	<hdop>6.00</hdop>
	<extensions>
		<gpxtpx:TrackPointExtension>
			<gpxtpx:course>127.67179</gpxtpx:course>
		</gpxtpx:TrackPointExtension>
	</extensions>
</trkpt>
<trkpt lat="50.7176944" lon="13.8080088">
	<ele>801.46</ele>
	<time>2020-07-18T09:56:39.999Z</time>
	<hdop>6.00</hdop>
	<extensions>
		<gpxtpx:TrackPointExtension>
			<gpxtpx:course>129.43793</gpxtpx:course>
		</gpxtpx:TrackPointExtension>
	</extensions>
</trkpt>
<trkpt lat="50.7173604" lon="13.8084405">
	<ele>799.68</ele>
	<time>2020-07-18T09:56:44.999Z</time>
	<hdop>8.00</hdop>
	<extensions>
		<gpxtpx:TrackPointExtension>
			<gpxtpx:course>157.88261</gpxtpx:course>
		</gpxtpx:TrackPointExtension>
	</extensions>
</trkpt>
<trkpt lat="50.7170247" lon="13.8087274">
	<ele>798.66</ele>
	<time>2020-07-18T09:56:49.999Z</time>
	<hdop>8.00</hdop>
	<extensions>
		<gpxtpx:TrackPointExtension>
			<gpxtpx:course>132.3095</gpxtpx:course>
		</gpxtpx:TrackPointExtension>
	</extensions>
</trkpt>
<trkpt lat="50.7168662" lon="13.8091594">
	<ele>798.23</ele>
	<time>2020-07-18T09:56:54.999Z</time>
	<hdop>8.00</hdop>
	<extensions>
		<gpxtpx:TrackPointExtension>
			<gpxtpx:course>120.10904</gpxtpx:course>
		</gpxtpx:TrackPointExtension>
	</extensions>
</trkpt>
<trkpt lat="50.7166705" lon="13.8097616">
	<ele>797.52</ele>
	<time>2020-07-18T09:56:59.999Z</time>
	<hdop>8.00</hdop>
	<extensions>
		<gpxtpx:TrackPointExtension>
			<gpxtpx:course>118.51134</gpxtpx:course>
		</gpxtpx:TrackPointExtension>
	</extensions>
</trkpt>
<trkpt lat="50.7164879" lon="13.8104282">
	<ele>794.84</ele>
	<time>2020-07-18T09:57:04.999Z</time>
	<hdop>8.00</hdop>
	<extensions>
		<gpxtpx:TrackPointExtension>
			<gpxtpx:course>115.214745</gpxtpx:course>
		</gpxtpx:TrackPointExtension>
	</extensions>
</trkpt>
<trkpt lat="50.7163231" lon="13.8110555">
	<ele>791.48</ele>
	<time>2020-07-18T09:57:09.999Z</time>
	<hdop>6.00</hdop>
	<extensions>
		<gpxtpx:TrackPointExtension>
			<gpxtpx:course>114.69412</gpxtpx:course>
		</gpxtpx:TrackPointExtension>
	</extensions>
</trkpt>
<trkpt lat="50.7161595" lon="13.8115810">
	<ele>788.94</ele>
	<time>2020-07-18T09:57:14.999Z</time>
	<hdop>6.00</hdop>
	<extensions>
		<gpxtpx:TrackPointExtension>
			<gpxtpx:course>119.70602</gpxtpx:course>
		</gpxtpx:TrackPointExtension>
	</extensions>
</trkpt>
<trkpt lat="50.7158961" lon="13.8120081">
	<ele>788.01</ele>
	<time>2020-07-18T09:57:19.999Z</time>
	<hdop>6.00</hdop>
	<extensions>
		<gpxtpx:TrackPointExtension>
			<gpxtpx:course>147.66351</gpxtpx:course>
		</gpxtpx:TrackPointExtension>
	</extensions>
</trkpt>
<trkpt lat="50.7156036" lon="13.8122687">
	<ele>786.15</ele>
	<time>2020-07-18T09:57:24.999Z</time>
	<hdop>8.00</hdop>
	<extensions>
		<gpxtpx:TrackPointExtension>
			<gpxtpx:course>152.65697</gpxtpx:course>
		</gpxtpx:TrackPointExtension>
	</extensions>
</trkpt>
<trkpt lat="50.7152916" lon="13.8124907">
	<ele>784.13</ele>
	<time>2020-07-18T09:57:29.999Z</time>
	<hdop>6.00</hdop>
	<extensions>
		<gpxtpx:TrackPointExtension>
			<gpxtpx:course>162.78815</gpxtpx:course>
		</gpxtpx:TrackPointExtension>
	</extensions>
</trkpt>
<trkpt lat="50.7149666" lon="13.8126964">
	<ele>782.25</ele>
	<time>2020-07-18T09:57:34.999Z</time>
	<hdop>6.00</hdop>
	<extensions>
		<gpxtpx:TrackPointExtension>
			<gpxtpx:course>158.05844</gpxtpx:course>
		</gpxtpx:TrackPointExtension>
	</extensions>
</trkpt>
<trkpt lat="50.7146833" lon="13.8129039">
	<ele>781.72</ele>
	<time>2020-07-18T09:57:39.999Z</time>
	<hdop>8.00</hdop>
	<extensions>
		<gpxtpx:TrackPointExtension>
			<gpxtpx:course>152.21283</gpxtpx:course>
		</gpxtpx:TrackPointExtension>
	</extensions>
</trkpt>
<trkpt lat="50.7143409" lon="13.8131757">
	<ele>781.31</ele>
	<time>2020-07-18T09:57:44.999Z</time>
	<hdop>8.00</hdop>
	<extensions>
		<gpxtpx:TrackPointExtension>
			<gpxtpx:course>159.64848</gpxtpx:course>
		</gpxtpx:TrackPointExtension>
	</extensions>
</trkpt>
<trkpt lat="50.7139967" lon="13.8134601">
	<ele>781.14</ele>
	<time>2020-07-18T09:57:49.999Z</time>
	<hdop>6.00</hdop>
	<extensions>
		<gpxtpx:TrackPointExtension>
			<gpxtpx:course>139.89915</gpxtpx:course>
		</gpxtpx:TrackPointExtension>
	</extensions>
</trkpt>
<trkpt lat="50.7137491" lon="13.8138829">
	<ele>781.15</ele>
	<time>2020-07-18T09:57:54.999Z</time>
	<hdop>8.00</hdop>
	<extensions>
		<gpxtpx:TrackPointExtension>
			<gpxtpx:course>128.24965</gpxtpx:course>
		</gpxtpx:TrackPointExtension>
	</extensions>
</trkpt>
<trkpt lat="50.7135047" lon="13.8143737">
	<ele>781.22</ele>
	<time>2020-07-18T09:57:59.999Z</time>
	<hdop>8.00</hdop>
	<extensions>
		<gpxtpx:TrackPointExtension>
			<gpxtpx:course>126.91629</gpxtpx:course>
		</gpxtpx:TrackPointExtension>
	</extensions>
</trkpt>
<trkpt lat="50.7133001" lon="13.8148251">
	<ele>781.15</ele>
	<time>2020-07-18T09:58:04.999Z</time>
	<hdop>12.00</hdop>
	<extensions>
		<gpxtpx:TrackPointExtension>
			<gpxtpx:course>124.25848</gpxtpx:course>
		</gpxtpx:TrackPointExtension>
	</extensions>
</trkpt>
<trkpt lat="50.7131566" lon="13.8154607">
	<ele>780.50</ele>
	<time>2020-07-18T09:58:09.999Z</time>
	<hdop>16.00</hdop>
	<extensions>
		<gpxtpx:TrackPointExtension>
			<gpxtpx:course>84.592834</gpxtpx:course>
		</gpxtpx:TrackPointExtension>
	</extensions>
</trkpt>
<trkpt lat="50.7132547" lon="13.8161645">
	<ele>779.01</ele>
	<time>2020-07-18T09:58:14.999Z</time>
	<hdop>12.00</hdop>
	<extensions>
		<gpxtpx:TrackPointExtension>
			<gpxtpx:course>56.3433</gpxtpx:course>
		</gpxtpx:TrackPointExtension>
	</extensions>
</trkpt>
<trkpt lat="50.7135225" lon="13.8168521">
	<ele>777.52</ele>
	<time>2020-07-18T09:58:19.999Z</time>
	<hdop>8.00</hdop>
	<extensions>
		<gpxtpx:TrackPointExtension>
			<gpxtpx:course>58.16493</gpxtpx:course>
		</gpxtpx:TrackPointExtension>
	</extensions>
</trkpt>
<trkpt lat="50.7137091" lon="13.8174105">
	<ele>777.52</ele>
	<time>2020-07-18T09:58:24.999Z</time>
	<hdop>8.00</hdop>
	<extensions>
		<gpxtpx:TrackPointExtension>
			<gpxtpx:course>59.42636</gpxtpx:course>
		</gpxtpx:TrackPointExtension>
	</extensions>
</trkpt>
<trkpt lat="50.7138511" lon="13.8178695">
	<ele>777.71</ele>
	<time>2020-07-18T09:58:29.999Z</time>
	<hdop>6.00</hdop>
	<extensions>
		<gpxtpx:TrackPointExtension>
			<gpxtpx:course>60.329777</gpxtpx:course>
		</gpxtpx:TrackPointExtension>
	</extensions>
</trkpt>
<trkpt lat="50.7139689" lon="13.8182660">
	<ele>777.82</ele>
	<time>2020-07-18T09:58:34.999Z</time>
	<hdop>8.00</hdop>
	<extensions>
		<gpxtpx:TrackPointExtension>
			<gpxtpx:course>70.982895</gpxtpx:course>
		</gpxtpx:TrackPointExtension>
	</extensions>
</trkpt>
<trkpt lat="50.7140429" lon="13.8186960">
	<ele>777.49</ele>
	<time>2020-07-18T09:58:39.999Z</time>
	<hdop>6.00</hdop>
	<extensions>
		<gpxtpx:TrackPointExtension>
			<gpxtpx:course>64.39357</gpxtpx:course>
		</gpxtpx:TrackPointExtension>
	</extensions>
</trkpt>
<trkpt lat="50.7140641" lon="13.8191656">
	<ele>777.06</ele>
	<time>2020-07-18T09:58:44.999Z</time>
	<hdop>6.00</hdop>
	<extensions>
		<gpxtpx:TrackPointExtension>
			<gpxtpx:course>88.71115</gpxtpx:course>
		</gpxtpx:TrackPointExtension>
	</extensions>
</trkpt>
<trkpt lat="50.7140671" lon="13.8196453">
	<ele>776.15</ele>
	<time>2020-07-18T09:58:49.999Z</time>
	<hdop>6.00</hdop>
	<extensions>
		<gpxtpx:TrackPointExtension>
			<gpxtpx:course>90.95468</gpxtpx:course>
		</gpxtpx:TrackPointExtension>
	</extensions>
</trkpt>
<trkpt lat="50.7140777" lon="13.8200438">
	<ele>774.63</ele>
	<time>2020-07-18T09:58:54.999Z</time>
	<hdop>6.00</hdop>
	<extensions>
		<gpxtpx:TrackPointExtension>
			<gpxtpx:course>80.861206</gpxtpx:course>
		</gpxtpx:TrackPointExtension>
	</extensions>
</trkpt>
<trkpt lat="50.7140653" lon="13.8204577">
	<ele>773.78</ele>
	<time>2020-07-18T09:58:59.999Z</time>
	<hdop>6.00</hdop>
	<extensions>
		<gpxtpx:TrackPointExtension>
			<gpxtpx:course>97.06527</gpxtpx:course>
		</gpxtpx:TrackPointExtension>
	</extensions>
</trkpt>
<trkpt lat="50.7140288" lon="13.8208725">
	<ele>772.58</ele>
	<time>2020-07-18T09:59:04.999Z</time>
	<hdop>4.00</hdop>
	<extensions>
		<gpxtpx:TrackPointExtension>
			<gpxtpx:course>92.33555</gpxtpx:course>
		</gpxtpx:TrackPointExtension>
	</extensions>
</trkpt>
<trkpt lat="50.7139853" lon="13.8212609">
	<ele>772.04</ele>
	<time>2020-07-18T09:59:09.999Z</time>
	<hdop>4.00</hdop>
	<extensions>
		<gpxtpx:TrackPointExtension>
			<gpxtpx:course>108.957146</gpxtpx:course>
		</gpxtpx:TrackPointExtension>
	</extensions>
</trkpt>
<trkpt lat="50.7138642" lon="13.8216421">
	<ele>772.07</ele>
	<time>2020-07-18T09:59:14.999Z</time>
	<hdop>6.00</hdop>
	<extensions>
		<gpxtpx:TrackPointExtension>
			<gpxtpx:course>119.97608</gpxtpx:course>
		</gpxtpx:TrackPointExtension>
	</extensions>
</trkpt>
<trkpt lat="50.7137239" lon="13.8220111">
	<ele>772.38</ele>
	<time>2020-07-18T09:59:19.999Z</time>
	<hdop>6.00</hdop>
	<extensions>
		<gpxtpx:TrackPointExtension>
			<gpxtpx:course>122.62205</gpxtpx:course>
		</gpxtpx:TrackPointExtension>
	</extensions>
</trkpt>
<trkpt lat="50.7135577" lon="13.8223365">
	<ele>772.70</ele>
	<time>2020-07-18T09:59:24.999Z</time>
	<hdop>6.00</hdop>
	<extensions>
		<gpxtpx:TrackPointExtension>
			<gpxtpx:course>140.69733</gpxtpx:course>
		</gpxtpx:TrackPointExtension>
	</extensions>
</trkpt>
<trkpt lat="50.7133460" lon="13.8225074">
	<ele>772.98</ele>
	<time>2020-07-18T09:59:29.999Z</time>
	<hdop>6.00</hdop>
	<extensions>
		<gpxtpx:TrackPointExtension>
			<gpxtpx:course>156.4819</gpxtpx:course>
		</gpxtpx:TrackPointExtension>
	</extensions>
</trkpt>
<trkpt lat="50.7130831" lon="13.8226415">
	<ele>773.15</ele>
	<time>2020-07-18T09:59:34.999Z</time>
	<hdop>6.00</hdop>
	<extensions>
		<gpxtpx:TrackPointExtension>
			<gpxtpx:course>181.04643</gpxtpx:course>
		</gpxtpx:TrackPointExtension>
	</extensions>
</trkpt>
<trkpt lat="50.7127905" lon="13.8226282">
	<ele>773.22</ele>
	<time>2020-07-18T09:59:39.999Z</time>
	<hdop>6.00</hdop>
	<extensions>
		<gpxtpx:TrackPointExtension>
			<gpxtpx:course>182.65796</gpxtpx:course>
		</gpxtpx:TrackPointExtension>
	</extensions>
</trkpt>
<trkpt lat="50.7124580" lon="13.8225440">
	<ele>773.26</ele>
	<time>2020-07-18T09:59:44.999Z</time>
	<hdop>6.00</hdop>
	<extensions>
		<gpxtpx:TrackPointExtension>
			<gpxtpx:course>178.67146</gpxtpx:course>
		</gpxtpx:TrackPointExtension>
	</extensions>
</trkpt>
<trkpt lat="50.7121368" lon="13.8224803">
	<ele>772.92</ele>
	<time>2020-07-18T09:59:49.999Z</time>
	<hdop>6.00</hdop>
	<extensions>
		<gpxtpx:TrackPointExtension>
			<gpxtpx:course>185.1475</gpxtpx:course>
		</gpxtpx:TrackPointExtension>
	</extensions>
</trkpt>
<trkpt lat="50.7118164" lon="13.8225131">
	<ele>771.94</ele>
	<time>2020-07-18T09:59:54.999Z</time>
	<hdop>6.00</hdop>
	<extensions>
		<gpxtpx:TrackPointExtension>
			<gpxtpx:course>153.85591</gpxtpx:course>
		</gpxtpx:TrackPointExtension>
	</extensions>
</trkpt>
<trkpt lat="50.7116039" lon="13.8227726">
	<ele>772.39</ele>
	<time>2020-07-18T09:59:59.999Z</time>
	<hdop>6.00</hdop>
	<extensions>
		<gpxtpx:TrackPointExtension>
			<gpxtpx:course>111.0701</gpxtpx:course>
		</gpxtpx:TrackPointExtension>
	</extensions>
</trkpt>
<trkpt lat="50.7116099" lon="13.8233003">
	<ele>775.54</ele>
	<time>2020-07-18T10:00:04.999Z</time>
	<hdop>8.00</hdop>
	<extensions>
		<gpxtpx:TrackPointExtension>
			<gpxtpx:course>78.6934</gpxtpx:course>
		</gpxtpx:TrackPointExtension>
	</extensions>
</trkpt>
<trkpt lat="50.7116843" lon="13.8239038">
	<ele>777.11</ele>
	<time>2020-07-18T10:00:09.999Z</time>
	<hdop>6.00</hdop>
	<extensions>
		<gpxtpx:TrackPointExtension>
			<gpxtpx:course>81.192</gpxtpx:course>
		</gpxtpx:TrackPointExtension>
	</extensions>
</trkpt>
<trkpt lat="50.7116828" lon="13.8244878">
	<ele>777.20</ele>
	<time>2020-07-18T10:00:14.999Z</time>
	<hdop>6.00</hdop>
	<extensions>
		<gpxtpx:TrackPointExtension>
			<gpxtpx:course>100.01203</gpxtpx:course>
		</gpxtpx:TrackPointExtension>
	</extensions>
</trkpt>
<trkpt lat="50.7115960" lon="13.8250144">
	<ele>777.04</ele>
	<time>2020-07-18T10:00:19.999Z</time>
	<hdop>6.00</hdop>
	<extensions>
		<gpxtpx:TrackPointExtension>
			<gpxtpx:course>106.65185</gpxtpx:course>
		</gpxtpx:TrackPointExtension>
	</extensions>
</trkpt>
<trkpt lat="50.7115003" lon="13.8255112">
	<ele>776.82</ele>
	<time>2020-07-18T10:00:24.999Z</time>
	<hdop>6.00</hdop>
	<extensions>
		<gpxtpx:TrackPointExtension>
			<gpxtpx:course>97.44078</gpxtpx:course>
		</gpxtpx:TrackPointExtension>
	</extensions>
</trkpt>
<trkpt lat="50.7114780" lon="13.8260512">
	<ele>776.63</ele>
	<time>2020-07-18T10:00:29.999Z</time>
	<hdop>6.00</hdop>
	<extensions>
		<gpxtpx:TrackPointExtension>
			<gpxtpx:course>90.807686</gpxtpx:course>
		</gpxtpx:TrackPointExtension>
	</extensions>
</trkpt>
<trkpt lat="50.7115263" lon="13.8265808">
	<ele>776.44</ele>
	<time>2020-07-18T10:00:34.999Z</time>
	<hdop>6.00</hdop>
	<extensions>
		<gpxtpx:TrackPointExtension>
			<gpxtpx:course>79.46456</gpxtpx:course>
		</gpxtpx:TrackPointExtension>
	</extensions>
</trkpt>
<trkpt lat="50.7115103" lon="13.8270798">
	<ele>776.13</ele>
	<time>2020-07-18T10:00:39.999Z</time>
	<hdop>6.00</hdop>
	<extensions>
		<gpxtpx:TrackPointExtension>
			<gpxtpx:course>90.25428</gpxtpx:course>
		</gpxtpx:TrackPointExtension>
	</extensions>
</trkpt>
<trkpt lat="50.7115050" lon="13.8275918">
	<ele>776.18</ele>
	<time>2020-07-18T10:00:44.999Z</time>
	<hdop>8.00</hdop>
	<extensions>
		<gpxtpx:TrackPointExtension>
			<gpxtpx:course>87.09793</gpxtpx:course>
		</gpxtpx:TrackPointExtension>
	</extensions>
</trkpt>
<trkpt lat="50.7114771" lon="13.8281227">
	<ele>776.03</ele>
	<time>2020-07-18T10:00:49.999Z</time>
	<hdop>6.00</hdop>
	<extensions>
		<gpxtpx:TrackPointExtension>
			<gpxtpx:course>79.417694</gpxtpx:course>
		</gpxtpx:TrackPointExtension>
	</extensions>
</trkpt>
<trkpt lat="50.7114875" lon="13.8286387">
	<ele>776.32</ele>
	<time>2020-07-18T10:00:54.999Z</time>
	<hdop>6.00</hdop>
	<extensions>
		<gpxtpx:TrackPointExtension>
			<gpxtpx:course>112.9552</gpxtpx:course>
		</gpxtpx:TrackPointExtension>
	</extensions>
</trkpt>
<trkpt lat="50.7112876" lon="13.8290448">
	<ele>775.74</ele>
	<time>2020-07-18T10:00:59.999Z</time>
	<hdop>6.00</hdop>
	<extensions>
		<gpxtpx:TrackPointExtension>
			<gpxtpx:course>124.95621</gpxtpx:course>
		</gpxtpx:TrackPointExtension>
	</extensions>
</trkpt>
<trkpt lat="50.7110638" lon="13.8295167">
	<ele>775.04</ele>
	<time>2020-07-18T10:01:04.999Z</time>
	<hdop>6.00</hdop>
	<extensions>
		<gpxtpx:TrackPointExtension>
			<gpxtpx:course>125.128494</gpxtpx:course>
		</gpxtpx:TrackPointExtension>
	</extensions>
</trkpt>
<trkpt lat="50.7108325" lon="13.8298996">
	<ele>774.29</ele>
	<time>2020-07-18T10:01:09.999Z</time>
	<hdop>6.00</hdop>
	<extensions>
		<gpxtpx:TrackPointExtension>
			<gpxtpx:course>135.4608</gpxtpx:course>
		</gpxtpx:TrackPointExtension>
	</extensions>
</trkpt>
<trkpt lat="50.7105036" lon="13.8302042">
	<ele>774.52</ele>
	<time>2020-07-18T10:01:14.999Z</time>
	<hdop>6.00</hdop>
	<extensions>
		<gpxtpx:TrackPointExtension>
			<gpxtpx:course>184.07227</gpxtpx:course>
		</gpxtpx:TrackPointExtension>
	</extensions>
</trkpt>
<trkpt lat="50.7102045" lon="13.8299645">
	<ele>775.09</ele>
	<time>2020-07-18T10:01:19.999Z</time>
	<hdop>6.00</hdop>
	<extensions>
		<gpxtpx:TrackPointExtension>
			<gpxtpx:course>211.59686</gpxtpx:course>
		</gpxtpx:TrackPointExtension>
	</extensions>
</trkpt>
<trkpt lat="50.7099126" lon="13.8296444">
	<ele>776.57</ele>
	<time>2020-07-18T10:01:24.999Z</time>
	<hdop>6.00</hdop>
	<extensions>
		<gpxtpx:TrackPointExtension>
			<gpxtpx:course>222.53468</gpxtpx:course>
		</gpxtpx:TrackPointExtension>
	</extensions>
</trkpt>
<trkpt lat="50.7096920" lon="13.8292133">
	<ele>777.84</ele>
	<time>2020-07-18T10:01:29.999Z</time>
	<hdop>6.00</hdop>
	<extensions>
		<gpxtpx:TrackPointExtension>
			<gpxtpx:course>241.05713</gpxtpx:course>
		</gpxtpx:TrackPointExtension>
	</extensions>
</trkpt>
<trkpt lat="50.7095320" lon="13.8287104">
	<ele>778.73</ele>
	<time>2020-07-18T10:01:34.999Z</time>
	<hdop>6.00</hdop>
	<extensions>
		<gpxtpx:TrackPointExtension>
			<gpxtpx:course>236.4276</gpxtpx:course>
		</gpxtpx:TrackPointExtension>
	</extensions>
</trkpt>
<trkpt lat="50.7093726" lon="13.8282400">
	<ele>778.53</ele>
	<time>2020-07-18T10:01:39.999Z</time>
	<hdop>6.00</hdop>
	<extensions>
		<gpxtpx:TrackPointExtension>
			<gpxtpx:course>244.21693</gpxtpx:course>
		</gpxtpx:TrackPointExtension>
	</extensions>
</trkpt>
<trkpt lat="50.7092548" lon="13.8277815">
	<ele>777.77</ele>
	<time>2020-07-18T10:01:44.999Z</time>
	<hdop>6.00</hdop>
	<extensions>
		<gpxtpx:TrackPointExtension>
			<gpxtpx:course>244.58725</gpxtpx:course>
		</gpxtpx:TrackPointExtension>
	</extensions>
</trkpt>
<trkpt lat="50.7090423" lon="13.8273605">
	<ele>774.23</ele>
	<time>2020-07-18T10:01:49.999Z</time>
	<hdop>6.00</hdop>
	<extensions>
		<gpxtpx:TrackPointExtension>
			<gpxtpx:course>208.89975</gpxtpx:course>
		</gpxtpx:TrackPointExtension>
	</extensions>
</trkpt>
<trkpt lat="50.7087380" lon="13.8272047">
	<ele>772.56</ele>
	<time>2020-07-18T10:01:54.999Z</time>
	<hdop>4.00</hdop>
	<extensions>
		<gpxtpx:TrackPointExtension>
			<gpxtpx:course>178.28383</gpxtpx:course>
		</gpxtpx:TrackPointExtension>
	</extensions>
</trkpt>
<trkpt lat="50.7085217" lon="13.8272673">
	<ele>775.50</ele>
	<time>2020-07-18T10:01:59.999Z</time>
	<hdop>6.00</hdop>
	<extensions>
		<gpxtpx:TrackPointExtension>
			<gpxtpx:course>163.3993</gpxtpx:course>
		</gpxtpx:TrackPointExtension>
	</extensions>
</trkpt>
<trkpt lat="50.7083564" lon="13.8274084">
	<ele>781.21</ele>
	<time>2020-07-18T10:02:04.999Z</time>
	<hdop>4.00</hdop>
	<extensions>
		<gpxtpx:TrackPointExtension>
			<gpxtpx:course>140.89706</gpxtpx:course>
		</gpxtpx:TrackPointExtension>
	</extensions>
</trkpt>
<trkpt lat="50.7082302" lon="13.8277455">
	<ele>782.26</ele>
	<time>2020-07-18T10:02:09.999Z</time>
	<hdop>6.00</hdop>
	<extensions>
		<gpxtpx:TrackPointExtension>
			<gpxtpx:course>113.85059</gpxtpx:course>
		</gpxtpx:TrackPointExtension>
	</extensions>
</trkpt>
<trkpt lat="50.7081112" lon="13.8281833">
	<ele>783.09</ele>
	<time>2020-07-18T10:02:14.999Z</time>
	<hdop>6.00</hdop>
	<extensions>
		<gpxtpx:TrackPointExtension>
			<gpxtpx:course>111.270996</gpxtpx:course>
		</gpxtpx:TrackPointExtension>
	</extensions>
</trkpt>
<trkpt lat="50.7080409" lon="13.8286523">
	<ele>783.00</ele>
	<time>2020-07-18T10:02:19.999Z</time>
	<hdop>6.00</hdop>
	<extensions>
		<gpxtpx:TrackPointExtension>
			<gpxtpx:course>107.23025</gpxtpx:course>
		</gpxtpx:TrackPointExtension>
	</extensions>
</trkpt>
<trkpt lat="50.7079686" lon="13.8290193">
	<ele>781.92</ele>
	<time>2020-07-18T10:02:24.999Z</time>
	<hdop>6.00</hdop>
	<extensions>
		<gpxtpx:TrackPointExtension>
			<gpxtpx:course>112.20966</gpxtpx:course>
		</gpxtpx:TrackPointExtension>
	</extensions>
</trkpt>
<trkpt lat="50.7078562" lon="13.8293669">
	<ele>781.56</ele>
	<time>2020-07-18T10:02:29.999Z</time>
	<hdop>6.00</hdop>
	<extensions>
		<gpxtpx:TrackPointExtension>
			<gpxtpx:course>118.20343</gpxtpx:course>
		</gpxtpx:TrackPointExtension>
	</extensions>
</trkpt>
<trkpt lat="50.7077107" lon="13.8297587">
	<ele>781.30</ele>
	<time>2020-07-18T10:02:34.999Z</time>
	<hdop>8.00</hdop>
	<extensions>
		<gpxtpx:TrackPointExtension>
			<gpxtpx:course>122.49917</gpxtpx:course>
		</gpxtpx:TrackPointExtension>
	</extensions>
</trkpt>
<trkpt lat="50.7075704" lon="13.8301804">
	<ele>779.62</ele>
	<time>2020-07-18T10:02:39.999Z</time>
	<hdop>12.00</hdop>
	<extensions>
		<gpxtpx:TrackPointExtension>
			<gpxtpx:course>111.298035</gpxtpx:course>
		</gpxtpx:TrackPointExtension>
	</extensions>
</trkpt>
<trkpt lat="50.7075010" lon="13.8306775">
	<ele>777.62</ele>
	<time>2020-07-18T10:02:44.999Z</time>
	<hdop>6.00</hdop>
	<extensions>
		<gpxtpx:TrackPointExtension>
			<gpxtpx:course>68.83365</gpxtpx:course>
		</gpxtpx:TrackPointExtension>
	</extensions>
</trkpt>
<trkpt lat="50.7076431" lon="13.8311509">
	<ele>776.40</ele>
	<time>2020-07-18T10:02:49.999Z</time>
	<hdop>12.00</hdop>
	<extensions>
		<gpxtpx:TrackPointExtension>
			<gpxtpx:course>65.35159</gpxtpx:course>
		</gpxtpx:TrackPointExtension>
	</extensions>
</trkpt>
<trkpt lat="50.7078009" lon="13.8315942">
	<ele>775.87</ele>
	<time>2020-07-18T10:02:54.999Z</time>
	<hdop>6.00</hdop>
	<extensions>
		<gpxtpx:TrackPointExtension>
			<gpxtpx:course>65.17722</gpxtpx:course>
		</gpxtpx:TrackPointExtension>
	</extensions>
</trkpt>
<trkpt lat="50.7079219" lon="13.8320624">
	<ele>775.58</ele>
	<time>2020-07-18T10:02:59.999Z</time>
	<hdop>6.00</hdop>
	<extensions>
		<gpxtpx:TrackPointExtension>
			<gpxtpx:course>67.93579</gpxtpx:course>
		</gpxtpx:TrackPointExtension>
	</extensions>
</trkpt>
<trkpt lat="50.7079926" lon="13.8325570">
	<ele>774.50</ele>
	<time>2020-07-18T10:03:04.999Z</time>
	<hdop>6.00</hdop>
	<extensions>
		<gpxtpx:TrackPointExtension>
			<gpxtpx:course>82.037865</gpxtpx:course>
		</gpxtpx:TrackPointExtension>
	</extensions>
</trkpt>
<trkpt lat="50.7080425" lon="13.8330202">
	<ele>773.44</ele>
	<time>2020-07-18T10:03:09.999Z</time>
	<hdop>6.00</hdop>
	<extensions>
		<gpxtpx:TrackPointExtension>
			<gpxtpx:course>68.121056</gpxtpx:course>
		</gpxtpx:TrackPointExtension>
	</extensions>
</trkpt>
<trkpt lat="50.7081192" lon="13.8335399">
	<ele>773.21</ele>
	<time>2020-07-18T10:03:14.999Z</time>
	<hdop>8.00</hdop>
	<extensions>
		<gpxtpx:TrackPointExtension>
			<gpxtpx:course>86.36513</gpxtpx:course>
		</gpxtpx:TrackPointExtension>
	</extensions>
</trkpt>
<trkpt lat="50.7081070" lon="13.8340915">
	<ele>773.26</ele>
	<time>2020-07-18T10:03:19.999Z</time>
	<hdop>8.00</hdop>
	<extensions>
		<gpxtpx:TrackPointExtension>
			<gpxtpx:course>96.634056</gpxtpx:course>
		</gpxtpx:TrackPointExtension>
	</extensions>
</trkpt>
<trkpt lat="50.7080395" lon="13.8345923">
	<ele>773.75</ele>
	<time>2020-07-18T10:03:24.999Z</time>
	<hdop>8.00</hdop>
	<extensions>
		<gpxtpx:TrackPointExtension>
			<gpxtpx:course>102.129875</gpxtpx:course>
		</gpxtpx:TrackPointExtension>
	</extensions>
</trkpt>
<trkpt lat="50.7080064" lon="13.8351323">
	<ele>774.12</ele>
	<time>2020-07-18T10:03:29.999Z</time>
	<hdop>8.00</hdop>
	<extensions>
		<gpxtpx:TrackPointExtension>
			<gpxtpx:course>83.94912</gpxtpx:course>
		</gpxtpx:TrackPointExtension>
	</extensions>
</trkpt>
<trkpt lat="50.7080105" lon="13.8356705">
	<ele>774.03</ele>
	<time>2020-07-18T10:03:34.999Z</time>
	<hdop>6.00</hdop>
	<extensions>
		<gpxtpx:TrackPointExtension>
			<gpxtpx:course>91.75304</gpxtpx:course>
		</gpxtpx:TrackPointExtension>
	</extensions>
</trkpt>
<trkpt lat="50.7079937" lon="13.8362076">
	<ele>774.87</ele>
	<time>2020-07-18T10:03:39.999Z</time>
	<hdop>6.00</hdop>
	<extensions>
		<gpxtpx:TrackPointExtension>
			<gpxtpx:course>103.108444</gpxtpx:course>
		</gpxtpx:TrackPointExtension>
	</extensions>
</trkpt>
<trkpt lat="50.7079003" lon="13.8367120">
	<ele>774.12</ele>
	<time>2020-07-18T10:03:44.999Z</time>
	<hdop>6.00</hdop>
	<extensions>
		<gpxtpx:TrackPointExtension>
			<gpxtpx:course>109.79581</gpxtpx:course>
		</gpxtpx:TrackPointExtension>
	</extensions>
</trkpt>
<trkpt lat="50.7077558" lon="13.8371859">
	<ele>773.35</ele>
	<time>2020-07-18T10:03:49.999Z</time>
	<hdop>6.00</hdop>
	<extensions>
		<gpxtpx:TrackPointExtension>
			<gpxtpx:course>110.26099</gpxtpx:course>
		</gpxtpx:TrackPointExtension>
	</extensions>
</trkpt>
<trkpt lat="50.7076107" lon="13.8375893">
	<ele>773.72</ele>
	<time>2020-07-18T10:03:54.999Z</time>
	<hdop>8.00</hdop>
	<extensions>
		<gpxtpx:TrackPointExtension>
			<gpxtpx:course>123.90913</gpxtpx:course>
		</gpxtpx:TrackPointExtension>
	</extensions>
</trkpt>
<trkpt lat="50.7073841" lon="13.8379594">
	<ele>774.25</ele>
	<time>2020-07-18T10:03:59.999Z</time>
	<hdop>6.00</hdop>
	<extensions>
		<gpxtpx:TrackPointExtension>
			<gpxtpx:course>143.91754</gpxtpx:course>
		</gpxtpx:TrackPointExtension>
	</extensions>
</trkpt>
<trkpt lat="50.7071362" lon="13.8382767">
	<ele>774.56</ele>
	<time>2020-07-18T10:04:04.999Z</time>
	<hdop>6.00</hdop>
	<extensions>
		<gpxtpx:TrackPointExtension>
			<gpxtpx:course>137.50565</gpxtpx:course>
		</gpxtpx:TrackPointExtension>
	</extensions>
</trkpt>
<trkpt lat="50.7069502" lon="13.8385924">
	<ele>774.64</ele>
	<time>2020-07-18T10:04:09.999Z</time>
	<hdop>8.00</hdop>
	<extensions>
		<gpxtpx:TrackPointExtension>
			<gpxtpx:course>126.037605</gpxtpx:course>
		</gpxtpx:TrackPointExtension>
	</extensions>
</trkpt>
<trkpt lat="50.7067793" lon="13.8391984">
	<ele>774.28</ele>
	<time>2020-07-18T10:04:14.999Z</time>
	<hdop>8.00</hdop>
	<extensions>
		<gpxtpx:TrackPointExtension>
			<gpxtpx:course>107.7735</gpxtpx:course>
		</gpxtpx:TrackPointExtension>
	</extensions>
</trkpt>
<trkpt lat="50.7066498" lon="13.8397833">
	<ele>775.10</ele>
	<time>2020-07-18T10:04:19.999Z</time>
	<hdop>8.00</hdop>
	<extensions>
		<gpxtpx:TrackPointExtension>
			<gpxtpx:course>116.29569</gpxtpx:course>
		</gpxtpx:TrackPointExtension>
	</extensions>
</trkpt>
<trkpt lat="50.7064798" lon="13.8402343">
	<ele>775.15</ele>
	<time>2020-07-18T10:04:24.999Z</time>
	<hdop>6.00</hdop>
	<extensions>
		<gpxtpx:TrackPointExtension>
			<gpxtpx:course>114.29185</gpxtpx:course>
		</gpxtpx:TrackPointExtension>
	</extensions>
</trkpt>
<trkpt lat="50.7063470" lon="13.8407789">
	<ele>774.30</ele>
	<time>2020-07-18T10:04:29.999Z</time>
	<hdop>6.00</hdop>
	<extensions>
		<gpxtpx:TrackPointExtension>
			<gpxtpx:course>103.97215</gpxtpx:course>
		</gpxtpx:TrackPointExtension>
	</extensions>
</trkpt>
<trkpt lat="50.7061813" lon="13.8412600">
	<ele>773.49</ele>
	<time>2020-07-18T10:04:34.999Z</time>
	<hdop>6.00</hdop>
	<extensions>
		<gpxtpx:TrackPointExtension>
			<gpxtpx:course>120.883255</gpxtpx:course>
		</gpxtpx:TrackPointExtension>
	</extensions>
</trkpt>
<trkpt lat="50.7059377" lon="13.8417098">
	<ele>774.91</ele>
	<time>2020-07-18T10:04:39.999Z</time>
	<hdop>8.00</hdop>
	<extensions>
		<gpxtpx:TrackPointExtension>
			<gpxtpx:course>136.22491</gpxtpx:course>
		</gpxtpx:TrackPointExtension>
	</extensions>
</trkpt>
<trkpt lat="50.7056778" lon="13.8421242">
	<ele>775.76</ele>
	<time>2020-07-18T10:04:44.999Z</time>
	<hdop>8.00</hdop>
	<extensions>
		<gpxtpx:TrackPointExtension>
			<gpxtpx:course>132.20886</gpxtpx:course>
		</gpxtpx:TrackPointExtension>
	</extensions>
</trkpt>
<trkpt lat="50.7054675" lon="13.8425248">
	<ele>776.71</ele>
	<time>2020-07-18T10:04:49.999Z</time>
	<hdop>6.00</hdop>
	<extensions>
		<gpxtpx:TrackPointExtension>
			<gpxtpx:course>112.10582</gpxtpx:course>
		</gpxtpx:TrackPointExtension>
	</extensions>
</trkpt>
<trkpt lat="50.7054002" lon="13.8429344">
	<ele>778.23</ele>
	<time>2020-07-18T10:04:54.999Z</time>
	<hdop>8.00</hdop>
	<extensions>
		<gpxtpx:TrackPointExtension>
			<gpxtpx:course>99.730225</gpxtpx:course>
		</gpxtpx:TrackPointExtension>
	</extensions>
</trkpt>
<trkpt lat="50.7054131" lon="13.8432447">
	<ele>776.01</ele>
	<time>2020-07-18T10:04:59.999Z</time>
	<hdop>8.00</hdop>
	<extensions>
		<gpxtpx:TrackPointExtension>
			<gpxtpx:course>70.84141</gpxtpx:course>
		</gpxtpx:TrackPointExtension>
	</extensions>
</trkpt>
<trkpt lat="50.7056523" lon="13.8433681">
	<ele>773.26</ele>
	<time>2020-07-18T10:05:04.999Z</time>
	<hdop>8.00</hdop>
	<extensions>
		<gpxtpx:TrackPointExtension>
			<gpxtpx:course>11.2851515</gpxtpx:course>
		</gpxtpx:TrackPointExtension>
	</extensions>
</trkpt>
<trkpt lat="50.7059515" lon="13.8434669">
	<ele>771.86</ele>
	<time>2020-07-18T10:05:09.999Z</time>
	<hdop>8.00</hdop>
	<extensions>
		<gpxtpx:TrackPointExtension>
			<gpxtpx:course>25.543175</gpxtpx:course>
		</gpxtpx:TrackPointExtension>
	</extensions>
</trkpt>
<trkpt lat="50.7061132" lon="13.8438249">
	<ele>770.23</ele>
	<time>2020-07-18T10:05:14.999Z</time>
	<hdop>8.00</hdop>
	<extensions>
		<gpxtpx:TrackPointExtension>
			<gpxtpx:course>81.41733</gpxtpx:course>
		</gpxtpx:TrackPointExtension>
	</extensions>
</trkpt>
<trkpt lat="50.7061368" lon="13.8443111">
	<ele>764.52</ele>
	<time>2020-07-18T10:05:19.999Z</time>
	<hdop>4.00</hdop>
	<extensions>
		<gpxtpx:TrackPointExtension>
			<gpxtpx:course>92.9869</gpxtpx:course>
		</gpxtpx:TrackPointExtension>
	</extensions>
</trkpt>
<trkpt lat="50.7061456" lon="13.8447953">
	<ele>762.50</ele>
	<time>2020-07-18T10:05:24.999Z</time>
	<hdop>8.00</hdop>
	<extensions>
		<gpxtpx:TrackPointExtension>
			<gpxtpx:course>95.12199</gpxtpx:course>
		</gpxtpx:TrackPointExtension>
	</extensions>
</trkpt>
<trkpt lat="50.7061833" lon="13.8453229">
	<ele>761.46</ele>
	<time>2020-07-18T10:05:29.999Z</time>
	<hdop>6.00</hdop>
	<extensions>
		<gpxtpx:TrackPointExtension>
			<gpxtpx:course>89.99064</gpxtpx:course>
		</gpxtpx:TrackPointExtension>
	</extensions>
</trkpt>
<trkpt lat="50.7062061" lon="13.8457731">
	<ele>761.60</ele>
	<time>2020-07-18T10:05:34.999Z</time>
	<hdop>6.00</hdop>
	<extensions>
		<gpxtpx:TrackPointExtension>
			<gpxtpx:course>80.62917</gpxtpx:course>
		</gpxtpx:TrackPointExtension>
	</extensions>
</trkpt>
<trkpt lat="50.7062460" lon="13.8462711">
	<ele>762.35</ele>
	<time>2020-07-18T10:05:39.999Z</time>
	<hdop>6.00</hdop>
	<extensions>
		<gpxtpx:TrackPointExtension>
			<gpxtpx:course>82.119736</gpxtpx:course>
		</gpxtpx:TrackPointExtension>
	</extensions>
</trkpt>
<trkpt lat="50.7062780" lon="13.8467631">
	<ele>762.95</ele>
	<time>2020-07-18T10:05:44.999Z</time>
	<hdop>6.00</hdop>
	<extensions>
		<gpxtpx:TrackPointExtension>
			<gpxtpx:course>84.706566</gpxtpx:course>
		</gpxtpx:TrackPointExtension>
	</extensions>
</trkpt>
<trkpt lat="50.7062831" lon="13.8472173">
	<ele>762.66</ele>
	<time>2020-07-18T10:05:49.999Z</time>
	<hdop>6.00</hdop>
	<extensions>
		<gpxtpx:TrackPointExtension>
			<gpxtpx:course>91.31549</gpxtpx:course>
		</gpxtpx:TrackPointExtension>
	</extensions>
</trkpt>
<trkpt lat="50.7062216" lon="13.8476363">
	<ele>763.37</ele>
	<time>2020-07-18T10:05:54.999Z</time>
	<hdop>6.00</hdop>
	<extensions>
		<gpxtpx:TrackPointExtension>
			<gpxtpx:course>102.53075</gpxtpx:course>
		</gpxtpx:TrackPointExtension>
	</extensions>
</trkpt>
<trkpt lat="50.7061444" lon="13.8480599">
	<ele>765.06</ele>
	<time>2020-07-18T10:05:59.999Z</time>
	<hdop>6.00</hdop>
	<extensions>
		<gpxtpx:TrackPointExtension>
			<gpxtpx:course>106.04603</gpxtpx:course>
		</gpxtpx:TrackPointExtension>
	</extensions>
</trkpt>
<trkpt lat="50.7060508" lon="13.8484130">
	<ele>765.31</ele>
	<time>2020-07-18T10:06:04.999Z</time>
	<hdop>6.00</hdop>
	<extensions>
		<gpxtpx:TrackPointExtension>
			<gpxtpx:course>111.9983</gpxtpx:course>
		</gpxtpx:TrackPointExtension>
	</extensions>
</trkpt>
<trkpt lat="50.7059617" lon="13.8489559">
	<ele>764.92</ele>
	<time>2020-07-18T10:06:09.999Z</time>
	<hdop>8.00</hdop>
	<extensions>
		<gpxtpx:TrackPointExtension>
			<gpxtpx:course>98.311485</gpxtpx:course>
		</gpxtpx:TrackPointExtension>
	</extensions>
</trkpt>
<trkpt lat="50.7059597" lon="13.8495306">
	<ele>766.28</ele>
	<time>2020-07-18T10:06:14.999Z</time>
	<hdop>6.00</hdop>
	<extensions>
		<gpxtpx:TrackPointExtension>
			<gpxtpx:course>93.746506</gpxtpx:course>
		</gpxtpx:TrackPointExtension>
	</extensions>
</trkpt>
<trkpt lat="50.7059521" lon="13.8500664">
	<ele>765.74</ele>
	<time>2020-07-18T10:06:19.999Z</time>
	<hdop>6.00</hdop>
	<extensions>
		<gpxtpx:TrackPointExtension>
			<gpxtpx:course>92.494095</gpxtpx:course>
		</gpxtpx:TrackPointExtension>
	</extensions>
</trkpt>
<trkpt lat="50.7059246" lon="13.8506009">
	<ele>764.27</ele>
	<time>2020-07-18T10:06:24.999Z</time>
	<hdop>6.00</hdop>
	<extensions>
		<gpxtpx:TrackPointExtension>
			<gpxtpx:course>86.44842</gpxtpx:course>
		</gpxtpx:TrackPointExtension>
	</extensions>
</trkpt>
<trkpt lat="50.7059342" lon="13.8511237">
	<ele>762.70</ele>
	<time>2020-07-18T10:06:29.999Z</time>
	<hdop>6.00</hdop>
	<extensions>
		<gpxtpx:TrackPointExtension>
			<gpxtpx:course>86.6733</gpxtpx:course>
		</gpxtpx:TrackPointExtension>
	</extensions>
</trkpt>
<trkpt lat="50.7059608" lon="13.8515662">
	<ele>761.57</ele>
	<time>2020-07-18T10:06:34.999Z</time>
	<hdop>6.00</hdop>
	<extensions>
		<gpxtpx:TrackPointExtension>
			<gpxtpx:course>79.896454</gpxtpx:course>
		</gpxtpx:TrackPointExtension>
	</extensions>
</trkpt>
<trkpt lat="50.7060109" lon="13.8518760">
	<ele>760.99</ele>
	<time>2020-07-18T10:06:39.999Z</time>
	<hdop>6.00</hdop>
	<extensions>
		<gpxtpx:TrackPointExtension>
			<gpxtpx:course>80.813866</gpxtpx:course>
		</gpxtpx:TrackPointExtension>
	</extensions>
</trkpt>
<trkpt lat="50.7060493" lon="13.8521416">
	<ele>761.15</ele>
	<time>2020-07-18T10:06:44.999Z</time>
	<hdop>6.00</hdop>
	<extensions>
		<gpxtpx:TrackPointExtension>
			<gpxtpx:course>71.41569</gpxtpx:course>
		</gpxtpx:TrackPointExtension>
	</extensions>
</trkpt>
<trkpt lat="50.7061047" lon="13.8523323">
	<ele>761.23</ele>
	<time>2020-07-18T10:06:49.999Z</time>
	<hdop>6.00</hdop>
	<extensions>
		<gpxtpx:TrackPointExtension>
			<gpxtpx:course>52.802425</gpxtpx:course>
		</gpxtpx:TrackPointExtension>
	</extensions>
</trkpt>
<trkpt lat="50.7062141" lon="13.8525219">
	<ele>761.29</ele>
	<time>2020-07-18T10:06:54.999Z</time>
	<hdop>6.00</hdop>
	<extensions>
		<gpxtpx:TrackPointExtension>
			<gpxtpx:course>49.563614</gpxtpx:course>
		</gpxtpx:TrackPointExtension>
	</extensions>
</trkpt>
<trkpt lat="50.7063055" lon="13.8526616">
	<ele>761.62</ele>
	<time>2020-07-18T10:06:59.999Z</time>
	<hdop>12.00</hdop>
	<extensions>
		<gpxtpx:TrackPointExtension>
			<gpxtpx:course>53.645718</gpxtpx:course>
		</gpxtpx:TrackPointExtension>
	</extensions>
</trkpt>
<trkpt lat="50.7064051" lon="13.8528038">
	<ele>762.34</ele>
	<time>2020-07-18T10:07:04.999Z</time>
	<hdop>12.00</hdop>
	<extensions>
		<gpxtpx:TrackPointExtension>
			<gpxtpx:course>46.787518</gpxtpx:course>
		</gpxtpx:TrackPointExtension>
	</extensions>
</trkpt>
<trkpt lat="50.7064794" lon="13.8529584">
	<ele>763.20</ele>
	<time>2020-07-18T10:07:09.999Z</time>
	<hdop>12.00</hdop>
	<extensions>
		<gpxtpx:TrackPointExtension>
			<gpxtpx:course>59.752686</gpxtpx:course>
		</gpxtpx:TrackPointExtension>
	</extensions>
</trkpt>
<trkpt lat="50.7065738" lon="13.8531449">
	<ele>764.16</ele>
	<time>2020-07-18T10:07:14.999Z</time>
	<hdop>12.00</hdop>
	<extensions>
		<gpxtpx:TrackPointExtension>
			<gpxtpx:course>87.82429</gpxtpx:course>
		</gpxtpx:TrackPointExtension>
	</extensions>
</trkpt>
<trkpt lat="50.7066356" lon="13.8533037">
	<ele>764.59</ele>
	<time>2020-07-18T10:07:19.999Z</time>
	<hdop>12.00</hdop>
	<extensions>
		<gpxtpx:TrackPointExtension>
			<gpxtpx:course>97.59065</gpxtpx:course>
		</gpxtpx:TrackPointExtension>
	</extensions>
</trkpt>
<trkpt lat="50.7066300" lon="13.8534951">
	<ele>763.61</ele>
	<time>2020-07-18T10:07:24.999Z</time>
	<hdop>16.00</hdop>
	<extensions>
		<gpxtpx:TrackPointExtension>
			<gpxtpx:course>77.7894</gpxtpx:course>
		</gpxtpx:TrackPointExtension>
	</extensions>
</trkpt>
<trkpt lat="50.7067236" lon="13.8536260">
	<ele>763.60</ele>
	<time>2020-07-18T10:07:29.999Z</time>
	<hdop>12.00</hdop>
	<extensions>
		<gpxtpx:TrackPointExtension>
			<gpxtpx:course>66.86227</gpxtpx:course>
		</gpxtpx:TrackPointExtension>
	</extensions>
</trkpt>
<trkpt lat="50.7067861" lon="13.8537997">
	<ele>763.55</ele>
	<time>2020-07-18T10:07:34.999Z</time>
	<hdop>12.00</hdop>
	<extensions>
		<gpxtpx:TrackPointExtension>
			<gpxtpx:course>67.03267</gpxtpx:course>
		</gpxtpx:TrackPointExtension>
	</extensions>
</trkpt>
<trkpt lat="50.7068242" lon="13.8539706">
	<ele>763.45</ele>
	<time>2020-07-18T10:07:39.999Z</time>
	<hdop>8.00</hdop>
	<extensions>
		<gpxtpx:TrackPointExtension>
			<gpxtpx:course>71.19482</gpxtpx:course>
		</gpxtpx:TrackPointExtension>
	</extensions>
</trkpt>
<trkpt lat="50.7068570" lon="13.8541489">
	<ele>763.47</ele>
	<time>2020-07-18T10:07:44.999Z</time>
	<hdop>8.00</hdop>
	<extensions>
		<gpxtpx:TrackPointExtension>
			<gpxtpx:course>83.3724</gpxtpx:course>
		</gpxtpx:TrackPointExtension>
	</extensions>
</trkpt>
<trkpt lat="50.7069013" lon="13.8542964">
	<ele>763.65</ele>
	<time>2020-07-18T10:07:50.999Z</time>
	<hdop>8.00</hdop>
	<extensions>
		<gpxtpx:TrackPointExtension>
			<gpxtpx:course>49.28424</gpxtpx:course>
		</gpxtpx:TrackPointExtension>
	</extensions>
</trkpt>
<trkpt lat="50.7069569" lon="13.8544125">
	<ele>763.82</ele>
	<time>2020-07-18T10:07:55.999Z</time>
	<hdop>8.00</hdop>
	<extensions>
		<gpxtpx:TrackPointExtension>
			<gpxtpx:course>54.927338</gpxtpx:course>
		</gpxtpx:TrackPointExtension>
	</extensions>
</trkpt>
<trkpt lat="50.7070173" lon="13.8545275">
	<ele>764.02</ele>
	<time>2020-07-18T10:08:01.999Z</time>
	<hdop>8.00</hdop>
	<extensions>
		<gpxtpx:TrackPointExtension>
			<gpxtpx:course>44.74942</gpxtpx:course>
		</gpxtpx:TrackPointExtension>
	</extensions>
</trkpt>
<trkpt lat="50.7071096" lon="13.8547110">
	<ele>764.35</ele>
	<time>2020-07-18T10:08:06.999Z</time>
	<hdop>8.00</hdop>
	<extensions>
		<gpxtpx:TrackPointExtension>
			<gpxtpx:course>41.26315</gpxtpx:course>
		</gpxtpx:TrackPointExtension>
	</extensions>
</trkpt>
<trkpt lat="50.7071533" lon="13.8549522">
	<ele>765.01</ele>
	<time>2020-07-18T10:08:11.999Z</time>
	<hdop>8.00</hdop>
	<extensions>
		<gpxtpx:TrackPointExtension>
			<gpxtpx:course>105.14393</gpxtpx:course>
		</gpxtpx:TrackPointExtension>
	</extensions>
</trkpt>
<trkpt lat="50.7070777" lon="13.8550496">
	<ele>764.88</ele>
	<time>2020-07-18T10:08:17.999Z</time>
	<hdop>6.00</hdop>
	<extensions>
		<gpxtpx:TrackPointExtension>
			<gpxtpx:course>186.30104</gpxtpx:course>
		</gpxtpx:TrackPointExtension>
	</extensions>
</trkpt>
<trkpt lat="50.7069776" lon="13.8550755">
	<ele>765.21</ele>
	<time>2020-07-18T10:08:22.999Z</time>
	<hdop>6.00</hdop>
	<extensions>
		<gpxtpx:TrackPointExtension>
			<gpxtpx:course>176.30576</gpxtpx:course>
		</gpxtpx:TrackPointExtension>
	</extensions>
</trkpt>
<trkpt lat="50.7068570" lon="13.8551213">
	<ele>765.70</ele>
	<time>2020-07-18T10:08:27.999Z</time>
	<hdop>6.00</hdop>
	<extensions>
		<gpxtpx:TrackPointExtension>
			<gpxtpx:course>150.8409</gpxtpx:course>
		</gpxtpx:TrackPointExtension>
	</extensions>
</trkpt>
<trkpt lat="50.7067463" lon="13.8552529">
	<ele>766.22</ele>
	<time>2020-07-18T10:08:32.999Z</time>
	<hdop>6.00</hdop>
	<extensions>
		<gpxtpx:TrackPointExtension>
			<gpxtpx:course>119.65485</gpxtpx:course>
		</gpxtpx:TrackPointExtension>
	</extensions>
</trkpt>
<trkpt lat="50.7067404" lon="13.8555090">
	<ele>766.74</ele>
	<time>2020-07-18T10:08:37.999Z</time>
	<hdop>6.00</hdop>
	<extensions>
		<gpxtpx:TrackPointExtension>
			<gpxtpx:course>83.328384</gpxtpx:course>
		</gpxtpx:TrackPointExtension>
	</extensions>
</trkpt>
<trkpt lat="50.7067353" lon="13.8557220">
	<ele>767.26</ele>
	<time>2020-07-18T10:08:42.999Z</time>
	<hdop>6.00</hdop>
	<extensions>
		<gpxtpx:TrackPointExtension>
			<gpxtpx:course>82.09271</gpxtpx:course>
		</gpxtpx:TrackPointExtension>
	</extensions>
</trkpt>
<trkpt lat="50.7067359" lon="13.8558862">
	<ele>768.03</ele>
	<time>2020-07-18T10:08:47.999Z</time>
	<hdop>6.00</hdop>
	<extensions>
		<gpxtpx:TrackPointExtension>
			<gpxtpx:course>94.55473</gpxtpx:course>
		</gpxtpx:TrackPointExtension>
	</extensions>
</trkpt>
<trkpt lat="50.7067341" lon="13.8560282">
	<ele>768.96</ele>
	<time>2020-07-18T10:08:52.999Z</time>
	<hdop>6.00</hdop>
	<extensions>
		<gpxtpx:TrackPointExtension>
			<gpxtpx:course>87.496086</gpxtpx:course>
		</gpxtpx:TrackPointExtension>
	</extensions>
</trkpt>
<trkpt lat="50.7067518" lon="13.8561741">
	<ele>769.99</ele>
	<time>2020-07-18T10:09:21.999Z</time>
	<hdop>4.00</hdop>
	<extensions>
		<gpxtpx:TrackPointExtension>
			<gpxtpx:course>106.80172</gpxtpx:course>
		</gpxtpx:TrackPointExtension>
	</extensions>
</trkpt>
<trkpt lat="50.7067134" lon="13.8563177">
	<ele>770.79</ele>
	<time>2020-07-18T10:09:27.999Z</time>
	<hdop>4.00</hdop>
	<extensions>
		<gpxtpx:TrackPointExtension>
			<gpxtpx:course>108.97262</gpxtpx:course>
		</gpxtpx:TrackPointExtension>
	</extensions>
</trkpt>
<trkpt lat="50.7066326" lon="13.8563918">
	<ele>776.81</ele>
	<time>2020-07-18T10:10:28.000Z</time>
	<hdop>4.00</hdop>
	<extensions>
		<gpxtpx:TrackPointExtension>
			<gpxtpx:course>127.42747</gpxtpx:course>
		</gpxtpx:TrackPointExtension>
	</extensions>
</trkpt>
<trkpt lat="50.7067336" lon="13.8563335">
	<ele>777.50</ele>
	<time>2020-07-18T10:10:35.000Z</time>
	<hdop>6.00</hdop>
	<extensions>
		<gpxtpx:TrackPointExtension>
			<gpxtpx:course>356.64993</gpxtpx:course>
		</gpxtpx:TrackPointExtension>
	</extensions>
</trkpt>
<trkpt lat="50.7068148" lon="13.8564362">
	<ele>778.21</ele>
	<time>2020-07-18T10:10:40.000Z</time>
	<hdop>6.00</hdop>
	<extensions>
		<gpxtpx:TrackPointExtension>
			<gpxtpx:course>62.500397</gpxtpx:course>
		</gpxtpx:TrackPointExtension>
	</extensions>
</trkpt>
<trkpt lat="50.7068563" lon="13.8566521">
	<ele>778.92</ele>
	<time>2020-07-18T10:10:45.000Z</time>
	<hdop>6.00</hdop>
	<extensions>
		<gpxtpx:TrackPointExtension>
			<gpxtpx:course>85.806526</gpxtpx:course>
		</gpxtpx:TrackPointExtension>
	</extensions>
</trkpt>
<trkpt lat="50.7068659" lon="13.8568399">
	<ele>779.47</ele>
	<time>2020-07-18T10:10:50.000Z</time>
	<hdop>6.00</hdop>
	<extensions>
		<gpxtpx:TrackPointExtension>
			<gpxtpx:course>88.30816</gpxtpx:course>
		</gpxtpx:TrackPointExtension>
	</extensions>
</trkpt>
<trkpt lat="50.7068884" lon="13.8570440">
	<ele>779.49</ele>
	<time>2020-07-18T10:10:55.000Z</time>
	<hdop>6.00</hdop>
	<extensions>
		<gpxtpx:TrackPointExtension>
			<gpxtpx:course>74.708305</gpxtpx:course>
		</gpxtpx:TrackPointExtension>
	</extensions>
</trkpt>
<trkpt lat="50.7069240" lon="13.8573071">
	<ele>778.53</ele>
	<time>2020-07-18T10:11:00.000Z</time>
	<hdop>6.00</hdop>
	<extensions>
		<gpxtpx:TrackPointExtension>
			<gpxtpx:course>62.262947</gpxtpx:course>
		</gpxtpx:TrackPointExtension>
	</extensions>
</trkpt>
<trkpt lat="50.7069698" lon="13.8574368">
	<ele>782.97</ele>
	<time>2020-07-18T10:11:23.000Z</time>
	<hdop>4.00</hdop>
	<extensions>
		<gpxtpx:TrackPointExtension>
			<gpxtpx:course>86.076164</gpxtpx:course>
		</gpxtpx:TrackPointExtension>
	</extensions>
</trkpt>
<trkpt lat="50.7070172" lon="13.8575784">
	<ele>783.66</ele>
	<time>2020-07-18T10:11:34.000Z</time>
	<hdop>4.00</hdop>
	<extensions>
		<gpxtpx:TrackPointExtension>
			<gpxtpx:course>40.453674</gpxtpx:course>
		</gpxtpx:TrackPointExtension>
	</extensions>
</trkpt>
<trkpt lat="50.7070772" lon="13.8577301">
	<ele>784.24</ele>
	<time>2020-07-18T10:11:55.000Z</time>
	<hdop>6.00</hdop>
	<extensions>
		<gpxtpx:TrackPointExtension>
			<gpxtpx:course>51.991615</gpxtpx:course>
		</gpxtpx:TrackPointExtension>
	</extensions>
</trkpt>
<trkpt lat="50.7072426" lon="13.8581186">
	<ele>781.22</ele>
	<time>2020-07-18T10:12:00.000Z</time>
	<hdop>6.00</hdop>
	<extensions>
		<gpxtpx:TrackPointExtension>
			<gpxtpx:course>61.671165</gpxtpx:course>
		</gpxtpx:TrackPointExtension>
	</extensions>
</trkpt>
<trkpt lat="50.7074720" lon="13.8586994">
	<ele>777.58</ele>
	<time>2020-07-18T10:12:05.000Z</time>
	<hdop>6.00</hdop>
	<extensions>
		<gpxtpx:TrackPointExtension>
			<gpxtpx:course>53.37957</gpxtpx:course>
		</gpxtpx:TrackPointExtension>
	</extensions>
</trkpt>
<trkpt lat="50.7077323" lon="13.8593216">
	<ele>774.67</ele>
	<time>2020-07-18T10:12:10.000Z</time>
	<hdop>6.00</hdop>
	<extensions>
		<gpxtpx:TrackPointExtension>
			<gpxtpx:course>56.916058</gpxtpx:course>
		</gpxtpx:TrackPointExtension>
	</extensions>
</trkpt>
<trkpt lat="50.7079395" lon="13.8598625">
	<ele>773.85</ele>
	<time>2020-07-18T10:12:15.000Z</time>
	<hdop>4.00</hdop>
	<extensions>
		<gpxtpx:TrackPointExtension>
			<gpxtpx:course>56.203136</gpxtpx:course>
		</gpxtpx:TrackPointExtension>
	</extensions>
</trkpt>
<trkpt lat="50.7081892" lon="13.8604816">
	<ele>774.15</ele>
	<time>2020-07-18T10:12:20.000Z</time>
	<hdop>6.00</hdop>
	<extensions>
		<gpxtpx:TrackPointExtension>
			<gpxtpx:course>56.682774</gpxtpx:course>
		</gpxtpx:TrackPointExtension>
	</extensions>
</trkpt>
<trkpt lat="50.7084019" lon="13.8611463">
	<ele>775.40</ele>
	<time>2020-07-18T10:12:25.000Z</time>
	<hdop>6.00</hdop>
	<extensions>
		<gpxtpx:TrackPointExtension>
			<gpxtpx:course>69.3764</gpxtpx:course>
		</gpxtpx:TrackPointExtension>
	</extensions>
</trkpt>
<trkpt lat="50.7086100" lon="13.8617514">
	<ele>779.98</ele>
	<time>2020-07-18T10:12:30.000Z</time>
	<hdop>6.00</hdop>
	<extensions>
		<gpxtpx:TrackPointExtension>
			<gpxtpx:course>58.209297</gpxtpx:course>
		</gpxtpx:TrackPointExtension>
	</extensions>
</trkpt>
<trkpt lat="50.7088078" lon="13.8622277">
	<ele>781.30</ele>
	<time>2020-07-18T10:12:35.000Z</time>
	<hdop>4.00</hdop>
	<extensions>
		<gpxtpx:TrackPointExtension>
			<gpxtpx:course>56.56337</gpxtpx:course>
		</gpxtpx:TrackPointExtension>
	</extensions>
</trkpt>
<trkpt lat="50.7089475" lon="13.8625544">
	<ele>780.86</ele>
	<time>2020-07-18T10:12:40.000Z</time>
	<hdop>6.00</hdop>
	<extensions>
		<gpxtpx:TrackPointExtension>
			<gpxtpx:course>59.3775</gpxtpx:course>
		</gpxtpx:TrackPointExtension>
	</extensions>
</trkpt>
<trkpt lat="50.7090140" lon="13.8627242">
	<ele>780.52</ele>
	<time>2020-07-18T10:12:45.000Z</time>
	<hdop>8.00</hdop>
	<extensions>
		<gpxtpx:TrackPointExtension>
			<gpxtpx:course>91.11828</gpxtpx:course>
		</gpxtpx:TrackPointExtension>
	</extensions>
</trkpt>
<trkpt lat="50.7090557" lon="13.8628842">
	<ele>780.15</ele>
	<time>2020-07-18T10:13:08.000Z</time>
	<hdop>4.00</hdop>
	<extensions>
		<gpxtpx:TrackPointExtension>
			<gpxtpx:course>71.30869</gpxtpx:course>
		</gpxtpx:TrackPointExtension>
	</extensions>
</trkpt>
<trkpt lat="50.7091401" lon="13.8630183">
	<ele>779.82</ele>
	<time>2020-07-18T10:13:13.000Z</time>
	<hdop>4.00</hdop>
	<extensions>
		<gpxtpx:TrackPointExtension>
			<gpxtpx:course>54.39114</gpxtpx:course>
		</gpxtpx:TrackPointExtension>
	</extensions>
</trkpt>
<trkpt lat="50.7092551" lon="13.8633012">
	<ele>778.69</ele>
	<time>2020-07-18T10:13:18.000Z</time>
	<hdop>8.00</hdop>
	<extensions>
		<gpxtpx:TrackPointExtension>
			<gpxtpx:course>59.1004</gpxtpx:course>
		</gpxtpx:TrackPointExtension>
	</extensions>
</trkpt>
<trkpt lat="50.7093173" lon="13.8635137">
	<ele>778.13</ele>
	<time>2020-07-18T10:13:23.000Z</time>
	<hdop>6.00</hdop>
	<extensions>
		<gpxtpx:TrackPointExtension>
			<gpxtpx:course>54.86804</gpxtpx:course>
		</gpxtpx:TrackPointExtension>
	</extensions>
</trkpt>
<trkpt lat="50.7094219" lon="13.8637746">
	<ele>777.09</ele>
	<time>2020-07-18T10:13:28.000Z</time>
	<hdop>6.00</hdop>
	<extensions>
		<gpxtpx:TrackPointExtension>
			<gpxtpx:course>60.515457</gpxtpx:course>
		</gpxtpx:TrackPointExtension>
	</extensions>
</trkpt>
<trkpt lat="50.7096899" lon="13.8641869">
	<ele>774.33</ele>
	<time>2020-07-18T10:13:33.000Z</time>
	<hdop>6.00</hdop>
	<extensions>
		<gpxtpx:TrackPointExtension>
			<gpxtpx:course>40.512047</gpxtpx:course>
		</gpxtpx:TrackPointExtension>
	</extensions>
</trkpt>
<trkpt lat="50.7100033" lon="13.8645684">
	<ele>771.26</ele>
	<time>2020-07-18T10:13:38.000Z</time>
	<hdop>6.00</hdop>
	<extensions>
		<gpxtpx:TrackPointExtension>
			<gpxtpx:course>53.38643</gpxtpx:course>
		</gpxtpx:TrackPointExtension>
	</extensions>
</trkpt>
<trkpt lat="50.7102078" lon="13.8650818">
	<ele>769.72</ele>
	<time>2020-07-18T10:13:43.000Z</time>
	<hdop>6.00</hdop>
	<extensions>
		<gpxtpx:TrackPointExtension>
			<gpxtpx:course>60.884293</gpxtpx:course>
		</gpxtpx:TrackPointExtension>
	</extensions>
</trkpt>
<trkpt lat="50.7104755" lon="13.8655606">
	<ele>770.48</ele>
	<time>2020-07-18T10:13:48.000Z</time>
	<hdop>8.00</hdop>
	<extensions>
		<gpxtpx:TrackPointExtension>
			<gpxtpx:course>34.586933</gpxtpx:course>
		</gpxtpx:TrackPointExtension>
	</extensions>
</trkpt>
<trkpt lat="50.7107573" lon="13.8658138">
	<ele>771.62</ele>
	<time>2020-07-18T10:13:53.000Z</time>
	<hdop>6.00</hdop>
	<extensions>
		<gpxtpx:TrackPointExtension>
			<gpxtpx:course>55.505127</gpxtpx:course>
		</gpxtpx:TrackPointExtension>
	</extensions>
</trkpt>
<trkpt lat="50.7109258" lon="13.8661565">
	<ele>770.14</ele>
	<time>2020-07-18T10:13:58.000Z</time>
	<hdop>6.00</hdop>
	<extensions>
		<gpxtpx:TrackPointExtension>
			<gpxtpx:course>51.86244</gpxtpx:course>
		</gpxtpx:TrackPointExtension>
	</extensions>
</trkpt>
<trkpt lat="50.7110714" lon="13.8664645">
	<ele>768.44</ele>
	<time>2020-07-18T10:14:03.000Z</time>
	<hdop>6.00</hdop>
	<extensions>
		<gpxtpx:TrackPointExtension>
			<gpxtpx:course>54.523594</gpxtpx:course>
		</gpxtpx:TrackPointExtension>
	</extensions>
</trkpt>
<trkpt lat="50.7112254" lon="13.8667834">
	<ele>767.40</ele>
	<time>2020-07-18T10:14:08.000Z</time>
	<hdop>6.00</hdop>
	<extensions>
		<gpxtpx:TrackPointExtension>
			<gpxtpx:course>53.430584</gpxtpx:course>
		</gpxtpx:TrackPointExtension>
	</extensions>
</trkpt>
<trkpt lat="50.7113595" lon="13.8670616">
	<ele>767.02</ele>
	<time>2020-07-18T10:14:13.000Z</time>
	<hdop>6.00</hdop>
	<extensions>
		<gpxtpx:TrackPointExtension>
			<gpxtpx:course>52.241074</gpxtpx:course>
		</gpxtpx:TrackPointExtension>
	</extensions>
</trkpt>
<trkpt lat="50.7114692" lon="13.8672717">
	<ele>766.81</ele>
	<time>2020-07-18T10:14:18.000Z</time>
	<hdop>6.00</hdop>
	<extensions>
		<gpxtpx:TrackPointExtension>
			<gpxtpx:course>48.515804</gpxtpx:course>
		</gpxtpx:TrackPointExtension>
	</extensions>
</trkpt>
<trkpt lat="50.7115814" lon="13.8674739">
	<ele>766.75</ele>
	<time>2020-07-18T10:14:23.000Z</time>
	<hdop>4.00</hdop>
	<extensions>
		<gpxtpx:TrackPointExtension>
			<gpxtpx:course>49.228848</gpxtpx:course>
		</gpxtpx:TrackPointExtension>
	</extensions>
</trkpt>
<trkpt lat="50.7116852" lon="13.8676805">
	<ele>766.62</ele>
	<time>2020-07-18T10:14:28.000Z</time>
	<hdop>4.00</hdop>
	<extensions>
		<gpxtpx:TrackPointExtension>
			<gpxtpx:course>52.26602</gpxtpx:course>
		</gpxtpx:TrackPointExtension>
	</extensions>
</trkpt>
<trkpt lat="50.7117888" lon="13.8679376">
	<ele>766.29</ele>
	<time>2020-07-18T10:14:33.000Z</time>
	<hdop>4.00</hdop>
	<extensions>
		<gpxtpx:TrackPointExtension>
			<gpxtpx:course>57.76761</gpxtpx:course>
		</gpxtpx:TrackPointExtension>
	</extensions>
</trkpt>
<trkpt lat="50.7118617" lon="13.8681724">
	<ele>766.23</ele>
	<time>2020-07-18T10:14:38.000Z</time>
	<hdop>6.00</hdop>
	<extensions>
		<gpxtpx:TrackPointExtension>
			<gpxtpx:course>64.390785</gpxtpx:course>
		</gpxtpx:TrackPointExtension>
	</extensions>
</trkpt>
<trkpt lat="50.7119312" lon="13.8683718">
	<ele>766.16</ele>
	<time>2020-07-18T10:14:43.000Z</time>
	<hdop>6.00</hdop>
	<extensions>
		<gpxtpx:TrackPointExtension>
			<gpxtpx:course>47.141296</gpxtpx:course>
		</gpxtpx:TrackPointExtension>
	</extensions>
</trkpt>
<trkpt lat="50.7120211" lon="13.8685690">
	<ele>766.09</ele>
	<time>2020-07-18T10:14:48.000Z</time>
	<hdop>6.00</hdop>
	<extensions>
		<gpxtpx:TrackPointExtension>
			<gpxtpx:course>57.798428</gpxtpx:course>
		</gpxtpx:TrackPointExtension>
	</extensions>
</trkpt>
<trkpt lat="50.7120960" lon="13.8687603">
	<ele>765.99</ele>
	<time>2020-07-18T10:14:53.000Z</time>
	<hdop>6.00</hdop>
	<extensions>
		<gpxtpx:TrackPointExtension>
			<gpxtpx:course>58.17847</gpxtpx:course>
		</gpxtpx:TrackPointExtension>
	</extensions>
</trkpt>
<trkpt lat="50.7121627" lon="13.8689593">
	<ele>765.99</ele>
	<time>2020-07-18T10:14:58.000Z</time>
	<hdop>6.00</hdop>
	<extensions>
		<gpxtpx:TrackPointExtension>
			<gpxtpx:course>62.60468</gpxtpx:course>
		</gpxtpx:TrackPointExtension>
	</extensions>
</trkpt>
<trkpt lat="50.7122533" lon="13.8691668">
	<ele>766.65</ele>
	<time>2020-07-18T10:15:03.000Z</time>
	<hdop>6.00</hdop>
	<extensions>
		<gpxtpx:TrackPointExtension>
			<gpxtpx:course>57.23677</gpxtpx:course>
		</gpxtpx:TrackPointExtension>
	</extensions>
</trkpt>
<trkpt lat="50.7123396" lon="13.8693614">
	<ele>767.33</ele>
	<time>2020-07-18T10:15:08.000Z</time>
	<hdop>6.00</hdop>
	<extensions>
		<gpxtpx:TrackPointExtension>
			<gpxtpx:course>54.191933</gpxtpx:course>
		</gpxtpx:TrackPointExtension>
	</extensions>
</trkpt>
<trkpt lat="50.7124204" lon="13.8695561">
	<ele>767.46</ele>
	<time>2020-07-18T10:15:13.000Z</time>
	<hdop>6.00</hdop>
	<extensions>
		<gpxtpx:TrackPointExtension>
			<gpxtpx:course>57.30844</gpxtpx:course>
		</gpxtpx:TrackPointExtension>
	</extensions>
</trkpt>
<trkpt lat="50.7124985" lon="13.8697600">
	<ele>766.80</ele>
	<time>2020-07-18T10:15:18.000Z</time>
	<hdop>6.00</hdop>
	<extensions>
		<gpxtpx:TrackPointExtension>
			<gpxtpx:course>64.13064</gpxtpx:course>
		</gpxtpx:TrackPointExtension>
	</extensions>
</trkpt>
<trkpt lat="50.7125735" lon="13.8698567">
	<ele>764.98</ele>
	<time>2020-07-18T10:15:52.000Z</time>
	<hdop>4.00</hdop>
	<extensions>
		<gpxtpx:TrackPointExtension>
			<gpxtpx:course>55.605877</gpxtpx:course>
		</gpxtpx:TrackPointExtension>
	</extensions>
</trkpt>
<trkpt lat="50.7126531" lon="13.8699740">
	<ele>764.78</ele>
	<time>2020-07-18T10:15:57.000Z</time>
	<hdop>4.00</hdop>
	<extensions>
		<gpxtpx:TrackPointExtension>
			<gpxtpx:course>37.115005</gpxtpx:course>
		</gpxtpx:TrackPointExtension>
	</extensions>
</trkpt>
<trkpt lat="50.7127629" lon="13.8701227">
	<ele>765.30</ele>
	<time>2020-07-18T10:16:02.000Z</time>
	<hdop>6.00</hdop>
	<extensions>
		<gpxtpx:TrackPointExtension>
			<gpxtpx:course>48.544106</gpxtpx:course>
		</gpxtpx:TrackPointExtension>
	</extensions>
</trkpt>
<trkpt lat="50.7128496" lon="13.8702863">
	<ele>765.81</ele>
	<time>2020-07-18T10:16:07.000Z</time>
	<hdop>6.00</hdop>
	<extensions>
		<gpxtpx:TrackPointExtension>
			<gpxtpx:course>50.35684</gpxtpx:course>
		</gpxtpx:TrackPointExtension>
	</extensions>
</trkpt>
<trkpt lat="50.7129492" lon="13.8704979">
	<ele>765.99</ele>
	<time>2020-07-18T10:16:12.000Z</time>
	<hdop>6.00</hdop>
	<extensions>
		<gpxtpx:TrackPointExtension>
			<gpxtpx:course>53.648045</gpxtpx:course>
		</gpxtpx:TrackPointExtension>
	</extensions>
</trkpt>
<trkpt lat="50.7130220" lon="13.8706697">
	<ele>765.78</ele>
	<time>2020-07-18T10:16:17.000Z</time>
	<hdop>6.00</hdop>
	<extensions>
		<gpxtpx:TrackPointExtension>
			<gpxtpx:course>57.02753</gpxtpx:course>
		</gpxtpx:TrackPointExtension>
	</extensions>
</trkpt>
<trkpt lat="50.7130931" lon="13.8708294">
	<ele>764.99</ele>
	<time>2020-07-18T10:16:22.000Z</time>
	<hdop>6.00</hdop>
	<extensions>
		<gpxtpx:TrackPointExtension>
			<gpxtpx:course>53.895927</gpxtpx:course>
		</gpxtpx:TrackPointExtension>
	</extensions>
</trkpt>
<trkpt lat="50.7131694" lon="13.8709990">
	<ele>764.01</ele>
	<time>2020-07-18T10:16:27.000Z</time>
	<hdop>6.00</hdop>
	<extensions>
		<gpxtpx:TrackPointExtension>
			<gpxtpx:course>58.83154</gpxtpx:course>
		</gpxtpx:TrackPointExtension>
	</extensions>
</trkpt>
<trkpt lat="50.7132391" lon="13.8711495">
	<ele>763.33</ele>
	<time>2020-07-18T10:16:32.000Z</time>
	<hdop>6.00</hdop>
	<extensions>
		<gpxtpx:TrackPointExtension>
			<gpxtpx:course>54.31143</gpxtpx:course>
		</gpxtpx:TrackPointExtension>
	</extensions>
</trkpt>
<trkpt lat="50.7133302" lon="13.8713573">
	<ele>762.99</ele>
	<time>2020-07-18T10:16:37.000Z</time>
	<hdop>6.00</hdop>
	<extensions>
		<gpxtpx:TrackPointExtension>
			<gpxtpx:course>52.949097</gpxtpx:course>
		</gpxtpx:TrackPointExtension>
	</extensions>
</trkpt>
<trkpt lat="50.7134365" lon="13.8715852">
	<ele>762.68</ele>
	<time>2020-07-18T10:16:42.000Z</time>
	<hdop>6.00</hdop>
	<extensions>
		<gpxtpx:TrackPointExtension>
			<gpxtpx:course>47.8891</gpxtpx:course>
		</gpxtpx:TrackPointExtension>
	</extensions>
</trkpt>
<trkpt lat="50.7135569" lon="13.8718313">
	<ele>762.00</ele>
	<time>2020-07-18T10:16:47.000Z</time>
	<hdop>6.00</hdop>
	<extensions>
		<gpxtpx:TrackPointExtension>
			<gpxtpx:course>54.001087</gpxtpx:course>
		</gpxtpx:TrackPointExtension>
	</extensions>
</trkpt>
<trkpt lat="50.7136661" lon="13.8720560">
	<ele>761.83</ele>
	<time>2020-07-18T10:16:52.000Z</time>
	<hdop>6.00</hdop>
	<extensions>
		<gpxtpx:TrackPointExtension>
			<gpxtpx:course>50.066467</gpxtpx:course>
		</gpxtpx:TrackPointExtension>
	</extensions>
</trkpt>
<trkpt lat="50.7137720" lon="13.8722588">
	<ele>761.76</ele>
	<time>2020-07-18T10:16:57.000Z</time>
	<hdop>6.00</hdop>
	<extensions>
		<gpxtpx:TrackPointExtension>
			<gpxtpx:course>48.167824</gpxtpx:course>
		</gpxtpx:TrackPointExtension>
	</extensions>
</trkpt>
<trkpt lat="50.7138925" lon="13.8724872">
	<ele>762.11</ele>
	<time>2020-07-18T10:17:02.000Z</time>
	<hdop>6.00</hdop>
	<extensions>
		<gpxtpx:TrackPointExtension>
			<gpxtpx:course>53.460632</gpxtpx:course>
		</gpxtpx:TrackPointExtension>
	</extensions>
</trkpt>
<trkpt lat="50.7140041" lon="13.8727222">
	<ele>762.33</ele>
	<time>2020-07-18T10:17:07.000Z</time>
	<hdop>6.00</hdop>
	<extensions>
		<gpxtpx:TrackPointExtension>
			<gpxtpx:course>53.430344</gpxtpx:course>
		</gpxtpx:TrackPointExtension>
	</extensions>
</trkpt>
<trkpt lat="50.7140942" lon="13.8729353">
	<ele>761.87</ele>
	<time>2020-07-18T10:17:12.000Z</time>
	<hdop>6.00</hdop>
	<extensions>
		<gpxtpx:TrackPointExtension>
			<gpxtpx:course>56.18224</gpxtpx:course>
		</gpxtpx:TrackPointExtension>
	</extensions>
</trkpt>
<trkpt lat="50.7141921" lon="13.8731849">
	<ele>761.34</ele>
	<time>2020-07-18T10:17:17.000Z</time>
	<hdop>6.00</hdop>
	<extensions>
		<gpxtpx:TrackPointExtension>
			<gpxtpx:course>55.859493</gpxtpx:course>
		</gpxtpx:TrackPointExtension>
	</extensions>
</trkpt>
<trkpt lat="50.7142834" lon="13.8734121">
	<ele>760.86</ele>
	<time>2020-07-18T10:17:22.000Z</time>
	<hdop>6.00</hdop>
	<extensions>
		<gpxtpx:TrackPointExtension>
			<gpxtpx:course>55.25557</gpxtpx:course>
		</gpxtpx:TrackPointExtension>
	</extensions>
</trkpt>
<trkpt lat="50.7143630" lon="13.8736170">
	<ele>760.67</ele>
	<time>2020-07-18T10:17:27.000Z</time>
	<hdop>6.00</hdop>
	<extensions>
		<gpxtpx:TrackPointExtension>
			<gpxtpx:course>62.417656</gpxtpx:course>
		</gpxtpx:TrackPointExtension>
	</extensions>
</trkpt>
<trkpt lat="50.7144352" lon="13.8738577">
	<ele>760.60</ele>
	<time>2020-07-18T10:17:32.000Z</time>
	<hdop>6.00</hdop>
	<extensions>
		<gpxtpx:TrackPointExtension>
			<gpxtpx:course>79.73599</gpxtpx:course>
		</gpxtpx:TrackPointExtension>
	</extensions>
</trkpt>
<trkpt lat="50.7144390" lon="13.8741053">
	<ele>760.52</ele>
	<time>2020-07-18T10:17:37.000Z</time>
	<hdop>6.00</hdop>
	<extensions>
		<gpxtpx:TrackPointExtension>
			<gpxtpx:course>75.781494</gpxtpx:course>
		</gpxtpx:TrackPointExtension>
	</extensions>
</trkpt>
<trkpt lat="50.7144859" lon="13.8743788">
	<ele>760.44</ele>
	<time>2020-07-18T10:17:42.000Z</time>
	<hdop>6.00</hdop>
	<extensions>
		<gpxtpx:TrackPointExtension>
			<gpxtpx:course>66.47191</gpxtpx:course>
		</gpxtpx:TrackPointExtension>
	</extensions>
</trkpt>
<trkpt lat="50.7145891" lon="13.8746635">
	<ele>759.84</ele>
	<time>2020-07-18T10:17:47.000Z</time>
	<hdop>6.00</hdop>
	<extensions>
		<gpxtpx:TrackPointExtension>
			<gpxtpx:course>61.81458</gpxtpx:course>
		</gpxtpx:TrackPointExtension>
	</extensions>
</trkpt>
<trkpt lat="50.7146974" lon="13.8749421">
	<ele>759.36</ele>
	<time>2020-07-18T10:17:52.000Z</time>
	<hdop>6.00</hdop>
	<extensions>
		<gpxtpx:TrackPointExtension>
			<gpxtpx:course>58.844784</gpxtpx:course>
		</gpxtpx:TrackPointExtension>
	</extensions>
</trkpt>
<trkpt lat="50.7148208" lon="13.8752337">
	<ele>759.09</ele>
	<time>2020-07-18T10:17:57.000Z</time>
	<hdop>6.00</hdop>
	<extensions>
		<gpxtpx:TrackPointExtension>
			<gpxtpx:course>65.045876</gpxtpx:course>
		</gpxtpx:TrackPointExtension>
	</extensions>
</trkpt>
<trkpt lat="50.7149618" lon="13.8755329">
	<ele>758.88</ele>
	<time>2020-07-18T10:18:02.000Z</time>
	<hdop>6.00</hdop>
	<extensions>
		<gpxtpx:TrackPointExtension>
			<gpxtpx:course>52.747112</gpxtpx:course>
		</gpxtpx:TrackPointExtension>
	</extensions>
</trkpt>
<trkpt lat="50.7151153" lon="13.8758214">
	<ele>758.66</ele>
	<time>2020-07-18T10:18:07.000Z</time>
	<hdop>6.00</hdop>
	<extensions>
		<gpxtpx:TrackPointExtension>
			<gpxtpx:course>46.68874</gpxtpx:course>
		</gpxtpx:TrackPointExtension>
	</extensions>
</trkpt>
<trkpt lat="50.7152947" lon="13.8760460">
	<ele>758.50</ele>
	<time>2020-07-18T10:18:12.000Z</time>
	<hdop>6.00</hdop>
	<extensions>
		<gpxtpx:TrackPointExtension>
			<gpxtpx:course>37.63027</gpxtpx:course>
		</gpxtpx:TrackPointExtension>
	</extensions>
</trkpt>
<trkpt lat="50.7155292" lon="13.8762655">
	<ele>758.34</ele>
	<time>2020-07-18T10:18:17.000Z</time>
	<hdop>8.00</hdop>
	<extensions>
		<gpxtpx:TrackPointExtension>
			<gpxtpx:course>33.843075</gpxtpx:course>
		</gpxtpx:TrackPointExtension>
	</extensions>
</trkpt>
<trkpt lat="50.7157686" lon="13.8764578">
	<ele>758.16</ele>
	<time>2020-07-18T10:18:22.000Z</time>
	<hdop>8.00</hdop>
	<extensions>
		<gpxtpx:TrackPointExtension>
			<gpxtpx:course>33.201828</gpxtpx:course>
		</gpxtpx:TrackPointExtension>
	</extensions>
</trkpt>
<trkpt lat="50.7159966" lon="13.8766234">
	<ele>757.93</ele>
	<time>2020-07-18T10:18:27.000Z</time>
	<hdop>6.00</hdop>
	<extensions>
		<gpxtpx:TrackPointExtension>
			<gpxtpx:course>33.289413</gpxtpx:course>
		</gpxtpx:TrackPointExtension>
	</extensions>
</trkpt>
<trkpt lat="50.7162055" lon="13.8768139">
	<ele>757.83</ele>
	<time>2020-07-18T10:18:32.000Z</time>
	<hdop>6.00</hdop>
	<extensions>
		<gpxtpx:TrackPointExtension>
			<gpxtpx:course>40.829956</gpxtpx:course>
		</gpxtpx:TrackPointExtension>
	</extensions>
</trkpt>
<trkpt lat="50.7163724" lon="13.8770298">
	<ele>758.15</ele>
	<time>2020-07-18T10:18:37.000Z</time>
	<hdop>6.00</hdop>
	<extensions>
		<gpxtpx:TrackPointExtension>
			<gpxtpx:course>41.952145</gpxtpx:course>
		</gpxtpx:TrackPointExtension>
	</extensions>
</trkpt>
<trkpt lat="50.7165548" lon="13.8772208">
	<ele>758.24</ele>
	<time>2020-07-18T10:18:42.000Z</time>
	<hdop>6.00</hdop>
	<extensions>
		<gpxtpx:TrackPointExtension>
			<gpxtpx:course>18.3232</gpxtpx:course>
		</gpxtpx:TrackPointExtension>
	</extensions>
</trkpt>
<trkpt lat="50.7167634" lon="13.8773353">
	<ele>758.15</ele>
	<time>2020-07-18T10:18:47.000Z</time>
	<hdop>6.00</hdop>
	<extensions>
		<gpxtpx:TrackPointExtension>
			<gpxtpx:course>21.198292</gpxtpx:course>
		</gpxtpx:TrackPointExtension>
	</extensions>
</trkpt>
<trkpt lat="50.7169671" lon="13.8774310">
	<ele>758.33</ele>
	<time>2020-07-18T10:18:52.000Z</time>
	<hdop>6.00</hdop>
	<extensions>
		<gpxtpx:TrackPointExtension>
			<gpxtpx:course>18.843456</gpxtpx:course>
		</gpxtpx:TrackPointExtension>
	</extensions>
</trkpt>
<trkpt lat="50.7171738" lon="13.8775334">
	<ele>758.73</ele>
	<time>2020-07-18T10:18:57.000Z</time>
	<hdop>6.00</hdop>
	<extensions>
		<gpxtpx:TrackPointExtension>
			<gpxtpx:course>13.1432705</gpxtpx:course>
		</gpxtpx:TrackPointExtension>
	</extensions>
</trkpt>
<trkpt lat="50.7173641" lon="13.8776184">
	<ele>759.05</ele>
	<time>2020-07-18T10:19:02.000Z</time>
	<hdop>6.00</hdop>
	<extensions>
		<gpxtpx:TrackPointExtension>
			<gpxtpx:course>18.316074</gpxtpx:course>
		</gpxtpx:TrackPointExtension>
	</extensions>
</trkpt>
<trkpt lat="50.7175512" lon="13.8777050">
	<ele>759.19</ele>
	<time>2020-07-18T10:19:07.000Z</time>
	<hdop>6.00</hdop>
	<extensions>
		<gpxtpx:TrackPointExtension>
			<gpxtpx:course>14.982606</gpxtpx:course>
		</gpxtpx:TrackPointExtension>
	</extensions>
</trkpt>
<trkpt lat="50.7177246" lon="13.8777811">
	<ele>759.12</ele>
	<time>2020-07-18T10:19:12.000Z</time>
	<hdop>6.00</hdop>
	<extensions>
		<gpxtpx:TrackPointExtension>
			<gpxtpx:course>16.650309</gpxtpx:course>
		</gpxtpx:TrackPointExtension>
	</extensions>
</trkpt>
<trkpt lat="50.7179138" lon="13.8778470">
	<ele>759.23</ele>
	<time>2020-07-18T10:19:17.000Z</time>
	<hdop>6.00</hdop>
	<extensions>
		<gpxtpx:TrackPointExtension>
			<gpxtpx:course>13.227474</gpxtpx:course>
		</gpxtpx:TrackPointExtension>
	</extensions>
</trkpt>
<trkpt lat="50.7180956" lon="13.8778988">
	<ele>759.08</ele>
	<time>2020-07-18T10:19:22.000Z</time>
	<hdop>6.00</hdop>
	<extensions>
		<gpxtpx:TrackPointExtension>
			<gpxtpx:course>20.819292</gpxtpx:course>
		</gpxtpx:TrackPointExtension>
	</extensions>
</trkpt>
<trkpt lat="50.7182678" lon="13.8779591">
	<ele>758.65</ele>
	<time>2020-07-18T10:19:27.000Z</time>
	<hdop>8.00</hdop>
	<extensions>
		<gpxtpx:TrackPointExtension>
			<gpxtpx:course>18.258362</gpxtpx:course>
		</gpxtpx:TrackPointExtension>
	</extensions>
</trkpt>
<trkpt lat="50.7184390" lon="13.8780443">
	<ele>758.02</ele>
	<time>2020-07-18T10:19:32.000Z</time>
	<hdop>6.00</hdop>
	<extensions>
		<gpxtpx:TrackPointExtension>
			<gpxtpx:course>18.382196</gpxtpx:course>
		</gpxtpx:TrackPointExtension>
	</extensions>
</trkpt>
<trkpt lat="50.7185754" lon="13.8781175">
	<ele>757.49</ele>
	<time>2020-07-18T10:19:37.000Z</time>
	<hdop>6.00</hdop>
	<extensions>
		<gpxtpx:TrackPointExtension>
			<gpxtpx:course>18.613928</gpxtpx:course>
		</gpxtpx:TrackPointExtension>
	</extensions>
</trkpt>
<trkpt lat="50.7187229" lon="13.8782052">
	<ele>757.33</ele>
	<time>2020-07-18T10:19:42.000Z</time>
	<hdop>6.00</hdop>
	<extensions>
		<gpxtpx:TrackPointExtension>
			<gpxtpx:course>23.14428</gpxtpx:course>
		</gpxtpx:TrackPointExtension>
	</extensions>
</trkpt>
<trkpt lat="50.7188294" lon="13.8782331">
	<ele>757.35</ele>
	<time>2020-07-18T10:19:47.000Z</time>
	<hdop>4.00</hdop>
	<extensions>
		<gpxtpx:TrackPointExtension>
			<gpxtpx:course>16.700445</gpxtpx:course>
		</gpxtpx:TrackPointExtension>
	</extensions>
</trkpt>
<trkpt lat="50.7189394" lon="13.8783101">
	<ele>757.37</ele>
	<time>2020-07-18T10:19:52.000Z</time>
	<hdop>4.00</hdop>
	<extensions>
		<gpxtpx:TrackPointExtension>
			<gpxtpx:course>17.368916</gpxtpx:course>
		</gpxtpx:TrackPointExtension>
	</extensions>
</trkpt>
<trkpt lat="50.7190359" lon="13.8783423">
	<ele>757.39</ele>
	<time>2020-07-18T10:19:57.000Z</time>
	<hdop>6.00</hdop>
	<extensions>
		<gpxtpx:TrackPointExtension>
			<gpxtpx:course>13.314088</gpxtpx:course>
		</gpxtpx:TrackPointExtension>
	</extensions>
</trkpt>
<trkpt lat="50.7191601" lon="13.8783961">
	<ele>757.41</ele>
	<time>2020-07-18T10:20:02.000Z</time>
	<hdop>6.00</hdop>
	<extensions>
		<gpxtpx:TrackPointExtension>
			<gpxtpx:course>15.933698</gpxtpx:course>
		</gpxtpx:TrackPointExtension>
	</extensions>
</trkpt>
<trkpt lat="50.7193096" lon="13.8784614">
	<ele>757.44</ele>
	<time>2020-07-18T10:20:07.000Z</time>
	<hdop>6.00</hdop>
	<extensions>
		<gpxtpx:TrackPointExtension>
			<gpxtpx:course>15.753092</gpxtpx:course>
		</gpxtpx:TrackPointExtension>
	</extensions>
</trkpt>
<trkpt lat="50.7194722" lon="13.8785358">
	<ele>757.47</ele>
	<time>2020-07-18T10:20:12.000Z</time>
	<hdop>6.00</hdop>
	<extensions>
		<gpxtpx:TrackPointExtension>
			<gpxtpx:course>23.765547</gpxtpx:course>
		</gpxtpx:TrackPointExtension>
	</extensions>
</trkpt>
<trkpt lat="50.7196413" lon="13.8786067">
	<ele>757.55</ele>
	<time>2020-07-18T10:20:17.000Z</time>
	<hdop>6.00</hdop>
	<extensions>
		<gpxtpx:TrackPointExtension>
			<gpxtpx:course>16.854422</gpxtpx:course>
		</gpxtpx:TrackPointExtension>
	</extensions>
</trkpt>
<trkpt lat="50.7198202" lon="13.8786798">
	<ele>757.66</ele>
	<time>2020-07-18T10:20:22.000Z</time>
	<hdop>6.00</hdop>
	<extensions>
		<gpxtpx:TrackPointExtension>
			<gpxtpx:course>9.04442</gpxtpx:course>
		</gpxtpx:TrackPointExtension>
	</extensions>
</trkpt>
<trkpt lat="50.7200267" lon="13.8787478">
	<ele>758.00</ele>
	<time>2020-07-18T10:20:27.000Z</time>
	<hdop>8.00</hdop>
	<extensions>
		<gpxtpx:TrackPointExtension>
			<gpxtpx:course>11.164578</gpxtpx:course>
		</gpxtpx:TrackPointExtension>
	</extensions>
</trkpt>
<trkpt lat="50.7202293" lon="13.8788141">
	<ele>758.27</ele>
	<time>2020-07-18T10:20:32.000Z</time>
	<hdop>8.00</hdop>
	<extensions>
		<gpxtpx:TrackPointExtension>
			<gpxtpx:course>15.796203</gpxtpx:course>
		</gpxtpx:TrackPointExtension>
	</extensions>
</trkpt>
<trkpt lat="50.7204800" lon="13.8789000">
	<ele>758.41</ele>
	<time>2020-07-18T10:20:37.000Z</time>
	<hdop>8.00</hdop>
	<extensions>
		<gpxtpx:TrackPointExtension>
			<gpxtpx:course>13.713472</gpxtpx:course>
		</gpxtpx:TrackPointExtension>
	</extensions>
</trkpt>
<trkpt lat="50.7207614" lon="13.8790034">
	<ele>757.13</ele>
	<time>2020-07-18T10:20:42.000Z</time>
	<hdop>8.00</hdop>
	<extensions>
		<gpxtpx:TrackPointExtension>
			<gpxtpx:course>10.927438</gpxtpx:course>
		</gpxtpx:TrackPointExtension>
	</extensions>
</trkpt>
<trkpt lat="50.7210141" lon="13.8790863">
	<ele>756.21</ele>
	<time>2020-07-18T10:20:47.000Z</time>
	<hdop>8.00</hdop>
	<extensions>
		<gpxtpx:TrackPointExtension>
			<gpxtpx:course>10.486771</gpxtpx:course>
		</gpxtpx:TrackPointExtension>
	</extensions>
</trkpt>
<trkpt lat="50.7213074" lon="13.8792116">
	<ele>756.47</ele>
	<time>2020-07-18T10:20:52.000Z</time>
	<hdop>8.00</hdop>
	<extensions>
		<gpxtpx:TrackPointExtension>
			<gpxtpx:course>10.894869</gpxtpx:course>
		</gpxtpx:TrackPointExtension>
	</extensions>
</trkpt>
<trkpt lat="50.7215606" lon="13.8793464">
	<ele>756.75</ele>
	<time>2020-07-18T10:20:57.000Z</time>
	<hdop>8.00</hdop>
	<extensions>
		<gpxtpx:TrackPointExtension>
			<gpxtpx:course>10.8431225</gpxtpx:course>
		</gpxtpx:TrackPointExtension>
	</extensions>
</trkpt>
<trkpt lat="50.7217664" lon="13.8794297">
	<ele>757.53</ele>
	<time>2020-07-18T10:21:02.000Z</time>
	<hdop>6.00</hdop>
	<extensions>
		<gpxtpx:TrackPointExtension>
			<gpxtpx:course>16.180954</gpxtpx:course>
		</gpxtpx:TrackPointExtension>
	</extensions>
</trkpt>
<trkpt lat="50.7220844" lon="13.8795653">
	<ele>756.58</ele>
	<time>2020-07-18T10:21:07.000Z</time>
	<hdop>4.00</hdop>
	<extensions>
		<gpxtpx:TrackPointExtension>
			<gpxtpx:course>28.181225</gpxtpx:course>
		</gpxtpx:TrackPointExtension>
	</extensions>
</trkpt>
<trkpt lat="50.7223123" lon="13.8797406">
	<ele>756.88</ele>
	<time>2020-07-18T10:21:12.000Z</time>
	<hdop>6.00</hdop>
	<extensions>
		<gpxtpx:TrackPointExtension>
			<gpxtpx:course>24.534325</gpxtpx:course>
		</gpxtpx:TrackPointExtension>
	</extensions>
</trkpt>
<trkpt lat="50.7224997" lon="13.8800237">
	<ele>760.02</ele>
	<time>2020-07-18T10:21:17.000Z</time>
	<hdop>8.00</hdop>
	<extensions>
		<gpxtpx:TrackPointExtension>
			<gpxtpx:course>91.88363</gpxtpx:course>
		</gpxtpx:TrackPointExtension>
	</extensions>
</trkpt>
<trkpt lat="50.7224773" lon="13.8804156">
	<ele>763.88</ele>
	<time>2020-07-18T10:21:22.000Z</time>
	<hdop>12.00</hdop>
	<extensions>
		<gpxtpx:TrackPointExtension>
			<gpxtpx:course>94.56289</gpxtpx:course>
		</gpxtpx:TrackPointExtension>
	</extensions>
</trkpt>
<trkpt lat="50.7224407" lon="13.8808338">
	<ele>764.17</ele>
	<time>2020-07-18T10:21:27.000Z</time>
	<hdop>6.00</hdop>
	<extensions>
		<gpxtpx:TrackPointExtension>
			<gpxtpx:course>83.3954</gpxtpx:course>
		</gpxtpx:TrackPointExtension>
	</extensions>
</trkpt>
<trkpt lat="50.7225665" lon="13.8811845">
	<ele>763.89</ele>
	<time>2020-07-18T10:21:32.000Z</time>
	<hdop>6.00</hdop>
	<extensions>
		<gpxtpx:TrackPointExtension>
			<gpxtpx:course>37.53134</gpxtpx:course>
		</gpxtpx:TrackPointExtension>
	</extensions>
</trkpt>
<trkpt lat="50.7227959" lon="13.8814565">
	<ele>763.65</ele>
	<time>2020-07-18T10:21:37.000Z</time>
	<hdop>6.00</hdop>
	<extensions>
		<gpxtpx:TrackPointExtension>
			<gpxtpx:course>42.167458</gpxtpx:course>
		</gpxtpx:TrackPointExtension>
	</extensions>
</trkpt>
<trkpt lat="50.7230303" lon="13.8817739">
	<ele>763.47</ele>
	<time>2020-07-18T10:21:42.000Z</time>
	<hdop>6.00</hdop>
	<extensions>
		<gpxtpx:TrackPointExtension>
			<gpxtpx:course>45.714966</gpxtpx:course>
		</gpxtpx:TrackPointExtension>
	</extensions>
</trkpt>
<trkpt lat="50.7232046" lon="13.8820921">
	<ele>763.31</ele>
	<time>2020-07-18T10:21:47.000Z</time>
	<hdop>6.00</hdop>
	<extensions>
		<gpxtpx:TrackPointExtension>
			<gpxtpx:course>52.213852</gpxtpx:course>
		</gpxtpx:TrackPointExtension>
	</extensions>
</trkpt>
<trkpt lat="50.7233626" lon="13.8823844">
	<ele>763.11</ele>
	<time>2020-07-18T10:21:52.000Z</time>
	<hdop>4.00</hdop>
	<extensions>
		<gpxtpx:TrackPointExtension>
			<gpxtpx:course>49.60155</gpxtpx:course>
		</gpxtpx:TrackPointExtension>
	</extensions>
</trkpt>
<trkpt lat="50.7234769" lon="13.8826305">
	<ele>762.96</ele>
	<time>2020-07-18T10:21:57.000Z</time>
	<hdop>4.00</hdop>
	<extensions>
		<gpxtpx:TrackPointExtension>
			<gpxtpx:course>55.821648</gpxtpx:course>
		</gpxtpx:TrackPointExtension>
	</extensions>
</trkpt>
<trkpt lat="50.7235417" lon="13.8828756">
	<ele>763.56</ele>
	<time>2020-07-18T10:22:02.000Z</time>
	<hdop>6.00</hdop>
	<extensions>
		<gpxtpx:TrackPointExtension>
			<gpxtpx:course>62.292</gpxtpx:course>
		</gpxtpx:TrackPointExtension>
	</extensions>
</trkpt>
<trkpt lat="50.7235870" lon="13.8830937">
	<ele>764.33</ele>
	<time>2020-07-18T10:22:07.000Z</time>
	<hdop>6.00</hdop>
	<extensions>
		<gpxtpx:TrackPointExtension>
			<gpxtpx:course>68.42116</gpxtpx:course>
		</gpxtpx:TrackPointExtension>
	</extensions>
</trkpt>
<trkpt lat="50.7236475" lon="13.8833548">
	<ele>764.22</ele>
	<time>2020-07-18T10:22:12.000Z</time>
	<hdop>4.00</hdop>
	<extensions>
		<gpxtpx:TrackPointExtension>
			<gpxtpx:course>58.515305</gpxtpx:course>
		</gpxtpx:TrackPointExtension>
	</extensions>
</trkpt>
<trkpt lat="50.7237254" lon="13.8835692">
	<ele>763.01</ele>
	<time>2020-07-18T10:22:17.000Z</time>
	<hdop>4.00</hdop>
	<extensions>
		<gpxtpx:TrackPointExtension>
			<gpxtpx:course>59.37375</gpxtpx:course>
		</gpxtpx:TrackPointExtension>
	</extensions>
</trkpt>
<trkpt lat="50.7237962" lon="13.8837696">
	<ele>762.28</ele>
	<time>2020-07-18T10:22:22.000Z</time>
	<hdop>4.00</hdop>
	<extensions>
		<gpxtpx:TrackPointExtension>
			<gpxtpx:course>58.619457</gpxtpx:course>
		</gpxtpx:TrackPointExtension>
	</extensions>
</trkpt>
<trkpt lat="50.7238696" lon="13.8839745">
	<ele>762.11</ele>
	<time>2020-07-18T10:22:27.000Z</time>
	<hdop>4.00</hdop>
	<extensions>
		<gpxtpx:TrackPointExtension>
			<gpxtpx:course>55.209473</gpxtpx:course>
		</gpxtpx:TrackPointExtension>
	</extensions>
</trkpt>
<trkpt lat="50.7239489" lon="13.8841766">
	<ele>762.05</ele>
	<time>2020-07-18T10:22:32.000Z</time>
	<hdop>6.00</hdop>
	<extensions>
		<gpxtpx:TrackPointExtension>
			<gpxtpx:course>56.807293</gpxtpx:course>
		</gpxtpx:TrackPointExtension>
	</extensions>
</trkpt>
<trkpt lat="50.7240198" lon="13.8843881">
	<ele>762.00</ele>
	<time>2020-07-18T10:22:37.000Z</time>
	<hdop>6.00</hdop>
	<extensions>
		<gpxtpx:TrackPointExtension>
			<gpxtpx:course>66.697914</gpxtpx:course>
		</gpxtpx:TrackPointExtension>
	</extensions>
</trkpt>
<trkpt lat="50.7240870" lon="13.8846169">
	<ele>761.95</ele>
	<time>2020-07-18T10:22:42.000Z</time>
	<hdop>6.00</hdop>
	<extensions>
		<gpxtpx:TrackPointExtension>
			<gpxtpx:course>59.2444</gpxtpx:course>
		</gpxtpx:TrackPointExtension>
	</extensions>
</trkpt>
<trkpt lat="50.7241659" lon="13.8848172">
	<ele>762.02</ele>
	<time>2020-07-18T10:22:47.000Z</time>
	<hdop>6.00</hdop>
	<extensions>
		<gpxtpx:TrackPointExtension>
			<gpxtpx:course>59.52608</gpxtpx:course>
		</gpxtpx:TrackPointExtension>
	</extensions>
</trkpt>
<trkpt lat="50.7242351" lon="13.8850284">
	<ele>761.95</ele>
	<time>2020-07-18T10:22:52.000Z</time>
	<hdop>6.00</hdop>
	<extensions>
		<gpxtpx:TrackPointExtension>
			<gpxtpx:course>67.29006</gpxtpx:course>
		</gpxtpx:TrackPointExtension>
	</extensions>
</trkpt>
<trkpt lat="50.7243077" lon="13.8852773">
	<ele>761.83</ele>
	<time>2020-07-18T10:22:57.000Z</time>
	<hdop>6.00</hdop>
	<extensions>
		<gpxtpx:TrackPointExtension>
			<gpxtpx:course>61.264885</gpxtpx:course>
		</gpxtpx:TrackPointExtension>
	</extensions>
</trkpt>
<trkpt lat="50.7243803" lon="13.8854937">
	<ele>761.79</ele>
	<time>2020-07-18T10:23:02.000Z</time>
	<hdop>8.00</hdop>
	<extensions>
		<gpxtpx:TrackPointExtension>
			<gpxtpx:course>59.60493</gpxtpx:course>
		</gpxtpx:TrackPointExtension>
	</extensions>
</trkpt>
<trkpt lat="50.7244569" lon="13.8857176">
	<ele>761.75</ele>
	<time>2020-07-18T10:23:07.000Z</time>
	<hdop>8.00</hdop>
	<extensions>
		<gpxtpx:TrackPointExtension>
			<gpxtpx:course>59.31798</gpxtpx:course>
		</gpxtpx:TrackPointExtension>
	</extensions>
</trkpt>
<trkpt lat="50.7245192" lon="13.8859482">
	<ele>761.68</ele>
	<time>2020-07-18T10:23:12.000Z</time>
	<hdop>6.00</hdop>
	<extensions>
		<gpxtpx:TrackPointExtension>
			<gpxtpx:course>54.96933</gpxtpx:course>
		</gpxtpx:TrackPointExtension>
	</extensions>
</trkpt>
<trkpt lat="50.7246155" lon="13.8860898">
	<ele>761.48</ele>
	<time>2020-07-18T10:23:17.000Z</time>
	<hdop>6.00</hdop>
	<extensions>
		<gpxtpx:TrackPointExtension>
			<gpxtpx:course>56.041077</gpxtpx:course>
		</gpxtpx:TrackPointExtension>
	</extensions>
</trkpt>
<trkpt lat="50.7247041" lon="13.8863842">
	<ele>761.37</ele>
	<time>2020-07-18T10:23:22.000Z</time>
	<hdop>6.00</hdop>
	<extensions>
		<gpxtpx:TrackPointExtension>
			<gpxtpx:course>64.026405</gpxtpx:course>
		</gpxtpx:TrackPointExtension>
	</extensions>
</trkpt>
<trkpt lat="50.7248005" lon="13.8867176">
	<ele>761.19</ele>
	<time>2020-07-18T10:23:27.000Z</time>
	<hdop>8.00</hdop>
	<extensions>
		<gpxtpx:TrackPointExtension>
			<gpxtpx:course>65.19835</gpxtpx:course>
		</gpxtpx:TrackPointExtension>
	</extensions>
</trkpt>
<trkpt lat="50.7249243" lon="13.8871375">
	<ele>761.09</ele>
	<time>2020-07-18T10:23:32.000Z</time>
	<hdop>6.00</hdop>
	<extensions>
		<gpxtpx:TrackPointExtension>
			<gpxtpx:course>61.480022</gpxtpx:course>
		</gpxtpx:TrackPointExtension>
	</extensions>
</trkpt>
<trkpt lat="50.7250924" lon="13.8876172">
	<ele>759.88</ele>
	<time>2020-07-18T10:23:37.000Z</time>
	<hdop>8.00</hdop>
	<extensions>
		<gpxtpx:TrackPointExtension>
			<gpxtpx:course>61.73941</gpxtpx:course>
		</gpxtpx:TrackPointExtension>
	</extensions>
</trkpt>
<trkpt lat="50.7253103" lon="13.8881699">
	<ele>758.16</ele>
	<time>2020-07-18T10:23:42.000Z</time>
	<hdop>6.00</hdop>
	<extensions>
		<gpxtpx:TrackPointExtension>
			<gpxtpx:course>61.082184</gpxtpx:course>
		</gpxtpx:TrackPointExtension>
	</extensions>
</trkpt>
<trkpt lat="50.7255629" lon="13.8887551">
	<ele>756.97</ele>
	<time>2020-07-18T10:23:47.000Z</time>
	<hdop>6.00</hdop>
	<extensions>
		<gpxtpx:TrackPointExtension>
			<gpxtpx:course>51.448868</gpxtpx:course>
		</gpxtpx:TrackPointExtension>
	</extensions>
</trkpt>
<trkpt lat="50.7259710" lon="13.8891835">
	<ele>755.26</ele>
	<time>2020-07-18T10:23:52.000Z</time>
	<hdop>8.00</hdop>
	<extensions>
		<gpxtpx:TrackPointExtension>
			<gpxtpx:course>32.71147</gpxtpx:course>
		</gpxtpx:TrackPointExtension>
	</extensions>
</trkpt>
<trkpt lat="50.7263871" lon="13.8896637">
	<ele>753.45</ele>
	<time>2020-07-18T10:23:57.000Z</time>
	<hdop>8.00</hdop>
	<extensions>
		<gpxtpx:TrackPointExtension>
			<gpxtpx:course>43.142776</gpxtpx:course>
		</gpxtpx:TrackPointExtension>
	</extensions>
</trkpt>
<trkpt lat="50.7267463" lon="13.8901712">
	<ele>754.92</ele>
	<time>2020-07-18T10:24:02.000Z</time>
	<hdop>4.00</hdop>
	<extensions>
		<gpxtpx:TrackPointExtension>
			<gpxtpx:course>40.66622</gpxtpx:course>
		</gpxtpx:TrackPointExtension>
	</extensions>
</trkpt>
<trkpt lat="50.7270776" lon="13.8905879">
	<ele>759.34</ele>
	<time>2020-07-18T10:24:07.000Z</time>
	<hdop>4.00</hdop>
	<extensions>
		<gpxtpx:TrackPointExtension>
			<gpxtpx:course>43.303764</gpxtpx:course>
		</gpxtpx:TrackPointExtension>
	</extensions>
</trkpt>
<trkpt lat="50.7272943" lon="13.8911018">
	<ele>758.85</ele>
	<time>2020-07-18T10:24:12.000Z</time>
	<hdop>6.00</hdop>
	<extensions>
		<gpxtpx:TrackPointExtension>
			<gpxtpx:course>59.637783</gpxtpx:course>
		</gpxtpx:TrackPointExtension>
	</extensions>
</trkpt>
<trkpt lat="50.7273795" lon="13.8916384">
	<ele>757.63</ele>
	<time>2020-07-18T10:24:17.000Z</time>
	<hdop>6.00</hdop>
	<extensions>
		<gpxtpx:TrackPointExtension>
			<gpxtpx:course>74.27704</gpxtpx:course>
		</gpxtpx:TrackPointExtension>
	</extensions>
</trkpt>
<trkpt lat="50.7274637" lon="13.8921241">
	<ele>755.94</ele>
	<time>2020-07-18T10:24:22.000Z</time>
	<hdop>4.00</hdop>
	<extensions>
		<gpxtpx:TrackPointExtension>
			<gpxtpx:course>76.71206</gpxtpx:course>
		</gpxtpx:TrackPointExtension>
	</extensions>
</trkpt>
<trkpt lat="50.7275415" lon="13.8925767">
	<ele>755.77</ele>
	<time>2020-07-18T10:24:27.000Z</time>
	<hdop>6.00</hdop>
	<extensions>
		<gpxtpx:TrackPointExtension>
			<gpxtpx:course>71.8775</gpxtpx:course>
		</gpxtpx:TrackPointExtension>
	</extensions>
</trkpt>
<trkpt lat="50.7275948" lon="13.8929505">
	<ele>756.83</ele>
	<time>2020-07-18T10:24:32.000Z</time>
	<hdop>6.00</hdop>
	<extensions>
		<gpxtpx:TrackPointExtension>
			<gpxtpx:course>76.84643</gpxtpx:course>
		</gpxtpx:TrackPointExtension>
	</extensions>
</trkpt>
<trkpt lat="50.7276400" lon="13.8933174">
	<ele>757.37</ele>
	<time>2020-07-18T10:24:37.000Z</time>
	<hdop>4.00</hdop>
	<extensions>
		<gpxtpx:TrackPointExtension>
			<gpxtpx:course>75.78996</gpxtpx:course>
		</gpxtpx:TrackPointExtension>
	</extensions>
</trkpt>
<trkpt lat="50.7276943" lon="13.8936912">
	<ele>757.26</ele>
	<time>2020-07-18T10:24:42.000Z</time>
	<hdop>4.00</hdop>
	<extensions>
		<gpxtpx:TrackPointExtension>
			<gpxtpx:course>72.02555</gpxtpx:course>
		</gpxtpx:TrackPointExtension>
	</extensions>
</trkpt>
<trkpt lat="50.7277587" lon="13.8940635">
	<ele>757.37</ele>
	<time>2020-07-18T10:24:47.000Z</time>
	<hdop>4.00</hdop>
	<extensions>
		<gpxtpx:TrackPointExtension>
			<gpxtpx:course>70.978</gpxtpx:course>
		</gpxtpx:TrackPointExtension>
	</extensions>
</trkpt>
<trkpt lat="50.7278429" lon="13.8944399">
	<ele>757.45</ele>
	<time>2020-07-18T10:24:52.000Z</time>
	<hdop>4.00</hdop>
	<extensions>
		<gpxtpx:TrackPointExtension>
			<gpxtpx:course>68.047005</gpxtpx:course>
		</gpxtpx:TrackPointExtension>
	</extensions>
</trkpt>
<trkpt lat="50.7279479" lon="13.8948228">
	<ele>757.39</ele>
	<time>2020-07-18T10:24:57.000Z</time>
	<hdop>4.00</hdop>
	<extensions>
		<gpxtpx:TrackPointExtension>
			<gpxtpx:course>60.37528</gpxtpx:course>
		</gpxtpx:TrackPointExtension>
	</extensions>
</trkpt>
<trkpt lat="50.7281081" lon="13.8951747">
	<ele>757.23</ele>
	<time>2020-07-18T10:25:02.000Z</time>
	<hdop>4.00</hdop>
	<extensions>
		<gpxtpx:TrackPointExtension>
			<gpxtpx:course>47.310738</gpxtpx:course>
		</gpxtpx:TrackPointExtension>
	</extensions>
</trkpt>
<trkpt lat="50.7283257" lon="13.8955133">
	<ele>757.25</ele>
	<time>2020-07-18T10:25:07.000Z</time>
	<hdop>6.00</hdop>
	<extensions>
		<gpxtpx:TrackPointExtension>
			<gpxtpx:course>46.66949</gpxtpx:course>
		</gpxtpx:TrackPointExtension>
	</extensions>
</trkpt>
<trkpt lat="50.7285574" lon="13.8958739">
	<ele>756.96</ele>
	<time>2020-07-18T10:25:12.000Z</time>
	<hdop>6.00</hdop>
	<extensions>
		<gpxtpx:TrackPointExtension>
			<gpxtpx:course>47.6762</gpxtpx:course>
		</gpxtpx:TrackPointExtension>
	</extensions>
</trkpt>
<trkpt lat="50.7288122" lon="13.8962767">
	<ele>755.66</ele>
	<time>2020-07-18T10:25:17.000Z</time>
	<hdop>6.00</hdop>
	<extensions>
		<gpxtpx:TrackPointExtension>
			<gpxtpx:course>46.637253</gpxtpx:course>
		</gpxtpx:TrackPointExtension>
	</extensions>
</trkpt>
<trkpt lat="50.7291091" lon="13.8966996">
	<ele>753.50</ele>
	<time>2020-07-18T10:25:22.000Z</time>
	<hdop>6.00</hdop>
	<extensions>
		<gpxtpx:TrackPointExtension>
			<gpxtpx:course>45.05633</gpxtpx:course>
		</gpxtpx:TrackPointExtension>
	</extensions>
</trkpt>
<trkpt lat="50.7294362" lon="13.8971176">
	<ele>752.85</ele>
	<time>2020-07-18T10:25:27.000Z</time>
	<hdop>6.00</hdop>
	<extensions>
		<gpxtpx:TrackPointExtension>
			<gpxtpx:course>42.15676</gpxtpx:course>
		</gpxtpx:TrackPointExtension>
	</extensions>
</trkpt>
<trkpt lat="50.7297950" lon="13.8975923">
	<ele>751.67</ele>
	<time>2020-07-18T10:25:32.000Z</time>
	<hdop>6.00</hdop>
	<extensions>
		<gpxtpx:TrackPointExtension>
			<gpxtpx:course>48.780655</gpxtpx:course>
		</gpxtpx:TrackPointExtension>
	</extensions>
</trkpt>
<trkpt lat="50.7300498" lon="13.8982310">
	<ele>750.87</ele>
	<time>2020-07-18T10:25:37.000Z</time>
	<hdop>8.00</hdop>
	<extensions>
		<gpxtpx:TrackPointExtension>
			<gpxtpx:course>71.30113</gpxtpx:course>
		</gpxtpx:TrackPointExtension>
	</extensions>
</trkpt>
<trkpt lat="50.7302123" lon="13.8987906">
	<ele>750.13</ele>
	<time>2020-07-18T10:25:42.000Z</time>
	<hdop>6.00</hdop>
	<extensions>
		<gpxtpx:TrackPointExtension>
			<gpxtpx:course>62.30432</gpxtpx:course>
		</gpxtpx:TrackPointExtension>
	</extensions>
</trkpt>
<trkpt lat="50.7304540" lon="13.8992137">
	<ele>749.56</ele>
	<time>2020-07-18T10:25:47.000Z</time>
	<hdop>6.00</hdop>
	<extensions>
		<gpxtpx:TrackPointExtension>
			<gpxtpx:course>42.637325</gpxtpx:course>
		</gpxtpx:TrackPointExtension>
	</extensions>
</trkpt>
<trkpt lat="50.7306879" lon="13.8995284">
	<ele>749.43</ele>
	<time>2020-07-18T10:25:52.000Z</time>
	<hdop>6.00</hdop>
	<extensions>
		<gpxtpx:TrackPointExtension>
			<gpxtpx:course>44.77348</gpxtpx:course>
		</gpxtpx:TrackPointExtension>
	</extensions>
</trkpt>
<trkpt lat="50.7308686" lon="13.8998384">
	<ele>749.89</ele>
	<time>2020-07-18T10:25:57.000Z</time>
	<hdop>6.00</hdop>
	<extensions>
		<gpxtpx:TrackPointExtension>
			<gpxtpx:course>58.613895</gpxtpx:course>
		</gpxtpx:TrackPointExtension>
	</extensions>
</trkpt>
<trkpt lat="50.7310090" lon="13.9001587">
	<ele>750.94</ele>
	<time>2020-07-18T10:26:02.000Z</time>
	<hdop>6.00</hdop>
	<extensions>
		<gpxtpx:TrackPointExtension>
			<gpxtpx:course>51.510548</gpxtpx:course>
		</gpxtpx:TrackPointExtension>
	</extensions>
</trkpt>
<trkpt lat="50.7311522" lon="13.9004402">
	<ele>751.42</ele>
	<time>2020-07-18T10:26:07.000Z</time>
	<hdop>6.00</hdop>
	<extensions>
		<gpxtpx:TrackPointExtension>
			<gpxtpx:course>49.98391</gpxtpx:course>
		</gpxtpx:TrackPointExtension>
	</extensions>
</trkpt>
<trkpt lat="50.7312834" lon="13.9006736">
	<ele>752.25</ele>
	<time>2020-07-18T10:26:12.000Z</time>
	<hdop>6.00</hdop>
	<extensions>
		<gpxtpx:TrackPointExtension>
			<gpxtpx:course>38.906685</gpxtpx:course>
		</gpxtpx:TrackPointExtension>
	</extensions>
</trkpt>
<trkpt lat="50.7314434" lon="13.9008757">
	<ele>753.89</ele>
	<time>2020-07-18T10:26:17.000Z</time>
	<hdop>4.00</hdop>
	<extensions>
		<gpxtpx:TrackPointExtension>
			<gpxtpx:course>40.47341</gpxtpx:course>
		</gpxtpx:TrackPointExtension>
	</extensions>
</trkpt>
<trkpt lat="50.7316164" lon="13.9010959">
	<ele>755.75</ele>
	<time>2020-07-18T10:26:22.000Z</time>
	<hdop>4.00</hdop>
	<extensions>
		<gpxtpx:TrackPointExtension>
			<gpxtpx:course>39.759262</gpxtpx:course>
		</gpxtpx:TrackPointExtension>
	</extensions>
</trkpt>
<trkpt lat="50.7318015" lon="13.9013130">
	<ele>757.06</ele>
	<time>2020-07-18T10:26:27.000Z</time>
	<hdop>4.00</hdop>
	<extensions>
		<gpxtpx:TrackPointExtension>
			<gpxtpx:course>35.495914</gpxtpx:course>
		</gpxtpx:TrackPointExtension>
	</extensions>
</trkpt>
<trkpt lat="50.7319988" lon="13.9015010">
	<ele>757.40</ele>
	<time>2020-07-18T10:26:32.000Z</time>
	<hdop>4.00</hdop>
	<extensions>
		<gpxtpx:TrackPointExtension>
			<gpxtpx:course>30.438868</gpxtpx:course>
		</gpxtpx:TrackPointExtension>
	</extensions>
</trkpt>
<trkpt lat="50.7321975" lon="13.9016880">
	<ele>757.58</ele>
	<time>2020-07-18T10:26:37.000Z</time>
	<hdop>4.00</hdop>
	<extensions>
		<gpxtpx:TrackPointExtension>
			<gpxtpx:course>23.871122</gpxtpx:course>
		</gpxtpx:TrackPointExtension>
	</extensions>
</trkpt>
<trkpt lat="50.7323853" lon="13.9019048">
	<ele>757.79</ele>
	<time>2020-07-18T10:26:42.000Z</time>
	<hdop>6.00</hdop>
	<extensions>
		<gpxtpx:TrackPointExtension>
			<gpxtpx:course>45.249104</gpxtpx:course>
		</gpxtpx:TrackPointExtension>
	</extensions>
</trkpt>
<trkpt lat="50.7325501" lon="13.9021497">
	<ele>757.76</ele>
	<time>2020-07-18T10:26:47.000Z</time>
	<hdop>6.00</hdop>
	<extensions>
		<gpxtpx:TrackPointExtension>
			<gpxtpx:course>38.00294</gpxtpx:course>
		</gpxtpx:TrackPointExtension>
	</extensions>
</trkpt>
<trkpt lat="50.7327550" lon="13.9023718">
	<ele>757.70</ele>
	<time>2020-07-18T10:26:52.000Z</time>
	<hdop>6.00</hdop>
	<extensions>
		<gpxtpx:TrackPointExtension>
			<gpxtpx:course>28.159985</gpxtpx:course>
		</gpxtpx:TrackPointExtension>
	</extensions>
</trkpt>
<trkpt lat="50.7330312" lon="13.9025092">
	<ele>757.69</ele>
	<time>2020-07-18T10:26:57.000Z</time>
	<hdop>6.00</hdop>
	<extensions>
		<gpxtpx:TrackPointExtension>
			<gpxtpx:course>16.746578</gpxtpx:course>
		</gpxtpx:TrackPointExtension>
	</extensions>
</trkpt>
<trkpt lat="50.7333201" lon="13.9026624">
	<ele>757.70</ele>
	<time>2020-07-18T10:27:02.000Z</time>
	<hdop>6.00</hdop>
	<extensions>
		<gpxtpx:TrackPointExtension>
			<gpxtpx:course>35.481102</gpxtpx:course>
		</gpxtpx:TrackPointExtension>
	</extensions>
</trkpt>
<trkpt lat="50.7334704" lon="13.9029630">
	<ele>758.29</ele>
	<time>2020-07-18T10:27:07.000Z</time>
	<hdop>6.00</hdop>
	<extensions>
		<gpxtpx:TrackPointExtension>
			<gpxtpx:course>46.47558</gpxtpx:course>
		</gpxtpx:TrackPointExtension>
	</extensions>
</trkpt>
<trkpt lat="50.7335939" lon="13.9031677">
	<ele>760.13</ele>
	<time>2020-07-18T10:27:12.000Z</time>
	<hdop>6.00</hdop>
	<extensions>
		<gpxtpx:TrackPointExtension>
			<gpxtpx:course>35.30966</gpxtpx:course>
		</gpxtpx:TrackPointExtension>
	</extensions>
</trkpt>
<trkpt lat="50.7337387" lon="13.9033135">
	<ele>760.75</ele>
	<time>2020-07-18T10:27:17.000Z</time>
	<hdop>6.00</hdop>
	<extensions>
		<gpxtpx:TrackPointExtension>
			<gpxtpx:course>33.513035</gpxtpx:course>
		</gpxtpx:TrackPointExtension>
	</extensions>
</trkpt>
<trkpt lat="50.7339100" lon="13.9034637">
	<ele>759.59</ele>
	<time>2020-07-18T10:27:22.000Z</time>
	<hdop>6.00</hdop>
	<extensions>
		<gpxtpx:TrackPointExtension>
			<gpxtpx:course>30.052689</gpxtpx:course>
		</gpxtpx:TrackPointExtension>
	</extensions>
</trkpt>
<trkpt lat="50.7340447" lon="13.9035845">
	<ele>758.34</ele>
	<time>2020-07-18T10:27:27.000Z</time>
	<hdop>6.00</hdop>
	<extensions>
		<gpxtpx:TrackPointExtension>
			<gpxtpx:course>40.52405</gpxtpx:course>
		</gpxtpx:TrackPointExtension>
	</extensions>
</trkpt>
<trkpt lat="50.7341732" lon="13.9037183">
	<ele>758.08</ele>
	<time>2020-07-18T10:27:32.000Z</time>
	<hdop>4.00</hdop>
	<extensions>
		<gpxtpx:TrackPointExtension>
			<gpxtpx:course>55.505447</gpxtpx:course>
		</gpxtpx:TrackPointExtension>
	</extensions>
</trkpt>
<trkpt lat="50.7342445" lon="13.9038838">
	<ele>758.07</ele>
	<time>2020-07-18T10:27:37.000Z</time>
	<hdop>6.00</hdop>
	<extensions>
		<gpxtpx:TrackPointExtension>
			<gpxtpx:course>52.74674</gpxtpx:course>
		</gpxtpx:TrackPointExtension>
	</extensions>
</trkpt>
<trkpt lat="50.7343040" lon="13.9040208">
	<ele>758.05</ele>
	<time>2020-07-18T10:27:42.000Z</time>
	<hdop>6.00</hdop>
	<extensions>
		<gpxtpx:TrackPointExtension>
			<gpxtpx:course>60.16515</gpxtpx:course>
		</gpxtpx:TrackPointExtension>
	</extensions>
</trkpt>
<trkpt lat="50.7343878" lon="13.9042157">
	<ele>758.03</ele>
	<time>2020-07-18T10:27:47.000Z</time>
	<hdop>6.00</hdop>
	<extensions>
		<gpxtpx:TrackPointExtension>
			<gpxtpx:course>41.40949</gpxtpx:course>
		</gpxtpx:TrackPointExtension>
	</extensions>
</trkpt>
<trkpt lat="50.7345082" lon="13.9044233">
	<ele>757.92</ele>
	<time>2020-07-18T10:27:52.000Z</time>
	<hdop>8.00</hdop>
	<extensions>
		<gpxtpx:TrackPointExtension>
			<gpxtpx:course>46.702976</gpxtpx:course>
		</gpxtpx:TrackPointExtension>
	</extensions>
</trkpt>
<trkpt lat="50.7346777" lon="13.9046508">
	<ele>757.74</ele>
	<time>2020-07-18T10:27:57.000Z</time>
	<hdop>12.00</hdop>
	<extensions>
		<gpxtpx:TrackPointExtension>
			<gpxtpx:course>45.08656</gpxtpx:course>
		</gpxtpx:TrackPointExtension>
	</extensions>
</trkpt>
<trkpt lat="50.7348755" lon="13.9049126">
	<ele>757.50</ele>
	<time>2020-07-18T10:28:02.000Z</time>
	<hdop>8.00</hdop>
	<extensions>
		<gpxtpx:TrackPointExtension>
			<gpxtpx:course>45.956825</gpxtpx:course>
		</gpxtpx:TrackPointExtension>
	</extensions>
</trkpt>
<trkpt lat="50.7350665" lon="13.9051938">
	<ele>757.28</ele>
	<time>2020-07-18T10:28:07.000Z</time>
	<hdop>8.00</hdop>
	<extensions>
		<gpxtpx:TrackPointExtension>
			<gpxtpx:course>44.008656</gpxtpx:course>
		</gpxtpx:TrackPointExtension>
	</extensions>
</trkpt>
<trkpt lat="50.7352754" lon="13.9054484">
	<ele>757.07</ele>
	<time>2020-07-18T10:28:12.000Z</time>
	<hdop>8.00</hdop>
	<extensions>
		<gpxtpx:TrackPointExtension>
			<gpxtpx:course>46.070244</gpxtpx:course>
		</gpxtpx:TrackPointExtension>
	</extensions>
</trkpt>
<trkpt lat="50.7353254" lon="13.9055680">
	<ele>756.48</ele>
	<time>2020-07-18T10:28:17.000Z</time>
	<hdop>6.00</hdop>
	<extensions>
		<gpxtpx:TrackPointExtension>
			<gpxtpx:course>60.3644</gpxtpx:course>
		</gpxtpx:TrackPointExtension>
	</extensions>
</trkpt>
<trkpt lat="50.7354085" lon="13.9056397">
	<ele>756.55</ele>
	<time>2020-07-18T10:29:22.000Z</time>
	<hdop>4.00</hdop>
	<extensions>
		<gpxtpx:TrackPointExtension>
			<gpxtpx:course>68.42618</gpxtpx:course>
		</gpxtpx:TrackPointExtension>
	</extensions>
</trkpt>
<trkpt lat="50.7353341" lon="13.9057350">
	<ele>756.55</ele>
	<time>2020-07-18T10:29:36.000Z</time>
	<hdop>4.00</hdop>
	<extensions>
		<gpxtpx:TrackPointExtension>
			<gpxtpx:course>113.41218</gpxtpx:course>
		</gpxtpx:TrackPointExtension>
	</extensions>
</trkpt>
<trkpt lat="50.7352847" lon="13.9058723">
	<ele>756.55</ele>
	<time>2020-07-18T10:29:41.000Z</time>
	<hdop>6.00</hdop>
	<extensions>
		<gpxtpx:TrackPointExtension>
			<gpxtpx:course>56.606018</gpxtpx:course>
		</gpxtpx:TrackPointExtension>
	</extensions>
</trkpt>
<trkpt lat="50.7353122" lon="13.9061243">
	<ele>756.23</ele>
	<time>2020-07-18T10:29:46.000Z</time>
	<hdop>6.00</hdop>
	<extensions>
		<gpxtpx:TrackPointExtension>
			<gpxtpx:course>113.01996</gpxtpx:course>
		</gpxtpx:TrackPointExtension>
	</extensions>
</trkpt>
<trkpt lat="50.7352234" lon="13.9064114">
	<ele>756.16</ele>
	<time>2020-07-18T10:29:51.000Z</time>
	<hdop>4.00</hdop>
	<extensions>
		<gpxtpx:TrackPointExtension>
			<gpxtpx:course>115.28605</gpxtpx:course>
		</gpxtpx:TrackPointExtension>
	</extensions>
</trkpt>
<trkpt lat="50.7350952" lon="13.9067141">
	<ele>756.06</ele>
	<time>2020-07-18T10:29:56.000Z</time>
	<hdop>4.00</hdop>
	<extensions>
		<gpxtpx:TrackPointExtension>
			<gpxtpx:course>121.1803</gpxtpx:course>
		</gpxtpx:TrackPointExtension>
	</extensions>
</trkpt>
<trkpt lat="50.7349637" lon="13.9070831">
	<ele>755.60</ele>
	<time>2020-07-18T10:30:01.000Z</time>
	<hdop>4.00</hdop>
	<extensions>
		<gpxtpx:TrackPointExtension>
			<gpxtpx:course>116.34457</gpxtpx:course>
		</gpxtpx:TrackPointExtension>
	</extensions>
</trkpt>
<trkpt lat="50.7348443" lon="13.9074923">
	<ele>755.25</ele>
	<time>2020-07-18T10:30:06.000Z</time>
	<hdop>6.00</hdop>
	<extensions>
		<gpxtpx:TrackPointExtension>
			<gpxtpx:course>96.73227</gpxtpx:course>
		</gpxtpx:TrackPointExtension>
	</extensions>
</trkpt>
<trkpt lat="50.7348044" lon="13.9078160">
	<ele>755.14</ele>
	<time>2020-07-18T10:30:11.000Z</time>
	<hdop>6.00</hdop>
	<extensions>
		<gpxtpx:TrackPointExtension>
			<gpxtpx:course>106.6042</gpxtpx:course>
		</gpxtpx:TrackPointExtension>
	</extensions>
</trkpt>
<trkpt lat="50.7347204" lon="13.9081934">
	<ele>754.98</ele>
	<time>2020-07-18T10:30:16.000Z</time>
	<hdop>6.00</hdop>
	<extensions>
		<gpxtpx:TrackPointExtension>
			<gpxtpx:course>126.08333</gpxtpx:course>
		</gpxtpx:TrackPointExtension>
	</extensions>
</trkpt>
<trkpt lat="50.7345961" lon="13.9085004">
	<ele>754.53</ele>
	<time>2020-07-18T10:30:21.000Z</time>
	<hdop>6.00</hdop>
	<extensions>
		<gpxtpx:TrackPointExtension>
			<gpxtpx:course>112.62691</gpxtpx:course>
		</gpxtpx:TrackPointExtension>
	</extensions>
</trkpt>
<trkpt lat="50.7345152" lon="13.9088731">
	<ele>753.18</ele>
	<time>2020-07-18T10:30:26.000Z</time>
	<hdop>6.00</hdop>
	<extensions>
		<gpxtpx:TrackPointExtension>
			<gpxtpx:course>102.766655</gpxtpx:course>
		</gpxtpx:TrackPointExtension>
	</extensions>
</trkpt>
<trkpt lat="50.7344969" lon="13.9091548">
	<ele>752.32</ele>
	<time>2020-07-18T10:30:31.000Z</time>
	<hdop>6.00</hdop>
	<extensions>
		<gpxtpx:TrackPointExtension>
			<gpxtpx:course>81.72744</gpxtpx:course>
		</gpxtpx:TrackPointExtension>
	</extensions>
</trkpt>
<trkpt lat="50.7345624" lon="13.9094365">
	<ele>752.60</ele>
	<time>2020-07-18T10:30:36.000Z</time>
	<hdop>8.00</hdop>
	<extensions>
		<gpxtpx:TrackPointExtension>
			<gpxtpx:course>67.23354</gpxtpx:course>
		</gpxtpx:TrackPointExtension>
	</extensions>
</trkpt>
<trkpt lat="50.7346392" lon="13.9096888">
	<ele>754.15</ele>
	<time>2020-07-18T10:30:41.000Z</time>
	<hdop>8.00</hdop>
	<extensions>
		<gpxtpx:TrackPointExtension>
			<gpxtpx:course>66.7682</gpxtpx:course>
		</gpxtpx:TrackPointExtension>
	</extensions>
</trkpt>
<trkpt lat="50.7347470" lon="13.9099483">
	<ele>754.23</ele>
	<time>2020-07-18T10:30:46.000Z</time>
	<hdop>8.00</hdop>
	<extensions>
		<gpxtpx:TrackPointExtension>
			<gpxtpx:course>51.477146</gpxtpx:course>
		</gpxtpx:TrackPointExtension>
	</extensions>
</trkpt>
<trkpt lat="50.7348152" lon="13.9102959">
	<ele>754.06</ele>
	<time>2020-07-18T10:30:51.000Z</time>
	<hdop>8.00</hdop>
	<extensions>
		<gpxtpx:TrackPointExtension>
			<gpxtpx:course>82.97822</gpxtpx:course>
		</gpxtpx:TrackPointExtension>
	</extensions>
</trkpt>
<trkpt lat="50.7348357" lon="13.9107098">
	<ele>753.78</ele>
	<time>2020-07-18T10:30:56.000Z</time>
	<hdop>12.00</hdop>
	<extensions>
		<gpxtpx:TrackPointExtension>
			<gpxtpx:course>88.67867</gpxtpx:course>
		</gpxtpx:TrackPointExtension>
	</extensions>
</trkpt>
<trkpt lat="50.7348488" lon="13.9111365">
	<ele>753.64</ele>
	<time>2020-07-18T10:31:01.000Z</time>
	<hdop>12.00</hdop>
	<extensions>
		<gpxtpx:TrackPointExtension>
			<gpxtpx:course>109.55076</gpxtpx:course>
		</gpxtpx:TrackPointExtension>
	</extensions>
</trkpt>
<trkpt lat="50.7347179" lon="13.9115314">
	<ele>753.57</ele>
	<time>2020-07-18T10:31:06.000Z</time>
	<hdop>8.00</hdop>
	<extensions>
		<gpxtpx:TrackPointExtension>
			<gpxtpx:course>120.55416</gpxtpx:course>
		</gpxtpx:TrackPointExtension>
	</extensions>
</trkpt>
<trkpt lat="50.7346531" lon="13.9119490">
	<ele>753.55</ele>
	<time>2020-07-18T10:31:11.000Z</time>
	<hdop>8.00</hdop>
	<extensions>
		<gpxtpx:TrackPointExtension>
			<gpxtpx:course>107.896965</gpxtpx:course>
		</gpxtpx:TrackPointExtension>
	</extensions>
</trkpt>
<trkpt lat="50.7346287" lon="13.9125786">
	<ele>753.53</ele>
	<time>2020-07-18T10:31:16.000Z</time>
	<hdop>8.00</hdop>
	<extensions>
		<gpxtpx:TrackPointExtension>
			<gpxtpx:course>66.65169</gpxtpx:course>
		</gpxtpx:TrackPointExtension>
	</extensions>
</trkpt>
<trkpt lat="50.7348169" lon="13.9130863">
	<ele>752.44</ele>
	<time>2020-07-18T10:31:21.000Z</time>
	<hdop>8.00</hdop>
	<extensions>
		<gpxtpx:TrackPointExtension>
			<gpxtpx:course>33.8447</gpxtpx:course>
		</gpxtpx:TrackPointExtension>
	</extensions>
</trkpt>
<trkpt lat="50.7351136" lon="13.9131384">
	<ele>752.97</ele>
	<time>2020-07-18T10:31:26.000Z</time>
	<hdop>8.00</hdop>
	<extensions>
		<gpxtpx:TrackPointExtension>
			<gpxtpx:course>357.01926</gpxtpx:course>
		</gpxtpx:TrackPointExtension>
	</extensions>
</trkpt>
<trkpt lat="50.7354710" lon="13.9131621">
	<ele>753.21</ele>
	<time>2020-07-18T10:31:31.000Z</time>
	<hdop>8.00</hdop>
	<extensions>
		<gpxtpx:TrackPointExtension>
			<gpxtpx:course>26.900728</gpxtpx:course>
		</gpxtpx:TrackPointExtension>
	</extensions>
</trkpt>
<trkpt lat="50.7357522" lon="13.9133510">
	<ele>753.20</ele>
	<time>2020-07-18T10:31:36.000Z</time>
	<hdop>8.00</hdop>
	<extensions>
		<gpxtpx:TrackPointExtension>
			<gpxtpx:course>16.071749</gpxtpx:course>
		</gpxtpx:TrackPointExtension>
	</extensions>
</trkpt>
<trkpt lat="50.7359453" lon="13.9134464">
	<ele>753.14</ele>
	<time>2020-07-18T10:31:41.000Z</time>
	<hdop>6.00</hdop>
	<extensions>
		<gpxtpx:TrackPointExtension>
			<gpxtpx:course>11.231503</gpxtpx:course>
		</gpxtpx:TrackPointExtension>
	</extensions>
</trkpt>
<trkpt lat="50.7360851" lon="13.9135011">
	<ele>753.10</ele>
	<time>2020-07-18T10:31:46.000Z</time>
	<hdop>6.00</hdop>
	<extensions>
		<gpxtpx:TrackPointExtension>
			<gpxtpx:course>24.963703</gpxtpx:course>
		</gpxtpx:TrackPointExtension>
	</extensions>
</trkpt>
<trkpt lat="50.7361751" lon="13.9135196">
	<ele>753.12</ele>
	<time>2020-07-18T10:31:54.000Z</time>
	<hdop>6.00</hdop>
	<extensions>
		<gpxtpx:TrackPointExtension>
			<gpxtpx:course>23.117706</gpxtpx:course>
		</gpxtpx:TrackPointExtension>
	</extensions>
</trkpt>
<trkpt lat="50.7363411" lon="13.9137424">
	<ele>752.83</ele>
	<time>2020-07-18T10:31:59.000Z</time>
	<hdop>12.00</hdop>
	<extensions>
		<gpxtpx:TrackPointExtension>
			<gpxtpx:course>37.101364</gpxtpx:course>
		</gpxtpx:TrackPointExtension>
	</extensions>
</trkpt>
<trkpt lat="50.7364142" lon="13.9138630">
	<ele>750.97</ele>
	<time>2020-07-18T10:32:04.000Z</time>
	<hdop>8.00</hdop>
	<extensions>
		<gpxtpx:TrackPointExtension>
			<gpxtpx:course>43.60292</gpxtpx:course>
		</gpxtpx:TrackPointExtension>
	</extensions>
</trkpt>
<trkpt lat="50.7364552" lon="13.9139912">
	<ele>752.58</ele>
	<time>2020-07-18T10:32:18.000Z</time>
	<hdop>4.00</hdop>
	<extensions>
		<gpxtpx:TrackPointExtension>
			<gpxtpx:course>43.60292</gpxtpx:course>
		</gpxtpx:TrackPointExtension>
	</extensions>
</trkpt>
<trkpt lat="50.7365374" lon="13.9140691">
	<ele>753.34</ele>
	<time>2020-07-18T10:32:48.000Z</time>
	<hdop>6.00</hdop>
	<extensions>
		<gpxtpx:TrackPointExtension>
			<gpxtpx:course>32.185085</gpxtpx:course>
		</gpxtpx:TrackPointExtension>
	</extensions>
</trkpt>
<trkpt lat="50.7365733" lon="13.9144759">
	<ele>751.30</ele>
	<time>2020-07-18T10:32:53.000Z</time>
	<hdop>6.00</hdop>
	<extensions>
		<gpxtpx:TrackPointExtension>
			<gpxtpx:course>95.33022</gpxtpx:course>
		</gpxtpx:TrackPointExtension>
	</extensions>
</trkpt>
<trkpt lat="50.7365586" lon="13.9152921">
	<ele>745.97</ele>
	<time>2020-07-18T10:32:58.000Z</time>
	<hdop>12.00</hdop>
	<extensions>
		<gpxtpx:TrackPointExtension>
			<gpxtpx:course>101.6957</gpxtpx:course>
		</gpxtpx:TrackPointExtension>
	</extensions>
</trkpt>
<trkpt lat="50.7365687" lon="13.9158394">
	<ele>745.29</ele>
	<time>2020-07-18T10:33:03.000Z</time>
	<hdop>16.00</hdop>
	<extensions>
		<gpxtpx:TrackPointExtension>
			<gpxtpx:course>63.068726</gpxtpx:course>
		</gpxtpx:TrackPointExtension>
	</extensions>
</trkpt>
<trkpt lat="50.7366883" lon="13.9162368">
	<ele>750.69</ele>
	<time>2020-07-18T10:33:08.000Z</time>
	<hdop>12.00</hdop>
	<extensions>
		<gpxtpx:TrackPointExtension>
			<gpxtpx:course>96.81209</gpxtpx:course>
		</gpxtpx:TrackPointExtension>
	</extensions>
</trkpt>
<trkpt lat="50.7367043" lon="13.9165183">
	<ele>751.89</ele>
	<time>2020-07-18T10:33:13.000Z</time>
	<hdop>8.00</hdop>
	<extensions>
		<gpxtpx:TrackPointExtension>
			<gpxtpx:course>97.33863</gpxtpx:course>
		</gpxtpx:TrackPointExtension>
	</extensions>
</trkpt>
<trkpt lat="50.7366966" lon="13.9167845">
	<ele>751.60</ele>
	<time>2020-07-18T10:33:18.000Z</time>
	<hdop>8.00</hdop>
	<extensions>
		<gpxtpx:TrackPointExtension>
			<gpxtpx:course>82.24265</gpxtpx:course>
		</gpxtpx:TrackPointExtension>
	</extensions>
</trkpt>
<trkpt lat="50.7367313" lon="13.9171013">
	<ele>750.51</ele>
	<time>2020-07-18T10:33:23.000Z</time>
	<hdop>8.00</hdop>
	<extensions>
		<gpxtpx:TrackPointExtension>
			<gpxtpx:course>81.80321</gpxtpx:course>
		</gpxtpx:TrackPointExtension>
	</extensions>
</trkpt>
<trkpt lat="50.7367871" lon="13.9174577">
	<ele>749.63</ele>
	<time>2020-07-18T10:33:28.000Z</time>
	<hdop>12.00</hdop>
	<extensions>
		<gpxtpx:TrackPointExtension>
			<gpxtpx:course>76.26215</gpxtpx:course>
		</gpxtpx:TrackPointExtension>
	</extensions>
</trkpt>
<trkpt lat="50.7368209" lon="13.9176052">
	<ele>749.10</ele>
	<time>2020-07-18T10:33:33.000Z</time>
	<hdop>4.00</hdop>
	<extensions>
		<gpxtpx:TrackPointExtension>
			<gpxtpx:course>78.05052</gpxtpx:course>
		</gpxtpx:TrackPointExtension>
	</extensions>
</trkpt>
<trkpt lat="50.7368731" lon="13.9177279">
	<ele>748.01</ele>
	<time>2020-07-18T10:33:49.000Z</time>
	<hdop>6.00</hdop>
	<extensions>
		<gpxtpx:TrackPointExtension>
			<gpxtpx:course>70.87061</gpxtpx:course>
		</gpxtpx:TrackPointExtension>
	</extensions>
</trkpt>
<trkpt lat="50.7369246" lon="13.9180039">
	<ele>747.50</ele>
	<time>2020-07-18T10:33:54.000Z</time>
	<hdop>6.00</hdop>
	<extensions>
		<gpxtpx:TrackPointExtension>
			<gpxtpx:course>60.58011</gpxtpx:course>
		</gpxtpx:TrackPointExtension>
	</extensions>
</trkpt>
<trkpt lat="50.7369947" lon="13.9182301">
	<ele>747.57</ele>
	<time>2020-07-18T10:33:59.000Z</time>
	<hdop>6.00</hdop>
	<extensions>
		<gpxtpx:TrackPointExtension>
			<gpxtpx:course>63.591248</gpxtpx:course>
		</gpxtpx:TrackPointExtension>
	</extensions>
</trkpt>
<trkpt lat="50.7370265" lon="13.9183952">
	<ele>747.96</ele>
	<time>2020-07-18T10:34:04.000Z</time>
	<hdop>6.00</hdop>
	<extensions>
		<gpxtpx:TrackPointExtension>
			<gpxtpx:course>60.52074</gpxtpx:course>
		</gpxtpx:TrackPointExtension>
	</extensions>
</trkpt>
<trkpt lat="50.7370633" lon="13.9185808">
	<ele>748.10</ele>
	<time>2020-07-18T10:34:09.000Z</time>
	<hdop>6.00</hdop>
	<extensions>
		<gpxtpx:TrackPointExtension>
			<gpxtpx:course>78.42242</gpxtpx:course>
		</gpxtpx:TrackPointExtension>
	</extensions>
</trkpt>
<trkpt lat="50.7370947" lon="13.9187945">
	<ele>748.29</ele>
	<time>2020-07-18T10:34:14.000Z</time>
	<hdop>6.00</hdop>
	<extensions>
		<gpxtpx:TrackPointExtension>
			<gpxtpx:course>59.698708</gpxtpx:course>
		</gpxtpx:TrackPointExtension>
	</extensions>
</trkpt>
<trkpt lat="50.7371746" lon="13.9190241">
	<ele>749.58</ele>
	<time>2020-07-18T10:34:19.000Z</time>
	<hdop>6.00</hdop>
	<extensions>
		<gpxtpx:TrackPointExtension>
			<gpxtpx:course>63.404488</gpxtpx:course>
		</gpxtpx:TrackPointExtension>
	</extensions>
</trkpt>
<trkpt lat="50.7372367" lon="13.9192407">
	<ele>750.05</ele>
	<time>2020-07-18T10:34:24.000Z</time>
	<hdop>6.00</hdop>
	<extensions>
		<gpxtpx:TrackPointExtension>
			<gpxtpx:course>50.879948</gpxtpx:course>
		</gpxtpx:TrackPointExtension>
	</extensions>
</trkpt>
<trkpt lat="50.7373833" lon="13.9194632">
	<ele>750.77</ele>
	<time>2020-07-18T10:34:29.000Z</time>
	<hdop>6.00</hdop>
	<extensions>
		<gpxtpx:TrackPointExtension>
			<gpxtpx:course>47.81616</gpxtpx:course>
		</gpxtpx:TrackPointExtension>
	</extensions>
</trkpt>
<trkpt lat="50.7375334" lon="13.9197151">
	<ele>751.94</ele>
	<time>2020-07-18T10:34:34.000Z</time>
	<hdop>6.00</hdop>
	<extensions>
		<gpxtpx:TrackPointExtension>
			<gpxtpx:course>45.878807</gpxtpx:course>
		</gpxtpx:TrackPointExtension>
	</extensions>
</trkpt>
<trkpt lat="50.7376333" lon="13.9200114">
	<ele>749.80</ele>
	<time>2020-07-18T10:34:39.000Z</time>
	<hdop>6.00</hdop>
	<extensions>
		<gpxtpx:TrackPointExtension>
			<gpxtpx:course>60.44044</gpxtpx:course>
		</gpxtpx:TrackPointExtension>
	</extensions>
</trkpt>
<trkpt lat="50.7376878" lon="13.9203259">
	<ele>742.10</ele>
	<time>2020-07-18T10:34:44.000Z</time>
	<hdop>6.00</hdop>
	<extensions>
		<gpxtpx:TrackPointExtension>
			<gpxtpx:course>60.597267</gpxtpx:course>
		</gpxtpx:TrackPointExtension>
	</extensions>
</trkpt>
<trkpt lat="50.7376166" lon="13.9204288">
	<ele>740.42</ele>
	<time>2020-07-18T10:34:58.000Z</time>
	<hdop>4.00</hdop>
	<extensions>
		<gpxtpx:TrackPointExtension>
			<gpxtpx:course>72.193535</gpxtpx:course>
		</gpxtpx:TrackPointExtension>
	</extensions>
</trkpt>
<trkpt lat="50.7376326" lon="13.9206105">
	<ele>740.19</ele>
	<time>2020-07-18T10:35:04.000Z</time>
	<hdop>4.00</hdop>
	<extensions>
		<gpxtpx:TrackPointExtension>
			<gpxtpx:course>73.94194</gpxtpx:course>
		</gpxtpx:TrackPointExtension>
	</extensions>
</trkpt>
<trkpt lat="50.7376345" lon="13.9209556">
	<ele>739.59</ele>
	<time>2020-07-18T10:35:09.000Z</time>
	<hdop>4.00</hdop>
	<extensions>
		<gpxtpx:TrackPointExtension>
			<gpxtpx:course>102.49584</gpxtpx:course>
		</gpxtpx:TrackPointExtension>
	</extensions>
</trkpt>
<trkpt lat="50.7376316" lon="13.9212891">
	<ele>739.39</ele>
	<time>2020-07-18T10:35:14.000Z</time>
	<hdop>4.00</hdop>
	<extensions>
		<gpxtpx:TrackPointExtension>
			<gpxtpx:course>68.92136</gpxtpx:course>
		</gpxtpx:TrackPointExtension>
	</extensions>
</trkpt>
<trkpt lat="50.7376527" lon="13.9217207">
	<ele>738.65</ele>
	<time>2020-07-18T10:35:19.000Z</time>
	<hdop>6.00</hdop>
	<extensions>
		<gpxtpx:TrackPointExtension>
			<gpxtpx:course>81.77363</gpxtpx:course>
		</gpxtpx:TrackPointExtension>
	</extensions>
</trkpt>
<trkpt lat="50.7377381" lon="13.9221405">
	<ele>737.14</ele>
	<time>2020-07-18T10:35:24.000Z</time>
	<hdop>6.00</hdop>
	<extensions>
		<gpxtpx:TrackPointExtension>
			<gpxtpx:course>61.08652</gpxtpx:course>
		</gpxtpx:TrackPointExtension>
	</extensions>
</trkpt>
<trkpt lat="50.7378465" lon="13.9225784">
	<ele>737.20</ele>
	<time>2020-07-18T10:35:29.000Z</time>
	<hdop>6.00</hdop>
	<extensions>
		<gpxtpx:TrackPointExtension>
			<gpxtpx:course>52.969467</gpxtpx:course>
		</gpxtpx:TrackPointExtension>
	</extensions>
</trkpt>
<trkpt lat="50.7379415" lon="13.9230812">
	<ele>737.76</ele>
	<time>2020-07-18T10:35:34.000Z</time>
	<hdop>6.00</hdop>
	<extensions>
		<gpxtpx:TrackPointExtension>
			<gpxtpx:course>81.38998</gpxtpx:course>
		</gpxtpx:TrackPointExtension>
	</extensions>
</trkpt>
<trkpt lat="50.7379893" lon="13.9235989">
	<ele>737.43</ele>
	<time>2020-07-18T10:35:39.000Z</time>
	<hdop>6.00</hdop>
	<extensions>
		<gpxtpx:TrackPointExtension>
			<gpxtpx:course>69.71522</gpxtpx:course>
		</gpxtpx:TrackPointExtension>
	</extensions>
</trkpt>
<trkpt lat="50.7380380" lon="13.9239720">
	<ele>737.09</ele>
	<time>2020-07-18T10:35:44.000Z</time>
	<hdop>6.00</hdop>
	<extensions>
		<gpxtpx:TrackPointExtension>
			<gpxtpx:course>77.25491</gpxtpx:course>
		</gpxtpx:TrackPointExtension>
	</extensions>
</trkpt>
<trkpt lat="50.7380498" lon="13.9242248">
	<ele>736.99</ele>
	<time>2020-07-18T10:35:49.000Z</time>
	<hdop>6.00</hdop>
	<extensions>
		<gpxtpx:TrackPointExtension>
			<gpxtpx:course>82.061386</gpxtpx:course>
		</gpxtpx:TrackPointExtension>
	</extensions>
</trkpt>
<trkpt lat="50.7380606" lon="13.9245264">
	<ele>736.76</ele>
	<time>2020-07-18T10:35:54.000Z</time>
	<hdop>6.00</hdop>
	<extensions>
		<gpxtpx:TrackPointExtension>
			<gpxtpx:course>83.50623</gpxtpx:course>
		</gpxtpx:TrackPointExtension>
	</extensions>
</trkpt>
<trkpt lat="50.7381034" lon="13.9250548">
	<ele>735.40</ele>
	<time>2020-07-18T10:35:59.000Z</time>
	<hdop>6.00</hdop>
	<extensions>
		<gpxtpx:TrackPointExtension>
			<gpxtpx:course>65.0424</gpxtpx:course>
		</gpxtpx:TrackPointExtension>
	</extensions>
</trkpt>
<trkpt lat="50.7382331" lon="13.9254298">
	<ele>735.62</ele>
	<time>2020-07-18T10:36:04.000Z</time>
	<hdop>6.00</hdop>
	<extensions>
		<gpxtpx:TrackPointExtension>
			<gpxtpx:course>50.593655</gpxtpx:course>
		</gpxtpx:TrackPointExtension>
	</extensions>
</trkpt>
<trkpt lat="50.7383852" lon="13.9257796">
	<ele>735.46</ele>
	<time>2020-07-18T10:36:09.000Z</time>
	<hdop>6.00</hdop>
	<extensions>
		<gpxtpx:TrackPointExtension>
			<gpxtpx:course>58.289284</gpxtpx:course>
		</gpxtpx:TrackPointExtension>
	</extensions>
</trkpt>
<trkpt lat="50.7385297" lon="13.9260754">
	<ele>735.20</ele>
	<time>2020-07-18T10:36:14.000Z</time>
	<hdop>6.00</hdop>
	<extensions>
		<gpxtpx:TrackPointExtension>
			<gpxtpx:course>36.63559</gpxtpx:course>
		</gpxtpx:TrackPointExtension>
	</extensions>
</trkpt>
<trkpt lat="50.7386870" lon="13.9261967">
	<ele>735.14</ele>
	<time>2020-07-18T10:36:19.000Z</time>
	<hdop>6.00</hdop>
	<extensions>
		<gpxtpx:TrackPointExtension>
			<gpxtpx:course>22.36036</gpxtpx:course>
		</gpxtpx:TrackPointExtension>
	</extensions>
</trkpt>
<trkpt lat="50.7388986" lon="13.9263041">
	<ele>736.32</ele>
	<time>2020-07-18T10:36:24.000Z</time>
	<hdop>6.00</hdop>
	<extensions>
		<gpxtpx:TrackPointExtension>
			<gpxtpx:course>13.81146</gpxtpx:course>
		</gpxtpx:TrackPointExtension>
	</extensions>
</trkpt>
<trkpt lat="50.7391517" lon="13.9264702">
	<ele>737.68</ele>
	<time>2020-07-18T10:36:29.000Z</time>
	<hdop>8.00</hdop>
	<extensions>
		<gpxtpx:TrackPointExtension>
			<gpxtpx:course>14.512188</gpxtpx:course>
		</gpxtpx:TrackPointExtension>
	</extensions>
</trkpt>
<trkpt lat="50.7394257" lon="13.9266421">
	<ele>737.44</ele>
	<time>2020-07-18T10:36:34.000Z</time>
	<hdop>8.00</hdop>
	<extensions>
		<gpxtpx:TrackPointExtension>
			<gpxtpx:course>36.30026</gpxtpx:course>
		</gpxtpx:TrackPointExtension>
	</extensions>
</trkpt>
<trkpt lat="50.7396172" lon="13.9269074">
	<ele>734.45</ele>
	<time>2020-07-18T10:36:39.000Z</time>
	<hdop>8.00</hdop>
	<extensions>
		<gpxtpx:TrackPointExtension>
			<gpxtpx:course>35.399765</gpxtpx:course>
		</gpxtpx:TrackPointExtension>
	</extensions>
</trkpt>
<trkpt lat="50.7398247" lon="13.9272234">
	<ele>733.96</ele>
	<time>2020-07-18T10:36:44.000Z</time>
	<hdop>8.00</hdop>
	<extensions>
		<gpxtpx:TrackPointExtension>
			<gpxtpx:course>58.78169</gpxtpx:course>
		</gpxtpx:TrackPointExtension>
	</extensions>
</trkpt>
<trkpt lat="50.7399593" lon="13.9276580">
	<ele>733.79</ele>
	<time>2020-07-18T10:36:49.000Z</time>
	<hdop>8.00</hdop>
	<extensions>
		<gpxtpx:TrackPointExtension>
			<gpxtpx:course>72.55827</gpxtpx:course>
		</gpxtpx:TrackPointExtension>
	</extensions>
</trkpt>
<trkpt lat="50.7401033" lon="13.9281289">
	<ele>733.47</ele>
	<time>2020-07-18T10:36:54.000Z</time>
	<hdop>8.00</hdop>
	<extensions>
		<gpxtpx:TrackPointExtension>
			<gpxtpx:course>42.299633</gpxtpx:course>
		</gpxtpx:TrackPointExtension>
	</extensions>
</trkpt>
<trkpt lat="50.7403474" lon="13.9285641">
	<ele>732.84</ele>
	<time>2020-07-18T10:36:59.000Z</time>
	<hdop>8.00</hdop>
	<extensions>
		<gpxtpx:TrackPointExtension>
			<gpxtpx:course>52.015812</gpxtpx:course>
		</gpxtpx:TrackPointExtension>
	</extensions>
</trkpt>
<trkpt lat="50.7405704" lon="13.9289544">
	<ele>732.50</ele>
	<time>2020-07-18T10:37:04.000Z</time>
	<hdop>6.00</hdop>
	<extensions>
		<gpxtpx:TrackPointExtension>
			<gpxtpx:course>38.528263</gpxtpx:course>
		</gpxtpx:TrackPointExtension>
	</extensions>
</trkpt>
<trkpt lat="50.7407530" lon="13.9291403">
	<ele>732.12</ele>
	<time>2020-07-18T10:37:09.000Z</time>
	<hdop>6.00</hdop>
	<extensions>
		<gpxtpx:TrackPointExtension>
			<gpxtpx:course>21.402168</gpxtpx:course>
		</gpxtpx:TrackPointExtension>
	</extensions>
</trkpt>
<trkpt lat="50.7407606" lon="13.9293447">
	<ele>731.40</ele>
	<time>2020-07-18T10:37:55.000Z</time>
	<hdop>4.00</hdop>
	<extensions>
		<gpxtpx:TrackPointExtension>
			<gpxtpx:course>84.02228</gpxtpx:course>
		</gpxtpx:TrackPointExtension>
	</extensions>
</trkpt>
<trkpt lat="50.7408030" lon="13.9298410">
	<ele>726.06</ele>
	<time>2020-07-18T10:38:00.000Z</time>
	<hdop>4.00</hdop>
	<extensions>
		<gpxtpx:TrackPointExtension>
			<gpxtpx:course>77.52969</gpxtpx:course>
		</gpxtpx:TrackPointExtension>
	</extensions>
</trkpt>
<trkpt lat="50.7408466" lon="13.9302485">
	<ele>723.13</ele>
	<time>2020-07-18T10:38:05.000Z</time>
	<hdop>6.00</hdop>
	<extensions>
		<gpxtpx:TrackPointExtension>
			<gpxtpx:course>81.64011</gpxtpx:course>
		</gpxtpx:TrackPointExtension>
	</extensions>
</trkpt>
<trkpt lat="50.7406874" lon="13.9308350">
	<ele>721.36</ele>
	<time>2020-07-18T10:38:10.000Z</time>
	<hdop>16.00</hdop>
	<extensions>
		<gpxtpx:TrackPointExtension>
			<gpxtpx:course>123.31397</gpxtpx:course>
		</gpxtpx:TrackPointExtension>
	</extensions>
</trkpt>
<trkpt lat="50.7405061" lon="13.9315408">
	<ele>720.47</ele>
	<time>2020-07-18T10:38:15.000Z</time>
	<hdop>8.00</hdop>
	<extensions>
		<gpxtpx:TrackPointExtension>
			<gpxtpx:course>129.38222</gpxtpx:course>
		</gpxtpx:TrackPointExtension>
	</extensions>
</trkpt>
<trkpt lat="50.7403213" lon="13.9319443">
	<ele>725.71</ele>
	<time>2020-07-18T10:38:20.000Z</time>
	<hdop>12.00</hdop>
	<extensions>
		<gpxtpx:TrackPointExtension>
			<gpxtpx:course>134.8235</gpxtpx:course>
		</gpxtpx:TrackPointExtension>
	</extensions>
</trkpt>
<trkpt lat="50.7401544" lon="13.9322998">
	<ele>727.88</ele>
	<time>2020-07-18T10:38:25.000Z</time>
	<hdop>12.00</hdop>
	<extensions>
		<gpxtpx:TrackPointExtension>
			<gpxtpx:course>121.0209</gpxtpx:course>
		</gpxtpx:TrackPointExtension>
	</extensions>
</trkpt>
<trkpt lat="50.7400863" lon="13.9327656">
	<ele>728.10</ele>
	<time>2020-07-18T10:38:30.000Z</time>
	<hdop>16.00</hdop>
	<extensions>
		<gpxtpx:TrackPointExtension>
			<gpxtpx:course>98.271164</gpxtpx:course>
		</gpxtpx:TrackPointExtension>
	</extensions>
</trkpt>
<trkpt lat="50.7400616" lon="13.9332405">
	<ele>727.75</ele>
	<time>2020-07-18T10:38:35.000Z</time>
	<hdop>8.00</hdop>
	<extensions>
		<gpxtpx:TrackPointExtension>
			<gpxtpx:course>79.00674</gpxtpx:course>
		</gpxtpx:TrackPointExtension>
	</extensions>
</trkpt>
<trkpt lat="50.7401379" lon="13.9337067">
	<ele>727.09</ele>
	<time>2020-07-18T10:38:40.000Z</time>
	<hdop>8.00</hdop>
	<extensions>
		<gpxtpx:TrackPointExtension>
			<gpxtpx:course>74.23241</gpxtpx:course>
		</gpxtpx:TrackPointExtension>
	</extensions>
</trkpt>
<trkpt lat="50.7402573" lon="13.9339366">
	<ele>726.80</ele>
	<time>2020-07-18T10:38:45.000Z</time>
	<hdop>6.00</hdop>
	<extensions>
		<gpxtpx:TrackPointExtension>
			<gpxtpx:course>34.336346</gpxtpx:course>
		</gpxtpx:TrackPointExtension>
	</extensions>
</trkpt>
<trkpt lat="50.7403940" lon="13.9339989">
	<ele>726.56</ele>
	<time>2020-07-18T10:38:50.000Z</time>
	<hdop>4.00</hdop>
	<extensions>
		<gpxtpx:TrackPointExtension>
			<gpxtpx:course>32.794186</gpxtpx:course>
		</gpxtpx:TrackPointExtension>
	</extensions>
</trkpt>
<trkpt lat="50.7405176" lon="13.9341181">
	<ele>726.36</ele>
	<time>2020-07-18T10:38:55.000Z</time>
	<hdop>6.00</hdop>
	<extensions>
		<gpxtpx:TrackPointExtension>
			<gpxtpx:course>20.011965</gpxtpx:course>
		</gpxtpx:TrackPointExtension>
	</extensions>
</trkpt>
<trkpt lat="50.7406161" lon="13.9341653">
	<ele>726.17</ele>
	<time>2020-07-18T10:39:00.000Z</time>
	<hdop>6.00</hdop>
	<extensions>
		<gpxtpx:TrackPointExtension>
			<gpxtpx:course>32.6012</gpxtpx:course>
		</gpxtpx:TrackPointExtension>
	</extensions>
</trkpt>
<trkpt lat="50.7407216" lon="13.9342133">
	<ele>725.94</ele>
	<time>2020-07-18T10:39:06.000Z</time>
	<hdop>6.00</hdop>
	<extensions>
		<gpxtpx:TrackPointExtension>
			<gpxtpx:course>6.6247706</gpxtpx:course>
		</gpxtpx:TrackPointExtension>
	</extensions>
</trkpt>
<trkpt lat="50.7408155" lon="13.9341885">
	<ele>726.27</ele>
	<time>2020-07-18T10:39:11.000Z</time>
	<hdop>6.00</hdop>
	<extensions>
		<gpxtpx:TrackPointExtension>
			<gpxtpx:course>352.16968</gpxtpx:course>
		</gpxtpx:TrackPointExtension>
	</extensions>
</trkpt>
<trkpt lat="50.7409344" lon="13.9341136">
	<ele>727.23</ele>
	<time>2020-07-18T10:39:16.000Z</time>
	<hdop>6.00</hdop>
	<extensions>
		<gpxtpx:TrackPointExtension>
			<gpxtpx:course>347.1758</gpxtpx:course>
		</gpxtpx:TrackPointExtension>
	</extensions>
</trkpt>
<trkpt lat="50.7410249" lon="13.9340291">
	<ele>727.74</ele>
	<time>2020-07-18T10:39:21.000Z</time>
	<hdop>6.00</hdop>
	<extensions>
		<gpxtpx:TrackPointExtension>
			<gpxtpx:course>331.60736</gpxtpx:course>
		</gpxtpx:TrackPointExtension>
	</extensions>
</trkpt>
<trkpt lat="50.7411179" lon="13.9339800">
	<ele>727.88</ele>
	<time>2020-07-18T10:39:26.000Z</time>
	<hdop>6.00</hdop>
	<extensions>
		<gpxtpx:TrackPointExtension>
			<gpxtpx:course>345.1949</gpxtpx:course>
		</gpxtpx:TrackPointExtension>
	</extensions>
</trkpt>
<trkpt lat="50.7411964" lon="13.9339009">
	<ele>726.57</ele>
	<time>2020-07-18T10:39:33.000Z</time>
	<hdop>6.00</hdop>
	<extensions>
		<gpxtpx:TrackPointExtension>
			<gpxtpx:course>321.70627</gpxtpx:course>
		</gpxtpx:TrackPointExtension>
	</extensions>
</trkpt>
<trkpt lat="50.7412884" lon="13.9338270">
	<ele>726.41</ele>
	<time>2020-07-18T10:39:38.000Z</time>
	<hdop>6.00</hdop>
	<extensions>
		<gpxtpx:TrackPointExtension>
			<gpxtpx:course>350.32693</gpxtpx:course>
		</gpxtpx:TrackPointExtension>
	</extensions>
</trkpt>
<trkpt lat="50.7413804" lon="13.9337817">
	<ele>725.67</ele>
	<time>2020-07-18T10:39:44.000Z</time>
	<hdop>6.00</hdop>
	<extensions>
		<gpxtpx:TrackPointExtension>
			<gpxtpx:course>348.22113</gpxtpx:course>
		</gpxtpx:TrackPointExtension>
	</extensions>
</trkpt>
<trkpt lat="50.7414845" lon="13.9338007">
	<ele>724.62</ele>
	<time>2020-07-18T10:39:51.000Z</time>
	<hdop>6.00</hdop>
	<extensions>
		<gpxtpx:TrackPointExtension>
			<gpxtpx:course>7.3725533</gpxtpx:course>
		</gpxtpx:TrackPointExtension>
	</extensions>
</trkpt>
<trkpt lat="50.7416143" lon="13.9340305">
	<ele>724.34</ele>
	<time>2020-07-18T10:39:56.000Z</time>
	<hdop>8.00</hdop>
	<extensions>
		<gpxtpx:TrackPointExtension>
			<gpxtpx:course>43.54699</gpxtpx:course>
		</gpxtpx:TrackPointExtension>
	</extensions>
</trkpt>
<trkpt lat="50.7418575" lon="13.9343060">
	<ele>723.32</ele>
	<time>2020-07-18T10:40:01.000Z</time>
	<hdop>8.00</hdop>
	<extensions>
		<gpxtpx:TrackPointExtension>
			<gpxtpx:course>33.250744</gpxtpx:course>
		</gpxtpx:TrackPointExtension>
	</extensions>
</trkpt>
<trkpt lat="50.7420641" lon="13.9345092">
	<ele>722.87</ele>
	<time>2020-07-18T10:40:06.000Z</time>
	<hdop>8.00</hdop>
	<extensions>
		<gpxtpx:TrackPointExtension>
			<gpxtpx:course>22.781685</gpxtpx:course>
		</gpxtpx:TrackPointExtension>
	</extensions>
</trkpt>
<trkpt lat="50.7423404" lon="13.9347548">
	<ele>722.59</ele>
	<time>2020-07-18T10:40:11.000Z</time>
	<hdop>8.00</hdop>
	<extensions>
		<gpxtpx:TrackPointExtension>
			<gpxtpx:course>34.23022</gpxtpx:course>
		</gpxtpx:TrackPointExtension>
	</extensions>
</trkpt>
<trkpt lat="50.7425011" lon="13.9349370">
	<ele>722.36</ele>
	<time>2020-07-18T10:40:16.000Z</time>
	<hdop>8.00</hdop>
	<extensions>
		<gpxtpx:TrackPointExtension>
			<gpxtpx:course>41.50921</gpxtpx:course>
		</gpxtpx:TrackPointExtension>
	</extensions>
</trkpt>
<trkpt lat="50.7426731" lon="13.9351362">
	<ele>722.27</ele>
	<time>2020-07-18T10:40:21.000Z</time>
	<hdop>8.00</hdop>
	<extensions>
		<gpxtpx:TrackPointExtension>
			<gpxtpx:course>37.239563</gpxtpx:course>
		</gpxtpx:TrackPointExtension>
	</extensions>
</trkpt>
<trkpt lat="50.7430038" lon="13.9355546">
	<ele>720.76</ele>
	<time>2020-07-18T10:40:26.000Z</time>
	<hdop>8.00</hdop>
	<extensions>
		<gpxtpx:TrackPointExtension>
			<gpxtpx:course>34.29528</gpxtpx:course>
		</gpxtpx:TrackPointExtension>
	</extensions>
</trkpt>
<trkpt lat="50.7434791" lon="13.9358658">
	<ele>717.44</ele>
	<time>2020-07-18T10:40:31.000Z</time>
	<hdop>8.00</hdop>
	<extensions>
		<gpxtpx:TrackPointExtension>
			<gpxtpx:course>17.305933</gpxtpx:course>
		</gpxtpx:TrackPointExtension>
	</extensions>
</trkpt>
<trkpt lat="50.7438828" lon="13.9361293">
	<ele>716.36</ele>
	<time>2020-07-18T10:40:36.000Z</time>
	<hdop>8.00</hdop>
	<extensions>
		<gpxtpx:TrackPointExtension>
			<gpxtpx:course>21.313377</gpxtpx:course>
		</gpxtpx:TrackPointExtension>
	</extensions>
</trkpt>
<trkpt lat="50.7442145" lon="13.9363068">
	<ele>718.28</ele>
	<time>2020-07-18T10:40:41.000Z</time>
	<hdop>8.00</hdop>
	<extensions>
		<gpxtpx:TrackPointExtension>
			<gpxtpx:course>16.111645</gpxtpx:course>
		</gpxtpx:TrackPointExtension>
	</extensions>
</trkpt>
<trkpt lat="50.7446327" lon="13.9364366">
	<ele>719.04</ele>
	<time>2020-07-18T10:40:46.000Z</time>
	<hdop>8.00</hdop>
	<extensions>
		<gpxtpx:TrackPointExtension>
			<gpxtpx:course>353.77002</gpxtpx:course>
		</gpxtpx:TrackPointExtension>
	</extensions>
</trkpt>
<trkpt lat="50.7450481" lon="13.9363910">
	<ele>719.43</ele>
	<time>2020-07-18T10:40:51.000Z</time>
	<hdop>6.00</hdop>
	<extensions>
		<gpxtpx:TrackPointExtension>
			<gpxtpx:course>8.008154</gpxtpx:course>
		</gpxtpx:TrackPointExtension>
	</extensions>
</trkpt>
<trkpt lat="50.7453896" lon="13.9365725">
	<ele>718.82</ele>
	<time>2020-07-18T10:40:56.000Z</time>
	<hdop>8.00</hdop>
	<extensions>
		<gpxtpx:TrackPointExtension>
			<gpxtpx:course>21.218727</gpxtpx:course>
		</gpxtpx:TrackPointExtension>
	</extensions>
</trkpt>
<trkpt lat="50.7457877" lon="13.9367706">
	<ele>717.60</ele>
	<time>2020-07-18T10:41:01.000Z</time>
	<hdop>8.00</hdop>
	<extensions>
		<gpxtpx:TrackPointExtension>
			<gpxtpx:course>7.052442</gpxtpx:course>
		</gpxtpx:TrackPointExtension>
	</extensions>
</trkpt>
<trkpt lat="50.7461734" lon="13.9368679">
	<ele>716.24</ele>
	<time>2020-07-18T10:41:06.000Z</time>
	<hdop>6.00</hdop>
	<extensions>
		<gpxtpx:TrackPointExtension>
			<gpxtpx:course>6.45202</gpxtpx:course>
		</gpxtpx:TrackPointExtension>
	</extensions>
</trkpt>
<trkpt lat="50.7465348" lon="13.9370402">
	<ele>715.23</ele>
	<time>2020-07-18T10:41:11.000Z</time>
	<hdop>6.00</hdop>
	<extensions>
		<gpxtpx:TrackPointExtension>
			<gpxtpx:course>37.77971</gpxtpx:course>
		</gpxtpx:TrackPointExtension>
	</extensions>
</trkpt>
<trkpt lat="50.7468810" lon="13.9372973">
	<ele>714.10</ele>
	<time>2020-07-18T10:41:16.000Z</time>
	<hdop>6.00</hdop>
	<extensions>
		<gpxtpx:TrackPointExtension>
			<gpxtpx:course>19.996628</gpxtpx:course>
		</gpxtpx:TrackPointExtension>
	</extensions>
</trkpt>
<trkpt lat="50.7472389" lon="13.9374825">
	<ele>712.21</ele>
	<time>2020-07-18T10:41:21.000Z</time>
	<hdop>8.00</hdop>
	<extensions>
		<gpxtpx:TrackPointExtension>
			<gpxtpx:course>19.528427</gpxtpx:course>
		</gpxtpx:TrackPointExtension>
	</extensions>
</trkpt>
<trkpt lat="50.7474920" lon="13.9375652">
	<ele>709.64</ele>
	<time>2020-07-18T10:41:26.000Z</time>
	<hdop>6.00</hdop>
	<extensions>
		<gpxtpx:TrackPointExtension>
			<gpxtpx:course>3.0556958</gpxtpx:course>
		</gpxtpx:TrackPointExtension>
	</extensions>
</trkpt>
<trkpt lat="50.7477645" lon="13.9375652">
	<ele>707.52</ele>
	<time>2020-07-18T10:41:31.000Z</time>
	<hdop>6.00</hdop>
	<extensions>
		<gpxtpx:TrackPointExtension>
			<gpxtpx:course>3.4987774</gpxtpx:course>
		</gpxtpx:TrackPointExtension>
	</extensions>
</trkpt>
<trkpt lat="50.7480571" lon="13.9376517">
	<ele>705.34</ele>
	<time>2020-07-18T10:41:36.000Z</time>
	<hdop>8.00</hdop>
	<extensions>
		<gpxtpx:TrackPointExtension>
			<gpxtpx:course>39.733295</gpxtpx:course>
		</gpxtpx:TrackPointExtension>
	</extensions>
</trkpt>
<trkpt lat="50.7482410" lon="13.9379992">
	<ele>704.48</ele>
	<time>2020-07-18T10:41:41.000Z</time>
	<hdop>12.00</hdop>
	<extensions>
		<gpxtpx:TrackPointExtension>
			<gpxtpx:course>58.40481</gpxtpx:course>
		</gpxtpx:TrackPointExtension>
	</extensions>
</trkpt>
<trkpt lat="50.7483343" lon="13.9384092">
	<ele>703.67</ele>
	<time>2020-07-18T10:41:46.000Z</time>
	<hdop>8.00</hdop>
	<extensions>
		<gpxtpx:TrackPointExtension>
			<gpxtpx:course>82.501945</gpxtpx:course>
		</gpxtpx:TrackPointExtension>
	</extensions>
</trkpt>
<trkpt lat="50.7483453" lon="13.9388644">
	<ele>702.77</ele>
	<time>2020-07-18T10:41:51.000Z</time>
	<hdop>6.00</hdop>
	<extensions>
		<gpxtpx:TrackPointExtension>
			<gpxtpx:course>71.54487</gpxtpx:course>
		</gpxtpx:TrackPointExtension>
	</extensions>
</trkpt>
<trkpt lat="50.7484308" lon="13.9392379">
	<ele>701.49</ele>
	<time>2020-07-18T10:41:56.000Z</time>
	<hdop>4.00</hdop>
	<extensions>
		<gpxtpx:TrackPointExtension>
			<gpxtpx:course>74.84777</gpxtpx:course>
		</gpxtpx:TrackPointExtension>
	</extensions>
</trkpt>
<trkpt lat="50.7484272" lon="13.9396253">
	<ele>699.19</ele>
	<time>2020-07-18T10:42:01.000Z</time>
	<hdop>4.00</hdop>
	<extensions>
		<gpxtpx:TrackPointExtension>
			<gpxtpx:course>70.74617</gpxtpx:course>
		</gpxtpx:TrackPointExtension>
	</extensions>
</trkpt>
<trkpt lat="50.7484571" lon="13.9399465">
	<ele>697.47</ele>
	<time>2020-07-18T10:42:06.000Z</time>
	<hdop>4.00</hdop>
	<extensions>
		<gpxtpx:TrackPointExtension>
			<gpxtpx:course>74.74814</gpxtpx:course>
		</gpxtpx:TrackPointExtension>
	</extensions>
</trkpt>
<trkpt lat="50.7484713" lon="13.9401961">
	<ele>696.97</ele>
	<time>2020-07-18T10:42:11.000Z</time>
	<hdop>4.00</hdop>
	<extensions>
		<gpxtpx:TrackPointExtension>
			<gpxtpx:course>94.15343</gpxtpx:course>
		</gpxtpx:TrackPointExtension>
	</extensions>
</trkpt>
<trkpt lat="50.7484892" lon="13.9403930">
	<ele>696.78</ele>
	<time>2020-07-18T10:42:16.000Z</time>
	<hdop>4.00</hdop>
	<extensions>
		<gpxtpx:TrackPointExtension>
			<gpxtpx:course>70.41259</gpxtpx:course>
		</gpxtpx:TrackPointExtension>
	</extensions>
</trkpt>
<trkpt lat="50.7485330" lon="13.9405362">
	<ele>696.58</ele>
	<time>2020-07-18T10:42:21.000Z</time>
	<hdop>6.00</hdop>
	<extensions>
		<gpxtpx:TrackPointExtension>
			<gpxtpx:course>109.26668</gpxtpx:course>
		</gpxtpx:TrackPointExtension>
	</extensions>
</trkpt>
<trkpt lat="50.7485227" lon="13.9407311">
	<ele>696.34</ele>
	<time>2020-07-18T10:42:26.000Z</time>
	<hdop>6.00</hdop>
	<extensions>
		<gpxtpx:TrackPointExtension>
			<gpxtpx:course>102.04606</gpxtpx:course>
		</gpxtpx:TrackPointExtension>
	</extensions>
</trkpt>
<trkpt lat="50.7484985" lon="13.9409531">
	<ele>696.07</ele>
	<time>2020-07-18T10:42:31.000Z</time>
	<hdop>6.00</hdop>
	<extensions>
		<gpxtpx:TrackPointExtension>
			<gpxtpx:course>87.953384</gpxtpx:course>
		</gpxtpx:TrackPointExtension>
	</extensions>
</trkpt>
<trkpt lat="50.7484922" lon="13.9411092">
	<ele>695.54</ele>
	<time>2020-07-18T10:42:41.000Z</time>
	<hdop>6.00</hdop>
	<extensions>
		<gpxtpx:TrackPointExtension>
			<gpxtpx:course>110.424965</gpxtpx:course>
		</gpxtpx:TrackPointExtension>
	</extensions>
</trkpt>
<trkpt lat="50.7484948" lon="13.9413249">
	<ele>695.27</ele>
	<time>2020-07-18T10:42:46.000Z</time>
	<hdop>6.00</hdop>
	<extensions>
		<gpxtpx:TrackPointExtension>
			<gpxtpx:course>61.46128</gpxtpx:course>
		</gpxtpx:TrackPointExtension>
	</extensions>
</trkpt>
<trkpt lat="50.7484994" lon="13.9415315">
	<ele>695.10</ele>
	<time>2020-07-18T10:42:51.000Z</time>
	<hdop>6.00</hdop>
	<extensions>
		<gpxtpx:TrackPointExtension>
			<gpxtpx:course>90.70799</gpxtpx:course>
		</gpxtpx:TrackPointExtension>
	</extensions>
</trkpt>
<trkpt lat="50.7485168" lon="13.9417613">
	<ele>695.27</ele>
	<time>2020-07-18T10:42:56.000Z</time>
	<hdop>6.00</hdop>
	<extensions>
		<gpxtpx:TrackPointExtension>
			<gpxtpx:course>75.865616</gpxtpx:course>
		</gpxtpx:TrackPointExtension>
	</extensions>
</trkpt>
<trkpt lat="50.7485498" lon="13.9419315">
	<ele>695.44</ele>
	<time>2020-07-18T10:43:01.000Z</time>
	<hdop>6.00</hdop>
	<extensions>
		<gpxtpx:TrackPointExtension>
			<gpxtpx:course>68.21472</gpxtpx:course>
		</gpxtpx:TrackPointExtension>
	</extensions>
</trkpt>
<trkpt lat="50.7485220" lon="13.9420813">
	<ele>694.86</ele>
	<time>2020-07-18T10:43:07.000Z</time>
	<hdop>6.00</hdop>
	<extensions>
		<gpxtpx:TrackPointExtension>
			<gpxtpx:course>115.022736</gpxtpx:course>
		</gpxtpx:TrackPointExtension>
	</extensions>
</trkpt>
<trkpt lat="50.7484453" lon="13.9422080">
	<ele>694.39</ele>
	<time>2020-07-18T10:43:12.000Z</time>
	<hdop>6.00</hdop>
	<extensions>
		<gpxtpx:TrackPointExtension>
			<gpxtpx:course>145.26689</gpxtpx:course>
		</gpxtpx:TrackPointExtension>
	</extensions>
</trkpt>
<trkpt lat="50.7483437" lon="13.9423439">
	<ele>693.97</ele>
	<time>2020-07-18T10:43:17.000Z</time>
	<hdop>6.00</hdop>
	<extensions>
		<gpxtpx:TrackPointExtension>
			<gpxtpx:course>135.79668</gpxtpx:course>
		</gpxtpx:TrackPointExtension>
	</extensions>
</trkpt>
<trkpt lat="50.7482285" lon="13.9424900">
	<ele>693.73</ele>
	<time>2020-07-18T10:43:22.000Z</time>
	<hdop>6.00</hdop>
	<extensions>
		<gpxtpx:TrackPointExtension>
			<gpxtpx:course>125.66493</gpxtpx:course>
		</gpxtpx:TrackPointExtension>
	</extensions>
</trkpt>
<trkpt lat="50.7481523" lon="13.9426016">
	<ele>693.39</ele>
	<time>2020-07-18T10:43:28.000Z</time>
	<hdop>6.00</hdop>
	<extensions>
		<gpxtpx:TrackPointExtension>
			<gpxtpx:course>137.56413</gpxtpx:course>
		</gpxtpx:TrackPointExtension>
	</extensions>
</trkpt>
<trkpt lat="50.7480803" lon="13.9427244">
	<ele>693.19</ele>
	<time>2020-07-18T10:43:33.000Z</time>
	<hdop>6.00</hdop>
	<extensions>
		<gpxtpx:TrackPointExtension>
			<gpxtpx:course>117.397675</gpxtpx:course>
		</gpxtpx:TrackPointExtension>
	</extensions>
</trkpt>
<trkpt lat="50.7480441" lon="13.9428605">
	<ele>693.03</ele>
	<time>2020-07-18T10:43:38.000Z</time>
	<hdop>6.00</hdop>
	<extensions>
		<gpxtpx:TrackPointExtension>
			<gpxtpx:course>97.57726</gpxtpx:course>
		</gpxtpx:TrackPointExtension>
	</extensions>
</trkpt>
<trkpt lat="50.7480252" lon="13.9430007">
	<ele>692.90</ele>
	<time>2020-07-18T10:43:43.000Z</time>
	<hdop>6.00</hdop>
	<extensions>
		<gpxtpx:TrackPointExtension>
			<gpxtpx:course>114.26032</gpxtpx:course>
		</gpxtpx:TrackPointExtension>
	</extensions>
</trkpt>
<trkpt lat="50.7479919" lon="13.9431670">
	<ele>692.91</ele>
	<time>2020-07-18T10:43:48.000Z</time>
	<hdop>6.00</hdop>
	<extensions>
		<gpxtpx:TrackPointExtension>
			<gpxtpx:course>100.509224</gpxtpx:course>
		</gpxtpx:TrackPointExtension>
	</extensions>
</trkpt>
<trkpt lat="50.7479754" lon="13.9433175">
	<ele>692.41</ele>
	<time>2020-07-18T10:43:58.000Z</time>
	<hdop>6.00</hdop>
	<extensions>
		<gpxtpx:TrackPointExtension>
			<gpxtpx:course>102.94893</gpxtpx:course>
		</gpxtpx:TrackPointExtension>
	</extensions>
</trkpt>
<trkpt lat="50.7479529" lon="13.9434763">
	<ele>691.94</ele>
	<time>2020-07-18T10:44:10.000Z</time>
	<hdop>6.00</hdop>
	<extensions>
		<gpxtpx:TrackPointExtension>
			<gpxtpx:course>92.819855</gpxtpx:course>
		</gpxtpx:TrackPointExtension>
	</extensions>
</trkpt>
<trkpt lat="50.7479436" lon="13.9436524">
	<ele>691.72</ele>
	<time>2020-07-18T10:44:15.000Z</time>
	<hdop>6.00</hdop>
	<extensions>
		<gpxtpx:TrackPointExtension>
			<gpxtpx:course>95.023865</gpxtpx:course>
		</gpxtpx:TrackPointExtension>
	</extensions>
</trkpt>
<trkpt lat="50.7479310" lon="13.9438027">
	<ele>691.47</ele>
	<time>2020-07-18T10:44:21.000Z</time>
	<hdop>6.00</hdop>
	<extensions>
		<gpxtpx:TrackPointExtension>
			<gpxtpx:course>96.96965</gpxtpx:course>
		</gpxtpx:TrackPointExtension>
	</extensions>
</trkpt>
<trkpt lat="50.7479132" lon="13.9439684">
	<ele>691.27</ele>
	<time>2020-07-18T10:44:28.000Z</time>
	<hdop>6.00</hdop>
	<extensions>
		<gpxtpx:TrackPointExtension>
			<gpxtpx:course>63.884727</gpxtpx:course>
		</gpxtpx:TrackPointExtension>
	</extensions>
</trkpt>
<trkpt lat="50.7479507" lon="13.9441342">
	<ele>691.40</ele>
	<time>2020-07-18T10:49:35.000Z</time>
	<hdop>4.00</hdop>
	<extensions>
		<gpxtpx:TrackPointExtension>
			<gpxtpx:course>63.661453</gpxtpx:course>
		</gpxtpx:TrackPointExtension>
	</extensions>
</trkpt>
<trkpt lat="50.7479850" lon="13.9443044">
	<ele>691.66</ele>
	<time>2020-07-18T10:49:40.000Z</time>
	<hdop>4.00</hdop>
	<extensions>
		<gpxtpx:TrackPointExtension>
			<gpxtpx:course>72.61095</gpxtpx:course>
		</gpxtpx:TrackPointExtension>
	</extensions>
</trkpt>
<trkpt lat="50.7479713" lon="13.9444596">
	<ele>692.24</ele>
	<time>2020-07-18T10:49:45.000Z</time>
	<hdop>4.00</hdop>
	<extensions>
		<gpxtpx:TrackPointExtension>
			<gpxtpx:course>67.680626</gpxtpx:course>
		</gpxtpx:TrackPointExtension>
	</extensions>
</trkpt>
<trkpt lat="50.7480041" lon="13.9446294">
	<ele>692.77</ele>
	<time>2020-07-18T10:49:50.000Z</time>
	<hdop>6.00</hdop>
	<extensions>
		<gpxtpx:TrackPointExtension>
			<gpxtpx:course>63.874413</gpxtpx:course>
		</gpxtpx:TrackPointExtension>
	</extensions>
</trkpt>
<trkpt lat="50.7480123" lon="13.9448686">
	<ele>693.34</ele>
	<time>2020-07-18T10:49:55.000Z</time>
	<hdop>6.00</hdop>
	<extensions>
		<gpxtpx:TrackPointExtension>
			<gpxtpx:course>98.79842</gpxtpx:course>
		</gpxtpx:TrackPointExtension>
	</extensions>
</trkpt>
<trkpt lat="50.7479739" lon="13.9450797">
	<ele>693.72</ele>
	<time>2020-07-18T10:50:00.000Z</time>
	<hdop>6.00</hdop>
	<extensions>
		<gpxtpx:TrackPointExtension>
			<gpxtpx:course>110.041565</gpxtpx:course>
		</gpxtpx:TrackPointExtension>
	</extensions>
</trkpt>
<trkpt lat="50.7479340" lon="13.9452456">
	<ele>693.66</ele>
	<time>2020-07-18T10:50:05.000Z</time>
	<hdop>6.00</hdop>
	<extensions>
		<gpxtpx:TrackPointExtension>
			<gpxtpx:course>120.432014</gpxtpx:course>
		</gpxtpx:TrackPointExtension>
	</extensions>
</trkpt>
<trkpt lat="50.7478769" lon="13.9454107">
	<ele>693.17</ele>
	<time>2020-07-18T10:50:10.000Z</time>
	<hdop>6.00</hdop>
	<extensions>
		<gpxtpx:TrackPointExtension>
			<gpxtpx:course>116.42677</gpxtpx:course>
		</gpxtpx:TrackPointExtension>
	</extensions>
</trkpt>
<trkpt lat="50.7478549" lon="13.9455643">
	<ele>692.76</ele>
	<time>2020-07-18T10:50:15.000Z</time>
	<hdop>6.00</hdop>
	<extensions>
		<gpxtpx:TrackPointExtension>
			<gpxtpx:course>91.528145</gpxtpx:course>
		</gpxtpx:TrackPointExtension>
	</extensions>
</trkpt>
<trkpt lat="50.7478434" lon="13.9458284">
	<ele>692.83</ele>
	<time>2020-07-18T10:50:20.000Z</time>
	<hdop>6.00</hdop>
	<extensions>
		<gpxtpx:TrackPointExtension>
			<gpxtpx:course>102.80699</gpxtpx:course>
		</gpxtpx:TrackPointExtension>
	</extensions>
</trkpt>
<trkpt lat="50.7478371" lon="13.9460083">
	<ele>692.66</ele>
	<time>2020-07-18T10:50:25.000Z</time>
	<hdop>8.00</hdop>
	<extensions>
		<gpxtpx:TrackPointExtension>
			<gpxtpx:course>99.154724</gpxtpx:course>
		</gpxtpx:TrackPointExtension>
	</extensions>
</trkpt>
<trkpt lat="50.7478322" lon="13.9462307">
	<ele>692.53</ele>
	<time>2020-07-18T10:50:30.000Z</time>
	<hdop>8.00</hdop>
	<extensions>
		<gpxtpx:TrackPointExtension>
			<gpxtpx:course>87.206795</gpxtpx:course>
		</gpxtpx:TrackPointExtension>
	</extensions>
</trkpt>
<trkpt lat="50.7478587" lon="13.9464090">
	<ele>692.56</ele>
	<time>2020-07-18T10:50:35.000Z</time>
	<hdop>8.00</hdop>
	<extensions>
		<gpxtpx:TrackPointExtension>
			<gpxtpx:course>64.63119</gpxtpx:course>
		</gpxtpx:TrackPointExtension>
	</extensions>
</trkpt>
<trkpt lat="50.7478719" lon="13.9466347">
	<ele>692.58</ele>
	<time>2020-07-18T10:50:40.000Z</time>
	<hdop>8.00</hdop>
	<extensions>
		<gpxtpx:TrackPointExtension>
			<gpxtpx:course>90.703926</gpxtpx:course>
		</gpxtpx:TrackPointExtension>
	</extensions>
</trkpt>
<trkpt lat="50.7478866" lon="13.9468532">
	<ele>692.74</ele>
	<time>2020-07-18T10:50:45.000Z</time>
	<hdop>8.00</hdop>
	<extensions>
		<gpxtpx:TrackPointExtension>
			<gpxtpx:course>88.832466</gpxtpx:course>
		</gpxtpx:TrackPointExtension>
	</extensions>
</trkpt>
<trkpt lat="50.7479163" lon="13.9470759">
	<ele>693.04</ele>
	<time>2020-07-18T10:50:50.000Z</time>
	<hdop>8.00</hdop>
	<extensions>
		<gpxtpx:TrackPointExtension>
			<gpxtpx:course>78.37703</gpxtpx:course>
		</gpxtpx:TrackPointExtension>
	</extensions>
</trkpt>
<trkpt lat="50.7479476" lon="13.9472896">
	<ele>693.34</ele>
	<time>2020-07-18T10:50:55.000Z</time>
	<hdop>8.00</hdop>
	<extensions>
		<gpxtpx:TrackPointExtension>
			<gpxtpx:course>59.592876</gpxtpx:course>
		</gpxtpx:TrackPointExtension>
	</extensions>
</trkpt>
<trkpt lat="50.7480153" lon="13.9474816">
	<ele>693.83</ele>
	<time>2020-07-18T10:51:00.000Z</time>
	<hdop>8.00</hdop>
	<extensions>
		<gpxtpx:TrackPointExtension>
			<gpxtpx:course>56.094563</gpxtpx:course>
		</gpxtpx:TrackPointExtension>
	</extensions>
</trkpt>
<trkpt lat="50.7480804" lon="13.9476709">
	<ele>694.11</ele>
	<time>2020-07-18T10:51:05.000Z</time>
	<hdop>6.00</hdop>
	<extensions>
		<gpxtpx:TrackPointExtension>
			<gpxtpx:course>59.66067</gpxtpx:course>
		</gpxtpx:TrackPointExtension>
	</extensions>
</trkpt>
<trkpt lat="50.7481063" lon="13.9478198">
	<ele>693.57</ele>
	<time>2020-07-18T10:51:10.000Z</time>
	<hdop>6.00</hdop>
	<extensions>
		<gpxtpx:TrackPointExtension>
			<gpxtpx:course>76.52152</gpxtpx:course>
		</gpxtpx:TrackPointExtension>
	</extensions>
</trkpt>
<trkpt lat="50.7481620" lon="13.9479903">
	<ele>693.23</ele>
	<time>2020-07-18T10:51:16.000Z</time>
	<hdop>6.00</hdop>
	<extensions>
		<gpxtpx:TrackPointExtension>
			<gpxtpx:course>71.425804</gpxtpx:course>
		</gpxtpx:TrackPointExtension>
	</extensions>
</trkpt>
<trkpt lat="50.7481904" lon="13.9481643">
	<ele>693.12</ele>
	<time>2020-07-18T10:51:21.000Z</time>
	<hdop>6.00</hdop>
	<extensions>
		<gpxtpx:TrackPointExtension>
			<gpxtpx:course>41.960857</gpxtpx:course>
		</gpxtpx:TrackPointExtension>
	</extensions>
</trkpt>
<trkpt lat="50.7481988" lon="13.9483160">
	<ele>692.69</ele>
	<time>2020-07-18T10:51:34.000Z</time>
	<hdop>4.00</hdop>
	<extensions>
		<gpxtpx:TrackPointExtension>
			<gpxtpx:course>40.680363</gpxtpx:course>
		</gpxtpx:TrackPointExtension>
	</extensions>
</trkpt>
<trkpt lat="50.7482850" lon="13.9482035">
	<ele>692.96</ele>
	<time>2020-07-18T10:51:51.000Z</time>
	<hdop>4.00</hdop>
	<extensions>
		<gpxtpx:TrackPointExtension>
			<gpxtpx:course>317.20187</gpxtpx:course>
		</gpxtpx:TrackPointExtension>
	</extensions>
</trkpt>
<trkpt lat="50.7483872" lon="13.9481204">
	<ele>693.12</ele>
	<time>2020-07-18T10:51:56.000Z</time>
	<hdop>4.00</hdop>
	<extensions>
		<gpxtpx:TrackPointExtension>
			<gpxtpx:course>321.44925</gpxtpx:course>
		</gpxtpx:TrackPointExtension>
	</extensions>
</trkpt>
<trkpt lat="50.7484905" lon="13.9480528">
	<ele>693.27</ele>
	<time>2020-07-18T10:52:01.000Z</time>
	<hdop>4.00</hdop>
	<extensions>
		<gpxtpx:TrackPointExtension>
			<gpxtpx:course>347.95248</gpxtpx:course>
		</gpxtpx:TrackPointExtension>
	</extensions>
</trkpt>
<trkpt lat="50.7485887" lon="13.9480039">
	<ele>693.41</ele>
	<time>2020-07-18T10:52:06.000Z</time>
	<hdop>6.00</hdop>
	<extensions>
		<gpxtpx:TrackPointExtension>
			<gpxtpx:course>350.37384</gpxtpx:course>
		</gpxtpx:TrackPointExtension>
	</extensions>
</trkpt>
<trkpt lat="50.7487225" lon="13.9479787">
	<ele>693.62</ele>
	<time>2020-07-18T10:52:11.000Z</time>
	<hdop>6.00</hdop>
	<extensions>
		<gpxtpx:TrackPointExtension>
			<gpxtpx:course>2.8353274</gpxtpx:course>
		</gpxtpx:TrackPointExtension>
	</extensions>
</trkpt>
<trkpt lat="50.7488518" lon="13.9480442">
	<ele>694.10</ele>
	<time>2020-07-18T10:52:16.000Z</time>
	<hdop>6.00</hdop>
	<extensions>
		<gpxtpx:TrackPointExtension>
			<gpxtpx:course>11.811744</gpxtpx:course>
		</gpxtpx:TrackPointExtension>
	</extensions>
</trkpt>
<trkpt lat="50.7490235" lon="13.9480836">
	<ele>694.48</ele>
	<time>2020-07-18T10:52:21.000Z</time>
	<hdop>6.00</hdop>
	<extensions>
		<gpxtpx:TrackPointExtension>
			<gpxtpx:course>24.533741</gpxtpx:course>
		</gpxtpx:TrackPointExtension>
	</extensions>
</trkpt>
<trkpt lat="50.7491811" lon="13.9481758">
	<ele>694.71</ele>
	<time>2020-07-18T10:52:26.000Z</time>
	<hdop>6.00</hdop>
	<extensions>
		<gpxtpx:TrackPointExtension>
			<gpxtpx:course>0.44000432</gpxtpx:course>
		</gpxtpx:TrackPointExtension>
	</extensions>
</trkpt>
<trkpt lat="50.7493416" lon="13.9481504">
	<ele>694.72</ele>
	<time>2020-07-18T10:52:31.000Z</time>
	<hdop>6.00</hdop>
	<extensions>
		<gpxtpx:TrackPointExtension>
			<gpxtpx:course>343.21997</gpxtpx:course>
		</gpxtpx:TrackPointExtension>
	</extensions>
</trkpt>
<trkpt lat="50.7495065" lon="13.9480765">
	<ele>694.54</ele>
	<time>2020-07-18T10:52:36.000Z</time>
	<hdop>6.00</hdop>
	<extensions>
		<gpxtpx:TrackPointExtension>
			<gpxtpx:course>350.80075</gpxtpx:course>
		</gpxtpx:TrackPointExtension>
	</extensions>
</trkpt>
<trkpt lat="50.7496532" lon="13.9480185">
	<ele>694.51</ele>
	<time>2020-07-18T10:52:41.000Z</time>
	<hdop>6.00</hdop>
	<extensions>
		<gpxtpx:TrackPointExtension>
			<gpxtpx:course>340.8467</gpxtpx:course>
		</gpxtpx:TrackPointExtension>
	</extensions>
</trkpt>
<trkpt lat="50.7497591" lon="13.9478783">
	<ele>694.52</ele>
	<time>2020-07-18T10:52:46.000Z</time>
	<hdop>8.00</hdop>
	<extensions>
		<gpxtpx:TrackPointExtension>
			<gpxtpx:course>321.56104</gpxtpx:course>
		</gpxtpx:TrackPointExtension>
	</extensions>
</trkpt>
<trkpt lat="50.7499625" lon="13.9476816">
	<ele>694.70</ele>
	<time>2020-07-18T10:52:51.000Z</time>
	<hdop>8.00</hdop>
	<extensions>
		<gpxtpx:TrackPointExtension>
			<gpxtpx:course>330.77975</gpxtpx:course>
		</gpxtpx:TrackPointExtension>
	</extensions>
</trkpt>
<trkpt lat="50.7501337" lon="13.9475391">
	<ele>694.78</ele>
	<time>2020-07-18T10:52:56.000Z</time>
	<hdop>8.00</hdop>
	<extensions>
		<gpxtpx:TrackPointExtension>
			<gpxtpx:course>333.61572</gpxtpx:course>
		</gpxtpx:TrackPointExtension>
	</extensions>
</trkpt>
<trkpt lat="50.7502658" lon="13.9473730">
	<ele>694.94</ele>
	<time>2020-07-18T10:53:01.000Z</time>
	<hdop>8.00</hdop>
	<extensions>
		<gpxtpx:TrackPointExtension>
			<gpxtpx:course>319.52704</gpxtpx:course>
		</gpxtpx:TrackPointExtension>
	</extensions>
</trkpt>
<trkpt lat="50.7503969" lon="13.9472268">
	<ele>695.20</ele>
	<time>2020-07-18T10:53:06.000Z</time>
	<hdop>8.00</hdop>
	<extensions>
		<gpxtpx:TrackPointExtension>
			<gpxtpx:course>329.00977</gpxtpx:course>
		</gpxtpx:TrackPointExtension>
	</extensions>
</trkpt>
<trkpt lat="50.7505993" lon="13.9470688">
	<ele>695.65</ele>
	<time>2020-07-18T10:53:11.000Z</time>
	<hdop>8.00</hdop>
	<extensions>
		<gpxtpx:TrackPointExtension>
			<gpxtpx:course>348.2795</gpxtpx:course>
		</gpxtpx:TrackPointExtension>
	</extensions>
</trkpt>
<trkpt lat="50.7508595" lon="13.9469403">
	<ele>696.52</ele>
	<time>2020-07-18T10:53:16.000Z</time>
	<hdop>8.00</hdop>
	<extensions>
		<gpxtpx:TrackPointExtension>
			<gpxtpx:course>340.2623</gpxtpx:course>
		</gpxtpx:TrackPointExtension>
	</extensions>
</trkpt>
<trkpt lat="50.7510345" lon="13.9468257">
	<ele>696.73</ele>
	<time>2020-07-18T10:53:21.000Z</time>
	<hdop>8.00</hdop>
	<extensions>
		<gpxtpx:TrackPointExtension>
			<gpxtpx:course>346.5584</gpxtpx:course>
		</gpxtpx:TrackPointExtension>
	</extensions>
</trkpt>
<trkpt lat="50.7512452" lon="13.9467324">
	<ele>697.01</ele>
	<time>2020-07-18T10:53:26.000Z</time>
	<hdop>8.00</hdop>
	<extensions>
		<gpxtpx:TrackPointExtension>
			<gpxtpx:course>355.97583</gpxtpx:course>
		</gpxtpx:TrackPointExtension>
	</extensions>
</trkpt>
<trkpt lat="50.7513815" lon="13.9466761">
	<ele>697.07</ele>
	<time>2020-07-18T10:53:31.000Z</time>
	<hdop>8.00</hdop>
	<extensions>
		<gpxtpx:TrackPointExtension>
			<gpxtpx:course>349.79272</gpxtpx:course>
		</gpxtpx:TrackPointExtension>
	</extensions>
</trkpt>
<trkpt lat="50.7515397" lon="13.9465816">
	<ele>697.13</ele>
	<time>2020-07-18T10:53:36.000Z</time>
	<hdop>8.00</hdop>
	<extensions>
		<gpxtpx:TrackPointExtension>
			<gpxtpx:course>343.4423</gpxtpx:course>
		</gpxtpx:TrackPointExtension>
	</extensions>
</trkpt>
<trkpt lat="50.7516741" lon="13.9465229">
	<ele>697.32</ele>
	<time>2020-07-18T10:53:41.000Z</time>
	<hdop>8.00</hdop>
	<extensions>
		<gpxtpx:TrackPointExtension>
			<gpxtpx:course>354.0238</gpxtpx:course>
		</gpxtpx:TrackPointExtension>
	</extensions>
</trkpt>
<trkpt lat="50.7517946" lon="13.9465034">
	<ele>697.64</ele>
	<time>2020-07-18T10:53:46.000Z</time>
	<hdop>8.00</hdop>
	<extensions>
		<gpxtpx:TrackPointExtension>
			<gpxtpx:course>10.104711</gpxtpx:course>
		</gpxtpx:TrackPointExtension>
	</extensions>
</trkpt>
<trkpt lat="50.7520083" lon="13.9466250">
	<ele>698.62</ele>
	<time>2020-07-18T10:53:51.000Z</time>
	<hdop>8.00</hdop>
	<extensions>
		<gpxtpx:TrackPointExtension>
			<gpxtpx:course>18.014008</gpxtpx:course>
		</gpxtpx:TrackPointExtension>
	</extensions>
</trkpt>
<trkpt lat="50.7522058" lon="13.9466492">
	<ele>699.18</ele>
	<time>2020-07-18T10:53:56.000Z</time>
	<hdop>8.00</hdop>
	<extensions>
		<gpxtpx:TrackPointExtension>
			<gpxtpx:course>8.912625</gpxtpx:course>
		</gpxtpx:TrackPointExtension>
	</extensions>
</trkpt>
<trkpt lat="50.7522958" lon="13.9466207">
	<ele>699.61</ele>
	<time>2020-07-18T10:54:03.000Z</time>
	<hdop>8.00</hdop>
	<extensions>
		<gpxtpx:TrackPointExtension>
			<gpxtpx:course>13.801158</gpxtpx:course>
		</gpxtpx:TrackPointExtension>
	</extensions>
</trkpt>
<trkpt lat="50.7523846" lon="13.9465631">
	<ele>701.13</ele>
	<time>2020-07-18T10:54:26.000Z</time>
	<hdop>6.00</hdop>
	<extensions>
		<gpxtpx:TrackPointExtension>
			<gpxtpx:course>337.66446</gpxtpx:course>
		</gpxtpx:TrackPointExtension>
	</extensions>
</trkpt>
<trkpt lat="50.7524869" lon="13.9465472">
	<ele>701.60</ele>
	<time>2020-07-18T10:54:31.000Z</time>
	<hdop>6.00</hdop>
	<extensions>
		<gpxtpx:TrackPointExtension>
			<gpxtpx:course>351.51923</gpxtpx:course>
		</gpxtpx:TrackPointExtension>
	</extensions>
</trkpt>
<trkpt lat="50.7526815" lon="13.9465548">
	<ele>701.90</ele>
	<time>2020-07-18T10:54:36.000Z</time>
	<hdop>6.00</hdop>
	<extensions>
		<gpxtpx:TrackPointExtension>
			<gpxtpx:course>4.899658</gpxtpx:course>
		</gpxtpx:TrackPointExtension>
	</extensions>
</trkpt>
<trkpt lat="50.7528486" lon="13.9464868">
	<ele>702.29</ele>
	<time>2020-07-18T10:54:41.000Z</time>
	<hdop>6.00</hdop>
	<extensions>
		<gpxtpx:TrackPointExtension>
			<gpxtpx:course>345.93143</gpxtpx:course>
		</gpxtpx:TrackPointExtension>
	</extensions>
</trkpt>
<trkpt lat="50.7530624" lon="13.9464155">
	<ele>703.50</ele>
	<time>2020-07-18T10:54:46.000Z</time>
	<hdop>6.00</hdop>
	<extensions>
		<gpxtpx:TrackPointExtension>
			<gpxtpx:course>339.1963</gpxtpx:course>
		</gpxtpx:TrackPointExtension>
	</extensions>
</trkpt>
<trkpt lat="50.7532355" lon="13.9462975">
	<ele>703.92</ele>
	<time>2020-07-18T10:54:51.000Z</time>
	<hdop>8.00</hdop>
	<extensions>
		<gpxtpx:TrackPointExtension>
			<gpxtpx:course>345.36032</gpxtpx:course>
		</gpxtpx:TrackPointExtension>
	</extensions>
</trkpt>
<trkpt lat="50.7534559" lon="13.9461756">
	<ele>705.33</ele>
	<time>2020-07-18T10:54:56.000Z</time>
	<hdop>8.00</hdop>
	<extensions>
		<gpxtpx:TrackPointExtension>
			<gpxtpx:course>356.9066</gpxtpx:course>
		</gpxtpx:TrackPointExtension>
	</extensions>
</trkpt>
<trkpt lat="50.7536154" lon="13.9461472">
	<ele>706.20</ele>
	<time>2020-07-18T10:55:01.000Z</time>
	<hdop>8.00</hdop>
	<extensions>
		<gpxtpx:TrackPointExtension>
			<gpxtpx:course>28.598488</gpxtpx:course>
		</gpxtpx:TrackPointExtension>
	</extensions>
</trkpt>
<trkpt lat="50.7538796" lon="13.9462861">
	<ele>706.27</ele>
	<time>2020-07-18T10:55:06.000Z</time>
	<hdop>6.00</hdop>
	<extensions>
		<gpxtpx:TrackPointExtension>
			<gpxtpx:course>35.333015</gpxtpx:course>
		</gpxtpx:TrackPointExtension>
	</extensions>
</trkpt>
<trkpt lat="50.7541150" lon="13.9464911">
	<ele>706.34</ele>
	<time>2020-07-18T10:55:11.000Z</time>
	<hdop>8.00</hdop>
	<extensions>
		<gpxtpx:TrackPointExtension>
			<gpxtpx:course>28.351492</gpxtpx:course>
		</gpxtpx:TrackPointExtension>
	</extensions>
</trkpt>
<trkpt lat="50.7543980" lon="13.9466641">
	<ele>706.34</ele>
	<time>2020-07-18T10:55:16.000Z</time>
	<hdop>8.00</hdop>
	<extensions>
		<gpxtpx:TrackPointExtension>
			<gpxtpx:course>23.865726</gpxtpx:course>
		</gpxtpx:TrackPointExtension>
	</extensions>
</trkpt>
<trkpt lat="50.7546625" lon="13.9467398">
	<ele>706.74</ele>
	<time>2020-07-18T10:55:21.000Z</time>
	<hdop>12.00</hdop>
	<extensions>
		<gpxtpx:TrackPointExtension>
			<gpxtpx:course>0.3940746</gpxtpx:course>
		</gpxtpx:TrackPointExtension>
	</extensions>
</trkpt>
<trkpt lat="50.7549870" lon="13.9466049">
	<ele>707.55</ele>
	<time>2020-07-18T10:55:26.000Z</time>
	<hdop>12.00</hdop>
	<extensions>
		<gpxtpx:TrackPointExtension>
			<gpxtpx:course>5.1969023</gpxtpx:course>
		</gpxtpx:TrackPointExtension>
	</extensions>
</trkpt>
<trkpt lat="50.7551829" lon="13.9466076">
	<ele>708.18</ele>
	<time>2020-07-18T10:55:31.000Z</time>
	<hdop>8.00</hdop>
	<extensions>
		<gpxtpx:TrackPointExtension>
			<gpxtpx:course>48.449432</gpxtpx:course>
		</gpxtpx:TrackPointExtension>
	</extensions>
</trkpt>
<trkpt lat="50.7553588" lon="13.9466461">
	<ele>708.24</ele>
	<time>2020-07-18T10:55:36.000Z</time>
	<hdop>8.00</hdop>
	<extensions>
		<gpxtpx:TrackPointExtension>
			<gpxtpx:course>356.36212</gpxtpx:course>
		</gpxtpx:TrackPointExtension>
	</extensions>
</trkpt>
<trkpt lat="50.7555551" lon="13.9464203">
	<ele>707.80</ele>
	<time>2020-07-18T10:55:41.000Z</time>
	<hdop>8.00</hdop>
	<extensions>
		<gpxtpx:TrackPointExtension>
			<gpxtpx:course>333.35428</gpxtpx:course>
		</gpxtpx:TrackPointExtension>
	</extensions>
</trkpt>
<trkpt lat="50.7558044" lon="13.9462029">
	<ele>707.53</ele>
	<time>2020-07-18T10:55:46.000Z</time>
	<hdop>6.00</hdop>
	<extensions>
		<gpxtpx:TrackPointExtension>
			<gpxtpx:course>334.52744</gpxtpx:course>
		</gpxtpx:TrackPointExtension>
	</extensions>
</trkpt>
<trkpt lat="50.7560260" lon="13.9459826">
	<ele>707.26</ele>
	<time>2020-07-18T10:55:51.000Z</time>
	<hdop>6.00</hdop>
	<extensions>
		<gpxtpx:TrackPointExtension>
			<gpxtpx:course>328.58722</gpxtpx:course>
		</gpxtpx:TrackPointExtension>
	</extensions>
</trkpt>
<trkpt lat="50.7562478" lon="13.9457373">
	<ele>707.10</ele>
	<time>2020-07-18T10:55:56.000Z</time>
	<hdop>6.00</hdop>
	<extensions>
		<gpxtpx:TrackPointExtension>
			<gpxtpx:course>321.71243</gpxtpx:course>
		</gpxtpx:TrackPointExtension>
	</extensions>
</trkpt>
<trkpt lat="50.7564877" lon="13.9454710">
	<ele>707.26</ele>
	<time>2020-07-18T10:56:01.000Z</time>
	<hdop>6.00</hdop>
	<extensions>
		<gpxtpx:TrackPointExtension>
			<gpxtpx:course>330.63382</gpxtpx:course>
		</gpxtpx:TrackPointExtension>
	</extensions>
</trkpt>
<trkpt lat="50.7567283" lon="13.9452259">
	<ele>707.58</ele>
	<time>2020-07-18T10:56:06.000Z</time>
	<hdop>6.00</hdop>
	<extensions>
		<gpxtpx:TrackPointExtension>
			<gpxtpx:course>331.49548</gpxtpx:course>
		</gpxtpx:TrackPointExtension>
	</extensions>
</trkpt>
<trkpt lat="50.7569348" lon="13.9449953">
	<ele>707.78</ele>
	<time>2020-07-18T10:56:11.000Z</time>
	<hdop>6.00</hdop>
	<extensions>
		<gpxtpx:TrackPointExtension>
			<gpxtpx:course>327.68878</gpxtpx:course>
		</gpxtpx:TrackPointExtension>
	</extensions>
</trkpt>
<trkpt lat="50.7571608" lon="13.9447500">
	<ele>707.68</ele>
	<time>2020-07-18T10:56:16.000Z</time>
	<hdop>6.00</hdop>
	<extensions>
		<gpxtpx:TrackPointExtension>
			<gpxtpx:course>322.51382</gpxtpx:course>
		</gpxtpx:TrackPointExtension>
	</extensions>
</trkpt>
<trkpt lat="50.7574014" lon="13.9445313">
	<ele>707.15</ele>
	<time>2020-07-18T10:56:21.000Z</time>
	<hdop>6.00</hdop>
	<extensions>
		<gpxtpx:TrackPointExtension>
			<gpxtpx:course>330.2716</gpxtpx:course>
		</gpxtpx:TrackPointExtension>
	</extensions>
</trkpt>
<trkpt lat="50.7575632" lon="13.9446545">
	<ele>706.50</ele>
	<time>2020-07-18T10:56:26.000Z</time>
	<hdop>6.00</hdop>
	<extensions>
		<gpxtpx:TrackPointExtension>
			<gpxtpx:course>54.228428</gpxtpx:course>
		</gpxtpx:TrackPointExtension>
	</extensions>
</trkpt>
<trkpt lat="50.7576386" lon="13.9449935">
	<ele>706.65</ele>
	<time>2020-07-18T10:56:31.000Z</time>
	<hdop>6.00</hdop>
	<extensions>
		<gpxtpx:TrackPointExtension>
			<gpxtpx:course>76.08434</gpxtpx:course>
		</gpxtpx:TrackPointExtension>
	</extensions>
</trkpt>
<trkpt lat="50.7576829" lon="13.9453874">
	<ele>708.15</ele>
	<time>2020-07-18T10:56:36.000Z</time>
	<hdop>6.00</hdop>
	<extensions>
		<gpxtpx:TrackPointExtension>
			<gpxtpx:course>81.19823</gpxtpx:course>
		</gpxtpx:TrackPointExtension>
	</extensions>
</trkpt>
<trkpt lat="50.7577214" lon="13.9457449">
	<ele>708.17</ele>
	<time>2020-07-18T10:56:41.000Z</time>
	<hdop>6.00</hdop>
	<extensions>
		<gpxtpx:TrackPointExtension>
			<gpxtpx:course>69.4683</gpxtpx:course>
		</gpxtpx:TrackPointExtension>
	</extensions>
</trkpt>
<trkpt lat="50.7577967" lon="13.9461540">
	<ele>707.76</ele>
	<time>2020-07-18T10:56:46.000Z</time>
	<hdop>6.00</hdop>
	<extensions>
		<gpxtpx:TrackPointExtension>
			<gpxtpx:course>69.20164</gpxtpx:course>
		</gpxtpx:TrackPointExtension>
	</extensions>
</trkpt>
<trkpt lat="50.7578734" lon="13.9465615">
	<ele>707.36</ele>
	<time>2020-07-18T10:56:51.000Z</time>
	<hdop>6.00</hdop>
	<extensions>
		<gpxtpx:TrackPointExtension>
			<gpxtpx:course>83.35895</gpxtpx:course>
		</gpxtpx:TrackPointExtension>
	</extensions>
</trkpt>
<trkpt lat="50.7579930" lon="13.9468062">
	<ele>707.24</ele>
	<time>2020-07-18T10:56:56.000Z</time>
	<hdop>8.00</hdop>
	<extensions>
		<gpxtpx:TrackPointExtension>
			<gpxtpx:course>61.00271</gpxtpx:course>
		</gpxtpx:TrackPointExtension>
	</extensions>
</trkpt>
<trkpt lat="50.7581058" lon="13.9472458">
	<ele>706.53</ele>
	<time>2020-07-18T10:57:01.000Z</time>
	<hdop>8.00</hdop>
	<extensions>
		<gpxtpx:TrackPointExtension>
			<gpxtpx:course>67.43423</gpxtpx:course>
		</gpxtpx:TrackPointExtension>
	</extensions>
</trkpt>
<trkpt lat="50.7582251" lon="13.9476620">
	<ele>704.63</ele>
	<time>2020-07-18T10:57:06.000Z</time>
	<hdop>8.00</hdop>
	<extensions>
		<gpxtpx:TrackPointExtension>
			<gpxtpx:course>47.73904</gpxtpx:course>
		</gpxtpx:TrackPointExtension>
	</extensions>
</trkpt>
<trkpt lat="50.7584094" lon="13.9480854">
	<ele>702.02</ele>
	<time>2020-07-18T10:57:11.000Z</time>
	<hdop>8.00</hdop>
	<extensions>
		<gpxtpx:TrackPointExtension>
			<gpxtpx:course>51.82057</gpxtpx:course>
		</gpxtpx:TrackPointExtension>
	</extensions>
</trkpt>
<trkpt lat="50.7585144" lon="13.9483413">
	<ele>700.39</ele>
	<time>2020-07-18T10:57:16.000Z</time>
	<hdop>8.00</hdop>
	<extensions>
		<gpxtpx:TrackPointExtension>
			<gpxtpx:course>53.79003</gpxtpx:course>
		</gpxtpx:TrackPointExtension>
	</extensions>
</trkpt>
<trkpt lat="50.7585925" lon="13.9484898">
	<ele>705.35</ele>
	<time>2020-07-18T10:57:54.000Z</time>
	<hdop>4.00</hdop>
	<extensions>
		<gpxtpx:TrackPointExtension>
			<gpxtpx:course>63.052128</gpxtpx:course>
		</gpxtpx:TrackPointExtension>
	</extensions>
</trkpt>
<trkpt lat="50.7586887" lon="13.9489026">
	<ele>704.63</ele>
	<time>2020-07-18T10:57:59.000Z</time>
	<hdop>4.00</hdop>
	<extensions>
		<gpxtpx:TrackPointExtension>
			<gpxtpx:course>69.45663</gpxtpx:course>
		</gpxtpx:TrackPointExtension>
	</extensions>
</trkpt>
<trkpt lat="50.7588065" lon="13.9493453">
	<ele>701.49</ele>
	<time>2020-07-18T10:58:04.000Z</time>
	<hdop>8.00</hdop>
	<extensions>
		<gpxtpx:TrackPointExtension>
			<gpxtpx:course>66.84951</gpxtpx:course>
		</gpxtpx:TrackPointExtension>
	</extensions>
</trkpt>
<trkpt lat="50.7588058" lon="13.9494900">
	<ele>703.47</ele>
	<time>2020-07-18T10:59:23.000Z</time>
	<hdop>4.00</hdop>
	<extensions>
		<gpxtpx:TrackPointExtension>
			<gpxtpx:course>49.712006</gpxtpx:course>
		</gpxtpx:TrackPointExtension>
	</extensions>
</trkpt>
<trkpt lat="50.7588958" lon="13.9495071">
	<ele>701.49</ele>
	<time>2020-07-18T11:00:58.000Z</time>
	<hdop>4.00</hdop>
	<extensions>
		<gpxtpx:TrackPointExtension>
			<gpxtpx:course>28.102434</gpxtpx:course>
		</gpxtpx:TrackPointExtension>
	</extensions>
</trkpt>
<trkpt lat="50.7589338" lon="13.9496900">
	<ele>698.27</ele>
	<time>2020-07-18T11:02:13.000Z</time>
	<hdop>4.00</hdop>
	<extensions>
		<gpxtpx:TrackPointExtension>
			<gpxtpx:course>106.93589</gpxtpx:course>
		</gpxtpx:TrackPointExtension>
	</extensions>
</trkpt>
<trkpt lat="50.7588733" lon="13.9499482">
	<ele>697.55</ele>
	<time>2020-07-18T11:02:18.000Z</time>
	<hdop>4.00</hdop>
	<extensions>
		<gpxtpx:TrackPointExtension>
			<gpxtpx:course>113.21167</gpxtpx:course>
		</gpxtpx:TrackPointExtension>
	</extensions>
</trkpt>
<trkpt lat="50.7588537" lon="13.9501671">
	<ele>696.94</ele>
	<time>2020-07-18T11:02:23.000Z</time>
	<hdop>4.00</hdop>
	<extensions>
		<gpxtpx:TrackPointExtension>
			<gpxtpx:course>84.186134</gpxtpx:course>
		</gpxtpx:TrackPointExtension>
	</extensions>
</trkpt>
<trkpt lat="50.7588873" lon="13.9504326">
	<ele>695.52</ele>
	<time>2020-07-18T11:02:28.000Z</time>
	<hdop>8.00</hdop>
	<extensions>
		<gpxtpx:TrackPointExtension>
			<gpxtpx:course>74.28405</gpxtpx:course>
		</gpxtpx:TrackPointExtension>
	</extensions>
</trkpt>
<trkpt lat="50.7589874" lon="13.9506781">
	<ele>693.72</ele>
	<time>2020-07-18T11:02:33.000Z</time>
	<hdop>8.00</hdop>
	<extensions>
		<gpxtpx:TrackPointExtension>
			<gpxtpx:course>77.9812</gpxtpx:course>
		</gpxtpx:TrackPointExtension>
	</extensions>
</trkpt>
<trkpt lat="50.7590953" lon="13.9510728">
	<ele>692.12</ele>
	<time>2020-07-18T11:02:38.000Z</time>
	<hdop>8.00</hdop>
	<extensions>
		<gpxtpx:TrackPointExtension>
			<gpxtpx:course>57.8129</gpxtpx:course>
		</gpxtpx:TrackPointExtension>
	</extensions>
</trkpt>
<trkpt lat="50.7592351" lon="13.9513957">
	<ele>691.60</ele>
	<time>2020-07-18T11:02:43.000Z</time>
	<hdop>8.00</hdop>
	<extensions>
		<gpxtpx:TrackPointExtension>
			<gpxtpx:course>68.448746</gpxtpx:course>
		</gpxtpx:TrackPointExtension>
	</extensions>
</trkpt>
<trkpt lat="50.7593261" lon="13.9516734">
	<ele>690.86</ele>
	<time>2020-07-18T11:02:48.000Z</time>
	<hdop>8.00</hdop>
	<extensions>
		<gpxtpx:TrackPointExtension>
			<gpxtpx:course>50.37954</gpxtpx:course>
		</gpxtpx:TrackPointExtension>
	</extensions>
</trkpt>
<trkpt lat="50.7594034" lon="13.9519996">
	<ele>689.41</ele>
	<time>2020-07-18T11:02:53.000Z</time>
	<hdop>8.00</hdop>
	<extensions>
		<gpxtpx:TrackPointExtension>
			<gpxtpx:course>57.98935</gpxtpx:course>
		</gpxtpx:TrackPointExtension>
	</extensions>
</trkpt>
<trkpt lat="50.7594028" lon="13.9521452">
	<ele>689.28</ele>
	<time>2020-07-18T11:02:58.000Z</time>
	<hdop>6.00</hdop>
	<extensions>
		<gpxtpx:TrackPointExtension>
			<gpxtpx:course>131.37712</gpxtpx:course>
		</gpxtpx:TrackPointExtension>
	</extensions>
</trkpt>
<trkpt lat="50.7594917" lon="13.9520668">
	<ele>691.26</ele>
	<time>2020-07-18T11:03:34.000Z</time>
	<hdop>4.00</hdop>
	<extensions>
		<gpxtpx:TrackPointExtension>
			<gpxtpx:course>343.3515</gpxtpx:course>
		</gpxtpx:TrackPointExtension>
	</extensions>
</trkpt>
<trkpt lat="50.7596057" lon="13.9519756">
	<ele>691.10</ele>
	<time>2020-07-18T11:03:39.000Z</time>
	<hdop>4.00</hdop>
	<extensions>
		<gpxtpx:TrackPointExtension>
			<gpxtpx:course>332.14252</gpxtpx:course>
		</gpxtpx:TrackPointExtension>
	</extensions>
</trkpt>
<trkpt lat="50.7597500" lon="13.9518756">
	<ele>690.94</ele>
	<time>2020-07-18T11:03:44.000Z</time>
	<hdop>4.00</hdop>
	<extensions>
		<gpxtpx:TrackPointExtension>
			<gpxtpx:course>339.67377</gpxtpx:course>
		</gpxtpx:TrackPointExtension>
	</extensions>
</trkpt>
<trkpt lat="50.7598865" lon="13.9518040">
	<ele>690.76</ele>
	<time>2020-07-18T11:03:49.000Z</time>
	<hdop>6.00</hdop>
	<extensions>
		<gpxtpx:TrackPointExtension>
			<gpxtpx:course>354.01904</gpxtpx:course>
		</gpxtpx:TrackPointExtension>
	</extensions>
</trkpt>
<trkpt lat="50.7600187" lon="13.9518005">
	<ele>690.57</ele>
	<time>2020-07-18T11:03:54.000Z</time>
	<hdop>6.00</hdop>
	<extensions>
		<gpxtpx:TrackPointExtension>
			<gpxtpx:course>27.43425</gpxtpx:course>
		</gpxtpx:TrackPointExtension>
	</extensions>
</trkpt>
<trkpt lat="50.7600877" lon="13.9519421">
	<ele>690.38</ele>
	<time>2020-07-18T11:03:59.000Z</time>
	<hdop>6.00</hdop>
	<extensions>
		<gpxtpx:TrackPointExtension>
			<gpxtpx:course>70.25777</gpxtpx:course>
		</gpxtpx:TrackPointExtension>
	</extensions>
</trkpt>
<trkpt lat="50.7601240" lon="13.9521704">
	<ele>690.19</ele>
	<time>2020-07-18T11:04:04.000Z</time>
	<hdop>4.00</hdop>
	<extensions>
		<gpxtpx:TrackPointExtension>
			<gpxtpx:course>75.52544</gpxtpx:course>
		</gpxtpx:TrackPointExtension>
	</extensions>
</trkpt>
<trkpt lat="50.7601504" lon="13.9524295">
	<ele>690.01</ele>
	<time>2020-07-18T11:04:09.000Z</time>
	<hdop>4.00</hdop>
	<extensions>
		<gpxtpx:TrackPointExtension>
			<gpxtpx:course>76.97527</gpxtpx:course>
		</gpxtpx:TrackPointExtension>
	</extensions>
</trkpt>
<trkpt lat="50.7602327" lon="13.9524887">
	<ele>689.60</ele>
	<time>2020-07-18T11:04:33.000Z</time>
	<hdop>4.00</hdop>
	<extensions>
		<gpxtpx:TrackPointExtension>
			<gpxtpx:course>43.067886</gpxtpx:course>
		</gpxtpx:TrackPointExtension>
	</extensions>
</trkpt>
<trkpt lat="50.7602905" lon="13.9526265">
	<ele>689.27</ele>
	<time>2020-07-18T11:04:50.000Z</time>
	<hdop>4.00</hdop>
	<extensions>
		<gpxtpx:TrackPointExtension>
			<gpxtpx:course>80.592964</gpxtpx:course>
		</gpxtpx:TrackPointExtension>
	</extensions>
</trkpt>
<trkpt lat="50.7603169" lon="13.9528625">
	<ele>689.65</ele>
	<time>2020-07-18T11:04:55.000Z</time>
	<hdop>4.00</hdop>
	<extensions>
		<gpxtpx:TrackPointExtension>
			<gpxtpx:course>83.16822</gpxtpx:course>
		</gpxtpx:TrackPointExtension>
	</extensions>
</trkpt>
<trkpt lat="50.7603430" lon="13.9531274">
	<ele>690.83</ele>
	<time>2020-07-18T11:05:00.000Z</time>
	<hdop>4.00</hdop>
	<extensions>
		<gpxtpx:TrackPointExtension>
			<gpxtpx:course>81.58026</gpxtpx:course>
		</gpxtpx:TrackPointExtension>
	</extensions>
</trkpt>
<trkpt lat="50.7603617" lon="13.9533113">
	<ele>691.33</ele>
	<time>2020-07-18T11:05:05.000Z</time>
	<hdop>4.00</hdop>
	<extensions>
		<gpxtpx:TrackPointExtension>
			<gpxtpx:course>90.78923</gpxtpx:course>
		</gpxtpx:TrackPointExtension>
	</extensions>
</trkpt>
<trkpt lat="50.7603650" lon="13.9534756">
	<ele>691.06</ele>
	<time>2020-07-18T11:05:10.000Z</time>
	<hdop>4.00</hdop>
	<extensions>
		<gpxtpx:TrackPointExtension>
			<gpxtpx:course>103.38915</gpxtpx:course>
		</gpxtpx:TrackPointExtension>
	</extensions>
</trkpt>
<trkpt lat="50.7603567" lon="13.9536320">
	<ele>689.30</ele>
	<time>2020-07-18T11:05:19.000Z</time>
	<hdop>6.00</hdop>
	<extensions>
		<gpxtpx:TrackPointExtension>
			<gpxtpx:course>52.894196</gpxtpx:course>
		</gpxtpx:TrackPointExtension>
	</extensions>
</trkpt>
<trkpt lat="50.7604237" lon="13.9537359">
	<ele>688.36</ele>
	<time>2020-07-18T11:05:29.000Z</time>
	<hdop>6.00</hdop>
	<extensions>
		<gpxtpx:TrackPointExtension>
			<gpxtpx:course>43.24396</gpxtpx:course>
		</gpxtpx:TrackPointExtension>
	</extensions>
</trkpt>
<trkpt lat="50.7605016" lon="13.9538607">
	<ele>688.17</ele>
	<time>2020-07-18T11:05:36.000Z</time>
	<hdop>6.00</hdop>
	<extensions>
		<gpxtpx:TrackPointExtension>
			<gpxtpx:course>51.75175</gpxtpx:course>
		</gpxtpx:TrackPointExtension>
	</extensions>
</trkpt>
<trkpt lat="50.7605682" lon="13.9540303">
	<ele>688.05</ele>
	<time>2020-07-18T11:05:41.000Z</time>
	<hdop>6.00</hdop>
	<extensions>
		<gpxtpx:TrackPointExtension>
			<gpxtpx:course>62.823063</gpxtpx:course>
		</gpxtpx:TrackPointExtension>
	</extensions>
</trkpt>
<trkpt lat="50.7606129" lon="13.9541805">
	<ele>687.93</ele>
	<time>2020-07-18T11:05:46.000Z</time>
	<hdop>6.00</hdop>
	<extensions>
		<gpxtpx:TrackPointExtension>
			<gpxtpx:course>62.096653</gpxtpx:course>
		</gpxtpx:TrackPointExtension>
	</extensions>
</trkpt>
<trkpt lat="50.7606741" lon="13.9543558">
	<ele>687.95</ele>
	<time>2020-07-18T11:05:51.000Z</time>
	<hdop>6.00</hdop>
	<extensions>
		<gpxtpx:TrackPointExtension>
			<gpxtpx:course>54.73832</gpxtpx:course>
		</gpxtpx:TrackPointExtension>
	</extensions>
</trkpt>
<trkpt lat="50.7607235" lon="13.9545337">
	<ele>688.11</ele>
	<time>2020-07-18T11:05:56.000Z</time>
	<hdop>6.00</hdop>
	<extensions>
		<gpxtpx:TrackPointExtension>
			<gpxtpx:course>79.29889</gpxtpx:course>
		</gpxtpx:TrackPointExtension>
	</extensions>
</trkpt>
<trkpt lat="50.7607299" lon="13.9546784">
	<ele>688.34</ele>
	<time>2020-07-18T11:06:01.000Z</time>
	<hdop>4.00</hdop>
	<extensions>
		<gpxtpx:TrackPointExtension>
			<gpxtpx:course>103.448235</gpxtpx:course>
		</gpxtpx:TrackPointExtension>
	</extensions>
</trkpt>
<trkpt lat="50.7606841" lon="13.9548576">
	<ele>688.73</ele>
	<time>2020-07-18T11:06:06.000Z</time>
	<hdop>4.00</hdop>
	<extensions>
		<gpxtpx:TrackPointExtension>
			<gpxtpx:course>109.846634</gpxtpx:course>
		</gpxtpx:TrackPointExtension>
	</extensions>
</trkpt>
<trkpt lat="50.7606440" lon="13.9550262">
	<ele>689.13</ele>
	<time>2020-07-18T11:06:11.000Z</time>
	<hdop>4.00</hdop>
	<extensions>
		<gpxtpx:TrackPointExtension>
			<gpxtpx:course>102.179</gpxtpx:course>
		</gpxtpx:TrackPointExtension>
	</extensions>
</trkpt>
<trkpt lat="50.7606216" lon="13.9551697">
	<ele>689.16</ele>
	<time>2020-07-18T11:06:16.000Z</time>
	<hdop>4.00</hdop>
	<extensions>
		<gpxtpx:TrackPointExtension>
			<gpxtpx:course>93.262535</gpxtpx:course>
		</gpxtpx:TrackPointExtension>
	</extensions>
</trkpt>
<trkpt lat="50.7606135" lon="13.9553115">
	<ele>688.86</ele>
	<time>2020-07-18T11:06:21.000Z</time>
	<hdop>4.00</hdop>
	<extensions>
		<gpxtpx:TrackPointExtension>
			<gpxtpx:course>93.263115</gpxtpx:course>
		</gpxtpx:TrackPointExtension>
	</extensions>
</trkpt>
<trkpt lat="50.7606087" lon="13.9554679">
	<ele>688.18</ele>
	<time>2020-07-18T11:06:27.000Z</time>
	<hdop>4.00</hdop>
	<extensions>
		<gpxtpx:TrackPointExtension>
			<gpxtpx:course>87.72147</gpxtpx:course>
		</gpxtpx:TrackPointExtension>
	</extensions>
</trkpt>
<trkpt lat="50.7606012" lon="13.9556217">
	<ele>687.73</ele>
	<time>2020-07-18T11:06:33.000Z</time>
	<hdop>8.00</hdop>
	<extensions>
		<gpxtpx:TrackPointExtension>
			<gpxtpx:course>79.87848</gpxtpx:course>
		</gpxtpx:TrackPointExtension>
	</extensions>
</trkpt>
<trkpt lat="50.7606165" lon="13.9557721">
	<ele>687.30</ele>
	<time>2020-07-18T11:06:39.000Z</time>
	<hdop>6.00</hdop>
	<extensions>
		<gpxtpx:TrackPointExtension>
			<gpxtpx:course>80.92016</gpxtpx:course>
		</gpxtpx:TrackPointExtension>
	</extensions>
</trkpt>
<trkpt lat="50.7606293" lon="13.9559438">
	<ele>687.07</ele>
	<time>2020-07-18T11:06:44.000Z</time>
	<hdop>6.00</hdop>
	<extensions>
		<gpxtpx:TrackPointExtension>
			<gpxtpx:course>72.16538</gpxtpx:course>
		</gpxtpx:TrackPointExtension>
	</extensions>
</trkpt>
<trkpt lat="50.7606650" lon="13.9561083">
	<ele>686.82</ele>
	<time>2020-07-18T11:06:50.000Z</time>
	<hdop>6.00</hdop>
	<extensions>
		<gpxtpx:TrackPointExtension>
			<gpxtpx:course>77.34862</gpxtpx:course>
		</gpxtpx:TrackPointExtension>
	</extensions>
</trkpt>
<trkpt lat="50.7606736" lon="13.9562542">
	<ele>686.76</ele>
	<time>2020-07-18T11:06:56.000Z</time>
	<hdop>6.00</hdop>
	<extensions>
		<gpxtpx:TrackPointExtension>
			<gpxtpx:course>78.6893</gpxtpx:course>
		</gpxtpx:TrackPointExtension>
	</extensions>
</trkpt>
<trkpt lat="50.7606912" lon="13.9564033">
	<ele>686.71</ele>
	<time>2020-07-18T11:07:03.000Z</time>
	<hdop>6.00</hdop>
	<extensions>
		<gpxtpx:TrackPointExtension>
			<gpxtpx:course>88.04497</gpxtpx:course>
		</gpxtpx:TrackPointExtension>
	</extensions>
</trkpt>
<trkpt lat="50.7606927" lon="13.9565761">
	<ele>686.68</ele>
	<time>2020-07-18T11:07:08.000Z</time>
	<hdop>6.00</hdop>
	<extensions>
		<gpxtpx:TrackPointExtension>
			<gpxtpx:course>105.478264</gpxtpx:course>
		</gpxtpx:TrackPointExtension>
	</extensions>
</trkpt>
<trkpt lat="50.7606879" lon="13.9567466">
	<ele>686.66</ele>
	<time>2020-07-18T11:07:13.000Z</time>
	<hdop>6.00</hdop>
	<extensions>
		<gpxtpx:TrackPointExtension>
			<gpxtpx:course>77.885735</gpxtpx:course>
		</gpxtpx:TrackPointExtension>
	</extensions>
</trkpt>
<trkpt lat="50.7607024" lon="13.9568931">
	<ele>686.64</ele>
	<time>2020-07-18T11:07:18.000Z</time>
	<hdop>4.00</hdop>
	<extensions>
		<gpxtpx:TrackPointExtension>
			<gpxtpx:course>77.04151</gpxtpx:course>
		</gpxtpx:TrackPointExtension>
	</extensions>
</trkpt>
<trkpt lat="50.7607415" lon="13.9570402">
	<ele>686.62</ele>
	<time>2020-07-18T11:07:23.000Z</time>
	<hdop>6.00</hdop>
	<extensions>
		<gpxtpx:TrackPointExtension>
			<gpxtpx:course>79.46114</gpxtpx:course>
		</gpxtpx:TrackPointExtension>
	</extensions>
</trkpt>
<trkpt lat="50.7607698" lon="13.9572132">
	<ele>686.60</ele>
	<time>2020-07-18T11:07:28.000Z</time>
	<hdop>6.00</hdop>
	<extensions>
		<gpxtpx:TrackPointExtension>
			<gpxtpx:course>66.58339</gpxtpx:course>
		</gpxtpx:TrackPointExtension>
	</extensions>
</trkpt>
<trkpt lat="50.7608305" lon="13.9573985">
	<ele>686.59</ele>
	<time>2020-07-18T11:07:33.000Z</time>
	<hdop>6.00</hdop>
	<extensions>
		<gpxtpx:TrackPointExtension>
			<gpxtpx:course>69.48912</gpxtpx:course>
		</gpxtpx:TrackPointExtension>
	</extensions>
</trkpt>
<trkpt lat="50.7608471" lon="13.9575718">
	<ele>686.59</ele>
	<time>2020-07-18T11:07:39.000Z</time>
	<hdop>6.00</hdop>
	<extensions>
		<gpxtpx:TrackPointExtension>
			<gpxtpx:course>90.69597</gpxtpx:course>
		</gpxtpx:TrackPointExtension>
	</extensions>
</trkpt>
<trkpt lat="50.7608529" lon="13.9577566">
	<ele>686.59</ele>
	<time>2020-07-18T11:07:44.000Z</time>
	<hdop>4.00</hdop>
	<extensions>
		<gpxtpx:TrackPointExtension>
			<gpxtpx:course>96.245514</gpxtpx:course>
		</gpxtpx:TrackPointExtension>
	</extensions>
</trkpt>
<trkpt lat="50.7608052" lon="13.9578937">
	<ele>686.60</ele>
	<time>2020-07-18T11:07:50.000Z</time>
	<hdop>4.00</hdop>
	<extensions>
		<gpxtpx:TrackPointExtension>
			<gpxtpx:course>126.85822</gpxtpx:course>
		</gpxtpx:TrackPointExtension>
	</extensions>
</trkpt>
<trkpt lat="50.7607186" lon="13.9579927">
	<ele>686.76</ele>
	<time>2020-07-18T11:07:56.000Z</time>
	<hdop>4.00</hdop>
	<extensions>
		<gpxtpx:TrackPointExtension>
			<gpxtpx:course>122.43028</gpxtpx:course>
		</gpxtpx:TrackPointExtension>
	</extensions>
</trkpt>
<trkpt lat="50.7606522" lon="13.9581285">
	<ele>686.98</ele>
	<time>2020-07-18T11:08:01.000Z</time>
	<hdop>4.00</hdop>
	<extensions>
		<gpxtpx:TrackPointExtension>
			<gpxtpx:course>127.48989</gpxtpx:course>
		</gpxtpx:TrackPointExtension>
	</extensions>
</trkpt>
<trkpt lat="50.7605596" lon="13.9582454">
	<ele>687.13</ele>
	<time>2020-07-18T11:08:06.000Z</time>
	<hdop>4.00</hdop>
	<extensions>
		<gpxtpx:TrackPointExtension>
			<gpxtpx:course>147.56017</gpxtpx:course>
		</gpxtpx:TrackPointExtension>
	</extensions>
</trkpt>
<trkpt lat="50.7604598" lon="13.9583448">
	<ele>687.18</ele>
	<time>2020-07-18T11:08:11.000Z</time>
	<hdop>4.00</hdop>
	<extensions>
		<gpxtpx:TrackPointExtension>
			<gpxtpx:course>145.27348</gpxtpx:course>
		</gpxtpx:TrackPointExtension>
	</extensions>
</trkpt>
<trkpt lat="50.7603717" lon="13.9584419">
	<ele>687.04</ele>
	<time>2020-07-18T11:08:16.000Z</time>
	<hdop>4.00</hdop>
	<extensions>
		<gpxtpx:TrackPointExtension>
			<gpxtpx:course>148.87277</gpxtpx:course>
		</gpxtpx:TrackPointExtension>
	</extensions>
</trkpt>
<trkpt lat="50.7602644" lon="13.9585539">
	<ele>686.97</ele>
	<time>2020-07-18T11:08:21.000Z</time>
	<hdop>4.00</hdop>
	<extensions>
		<gpxtpx:TrackPointExtension>
			<gpxtpx:course>135.74678</gpxtpx:course>
		</gpxtpx:TrackPointExtension>
	</extensions>
</trkpt>
<trkpt lat="50.7601550" lon="13.9586943">
	<ele>687.00</ele>
	<time>2020-07-18T11:08:26.000Z</time>
	<hdop>4.00</hdop>
	<extensions>
		<gpxtpx:TrackPointExtension>
			<gpxtpx:course>144.47386</gpxtpx:course>
		</gpxtpx:TrackPointExtension>
	</extensions>
</trkpt>
<trkpt lat="50.7600254" lon="13.9588390">
	<ele>687.12</ele>
	<time>2020-07-18T11:08:31.000Z</time>
	<hdop>6.00</hdop>
	<extensions>
		<gpxtpx:TrackPointExtension>
			<gpxtpx:course>148.09462</gpxtpx:course>
		</gpxtpx:TrackPointExtension>
	</extensions>
</trkpt>
<trkpt lat="50.7599173" lon="13.9589545">
	<ele>687.14</ele>
	<time>2020-07-18T11:08:36.000Z</time>
	<hdop>4.00</hdop>
	<extensions>
		<gpxtpx:TrackPointExtension>
			<gpxtpx:course>146.47809</gpxtpx:course>
		</gpxtpx:TrackPointExtension>
	</extensions>
</trkpt>
<trkpt lat="50.7598127" lon="13.9590824">
	<ele>687.12</ele>
	<time>2020-07-18T11:08:41.000Z</time>
	<hdop>4.00</hdop>
	<extensions>
		<gpxtpx:TrackPointExtension>
			<gpxtpx:course>141.95006</gpxtpx:course>
		</gpxtpx:TrackPointExtension>
	</extensions>
</trkpt>
<trkpt lat="50.7596991" lon="13.9592185">
	<ele>687.09</ele>
	<time>2020-07-18T11:08:46.000Z</time>
	<hdop>4.00</hdop>
	<extensions>
		<gpxtpx:TrackPointExtension>
			<gpxtpx:course>138.67473</gpxtpx:course>
		</gpxtpx:TrackPointExtension>
	</extensions>
</trkpt>
<trkpt lat="50.7595948" lon="13.9593690">
	<ele>687.02</ele>
	<time>2020-07-18T11:08:51.000Z</time>
	<hdop>4.00</hdop>
	<extensions>
		<gpxtpx:TrackPointExtension>
			<gpxtpx:course>136.85114</gpxtpx:course>
		</gpxtpx:TrackPointExtension>
	</extensions>
</trkpt>
<trkpt lat="50.7594739" lon="13.9595532">
	<ele>687.05</ele>
	<time>2020-07-18T11:08:56.000Z</time>
	<hdop>4.00</hdop>
	<extensions>
		<gpxtpx:TrackPointExtension>
			<gpxtpx:course>131.88834</gpxtpx:course>
		</gpxtpx:TrackPointExtension>
	</extensions>
</trkpt>
<trkpt lat="50.7593791" lon="13.9597371">
	<ele>687.11</ele>
	<time>2020-07-18T11:09:01.000Z</time>
	<hdop>4.00</hdop>
	<extensions>
		<gpxtpx:TrackPointExtension>
			<gpxtpx:course>126.632935</gpxtpx:course>
		</gpxtpx:TrackPointExtension>
	</extensions>
</trkpt>
<trkpt lat="50.7592667" lon="13.9599360">
	<ele>687.17</ele>
	<time>2020-07-18T11:09:06.000Z</time>
	<hdop>4.00</hdop>
	<extensions>
		<gpxtpx:TrackPointExtension>
			<gpxtpx:course>133.04048</gpxtpx:course>
		</gpxtpx:TrackPointExtension>
	</extensions>
</trkpt>
<trkpt lat="50.7591556" lon="13.9601248">
	<ele>687.23</ele>
	<time>2020-07-18T11:09:11.000Z</time>
	<hdop>4.00</hdop>
	<extensions>
		<gpxtpx:TrackPointExtension>
			<gpxtpx:course>129.96924</gpxtpx:course>
		</gpxtpx:TrackPointExtension>
	</extensions>
</trkpt>
<trkpt lat="50.7590484" lon="13.9603293">
	<ele>687.34</ele>
	<time>2020-07-18T11:09:16.000Z</time>
	<hdop>4.00</hdop>
	<extensions>
		<gpxtpx:TrackPointExtension>
			<gpxtpx:course>131.81625</gpxtpx:course>
		</gpxtpx:TrackPointExtension>
	</extensions>
</trkpt>
<trkpt lat="50.7589097" lon="13.9605716">
	<ele>687.70</ele>
	<time>2020-07-18T11:09:21.000Z</time>
	<hdop>4.00</hdop>
	<extensions>
		<gpxtpx:TrackPointExtension>
			<gpxtpx:course>135.1833</gpxtpx:course>
		</gpxtpx:TrackPointExtension>
	</extensions>
</trkpt>
<trkpt lat="50.7587468" lon="13.9608094">
	<ele>687.88</ele>
	<time>2020-07-18T11:09:26.000Z</time>
	<hdop>6.00</hdop>
	<extensions>
		<gpxtpx:TrackPointExtension>
			<gpxtpx:course>129.81093</gpxtpx:course>
		</gpxtpx:TrackPointExtension>
	</extensions>
</trkpt>
<trkpt lat="50.7586638" lon="13.9610265">
	<ele>687.92</ele>
	<time>2020-07-18T11:09:31.000Z</time>
	<hdop>4.00</hdop>
	<extensions>
		<gpxtpx:TrackPointExtension>
			<gpxtpx:course>126.07536</gpxtpx:course>
		</gpxtpx:TrackPointExtension>
	</extensions>
</trkpt>
<trkpt lat="50.7586698" lon="13.9612639">
	<ele>687.94</ele>
	<time>2020-07-18T11:09:36.000Z</time>
	<hdop>4.00</hdop>
	<extensions>
		<gpxtpx:TrackPointExtension>
			<gpxtpx:course>120.65255</gpxtpx:course>
		</gpxtpx:TrackPointExtension>
	</extensions>
</trkpt>
<trkpt lat="50.7586303" lon="13.9613941">
	<ele>687.97</ele>
	<time>2020-07-18T11:09:43.000Z</time>
	<hdop>4.00</hdop>
	<extensions>
		<gpxtpx:TrackPointExtension>
			<gpxtpx:course>130.84631</gpxtpx:course>
		</gpxtpx:TrackPointExtension>
	</extensions>
</trkpt>
<trkpt lat="50.7585660" lon="13.9616463">
	<ele>687.99</ele>
	<time>2020-07-18T11:09:48.000Z</time>
	<hdop>6.00</hdop>
	<extensions>
		<gpxtpx:TrackPointExtension>
			<gpxtpx:course>109.103874</gpxtpx:course>
		</gpxtpx:TrackPointExtension>
	</extensions>
</trkpt>
<trkpt lat="50.7584949" lon="13.9620440">
	<ele>688.12</ele>
	<time>2020-07-18T11:09:53.000Z</time>
	<hdop>6.00</hdop>
	<extensions>
		<gpxtpx:TrackPointExtension>
			<gpxtpx:course>103.38066</gpxtpx:course>
		</gpxtpx:TrackPointExtension>
	</extensions>
</trkpt>
<trkpt lat="50.7583785" lon="13.9624574">
	<ele>688.27</ele>
	<time>2020-07-18T11:09:58.000Z</time>
	<hdop>6.00</hdop>
	<extensions>
		<gpxtpx:TrackPointExtension>
			<gpxtpx:course>107.52512</gpxtpx:course>
		</gpxtpx:TrackPointExtension>
	</extensions>
</trkpt>
<trkpt lat="50.7583169" lon="13.9628499">
	<ele>688.46</ele>
	<time>2020-07-18T11:10:03.000Z</time>
	<hdop>4.00</hdop>
	<extensions>
		<gpxtpx:TrackPointExtension>
			<gpxtpx:course>96.71525</gpxtpx:course>
		</gpxtpx:TrackPointExtension>
	</extensions>
</trkpt>
<trkpt lat="50.7582708" lon="13.9631752">
	<ele>688.63</ele>
	<time>2020-07-18T11:10:08.000Z</time>
	<hdop>4.00</hdop>
	<extensions>
		<gpxtpx:TrackPointExtension>
			<gpxtpx:course>100.07202</gpxtpx:course>
		</gpxtpx:TrackPointExtension>
	</extensions>
</trkpt>
<trkpt lat="50.7582066" lon="13.9635301">
	<ele>688.73</ele>
	<time>2020-07-18T11:10:13.000Z</time>
	<hdop>4.00</hdop>
	<extensions>
		<gpxtpx:TrackPointExtension>
			<gpxtpx:course>108.693146</gpxtpx:course>
		</gpxtpx:TrackPointExtension>
	</extensions>
</trkpt>
<trkpt lat="50.7581226" lon="13.9638072">
	<ele>688.88</ele>
	<time>2020-07-18T11:10:18.000Z</time>
	<hdop>4.00</hdop>
	<extensions>
		<gpxtpx:TrackPointExtension>
			<gpxtpx:course>107.184525</gpxtpx:course>
		</gpxtpx:TrackPointExtension>
	</extensions>
</trkpt>
<trkpt lat="50.7581300" lon="13.9639708">
	<ele>688.78</ele>
	<time>2020-07-18T11:10:42.000Z</time>
	<hdop>4.00</hdop>
	<extensions>
		<gpxtpx:TrackPointExtension>
			<gpxtpx:course>81.59947</gpxtpx:course>
		</gpxtpx:TrackPointExtension>
	</extensions>
</trkpt>
<trkpt lat="50.7581521" lon="13.9642142">
	<ele>688.85</ele>
	<time>2020-07-18T11:10:47.000Z</time>
	<hdop>4.00</hdop>
	<extensions>
		<gpxtpx:TrackPointExtension>
			<gpxtpx:course>83.97728</gpxtpx:course>
		</gpxtpx:TrackPointExtension>
	</extensions>
</trkpt>
<trkpt lat="50.7581779" lon="13.9644879">
	<ele>689.08</ele>
	<time>2020-07-18T11:10:52.000Z</time>
	<hdop>4.00</hdop>
	<extensions>
		<gpxtpx:TrackPointExtension>
			<gpxtpx:course>82.55338</gpxtpx:course>
		</gpxtpx:TrackPointExtension>
	</extensions>
</trkpt>
<trkpt lat="50.7581879" lon="13.9647535">
	<ele>689.25</ele>
	<time>2020-07-18T11:10:57.000Z</time>
	<hdop>4.00</hdop>
	<extensions>
		<gpxtpx:TrackPointExtension>
			<gpxtpx:course>88.17876</gpxtpx:course>
		</gpxtpx:TrackPointExtension>
	</extensions>
</trkpt>
<trkpt lat="50.7581628" lon="13.9651283">
	<ele>689.55</ele>
	<time>2020-07-18T11:11:02.000Z</time>
	<hdop>4.00</hdop>
	<extensions>
		<gpxtpx:TrackPointExtension>
			<gpxtpx:course>92.603546</gpxtpx:course>
		</gpxtpx:TrackPointExtension>
	</extensions>
</trkpt>
<trkpt lat="50.7581834" lon="13.9654050">
	<ele>689.26</ele>
	<time>2020-07-18T11:11:07.000Z</time>
	<hdop>4.00</hdop>
	<extensions>
		<gpxtpx:TrackPointExtension>
			<gpxtpx:course>63.65881</gpxtpx:course>
		</gpxtpx:TrackPointExtension>
	</extensions>
</trkpt>
<trkpt lat="50.7582627" lon="13.9656824">
	<ele>688.86</ele>
	<time>2020-07-18T11:11:12.000Z</time>
	<hdop>4.00</hdop>
	<extensions>
		<gpxtpx:TrackPointExtension>
			<gpxtpx:course>73.68152</gpxtpx:course>
		</gpxtpx:TrackPointExtension>
	</extensions>
</trkpt>
<trkpt lat="50.7583466" lon="13.9660808">
	<ele>688.87</ele>
	<time>2020-07-18T11:11:17.000Z</time>
	<hdop>6.00</hdop>
	<extensions>
		<gpxtpx:TrackPointExtension>
			<gpxtpx:course>56.290134</gpxtpx:course>
		</gpxtpx:TrackPointExtension>
	</extensions>
</trkpt>
<trkpt lat="50.7584712" lon="13.9663660">
	<ele>688.73</ele>
	<time>2020-07-18T11:11:22.000Z</time>
	<hdop>6.00</hdop>
	<extensions>
		<gpxtpx:TrackPointExtension>
			<gpxtpx:course>31.689926</gpxtpx:course>
		</gpxtpx:TrackPointExtension>
	</extensions>
</trkpt>
<trkpt lat="50.7586418" lon="13.9666200">
	<ele>686.42</ele>
	<time>2020-07-18T11:11:27.000Z</time>
	<hdop>8.00</hdop>
	<extensions>
		<gpxtpx:TrackPointExtension>
			<gpxtpx:course>80.46849</gpxtpx:course>
		</gpxtpx:TrackPointExtension>
	</extensions>
</trkpt>
<trkpt lat="50.7587406" lon="13.9671352">
	<ele>683.47</ele>
	<time>2020-07-18T11:11:32.000Z</time>
	<hdop>12.00</hdop>
	<extensions>
		<gpxtpx:TrackPointExtension>
			<gpxtpx:course>77.688354</gpxtpx:course>
		</gpxtpx:TrackPointExtension>
	</extensions>
</trkpt>
<trkpt lat="50.7587955" lon="13.9678037">
	<ele>680.54</ele>
	<time>2020-07-18T11:11:37.000Z</time>
	<hdop>12.00</hdop>
	<extensions>
		<gpxtpx:TrackPointExtension>
			<gpxtpx:course>109.750435</gpxtpx:course>
		</gpxtpx:TrackPointExtension>
	</extensions>
</trkpt>
<trkpt lat="50.7587213" lon="13.9684174">
	<ele>682.01</ele>
	<time>2020-07-18T11:11:42.000Z</time>
	<hdop>12.00</hdop>
	<extensions>
		<gpxtpx:TrackPointExtension>
			<gpxtpx:course>106.393616</gpxtpx:course>
		</gpxtpx:TrackPointExtension>
	</extensions>
</trkpt>
<trkpt lat="50.7586776" lon="13.9689360">
	<ele>687.39</ele>
	<time>2020-07-18T11:11:47.000Z</time>
	<hdop>12.00</hdop>
	<extensions>
		<gpxtpx:TrackPointExtension>
			<gpxtpx:course>93.88899</gpxtpx:course>
		</gpxtpx:TrackPointExtension>
	</extensions>
</trkpt>
<trkpt lat="50.7586913" lon="13.9694218">
	<ele>688.58</ele>
	<time>2020-07-18T11:11:52.000Z</time>
	<hdop>8.00</hdop>
	<extensions>
		<gpxtpx:TrackPointExtension>
			<gpxtpx:course>86.435005</gpxtpx:course>
		</gpxtpx:TrackPointExtension>
	</extensions>
</trkpt>
<trkpt lat="50.7587098" lon="13.9699010">
	<ele>689.03</ele>
	<time>2020-07-18T11:11:57.000Z</time>
	<hdop>6.00</hdop>
	<extensions>
		<gpxtpx:TrackPointExtension>
			<gpxtpx:course>97.90147</gpxtpx:course>
		</gpxtpx:TrackPointExtension>
	</extensions>
</trkpt>
<trkpt lat="50.7586973" lon="13.9703602">
	<ele>690.54</ele>
	<time>2020-07-18T11:12:02.000Z</time>
	<hdop>8.00</hdop>
	<extensions>
		<gpxtpx:TrackPointExtension>
			<gpxtpx:course>86.58902</gpxtpx:course>
		</gpxtpx:TrackPointExtension>
	</extensions>
</trkpt>
<trkpt lat="50.7587610" lon="13.9709127">
	<ele>689.08</ele>
	<time>2020-07-18T11:12:07.000Z</time>
	<hdop>12.00</hdop>
	<extensions>
		<gpxtpx:TrackPointExtension>
			<gpxtpx:course>67.47996</gpxtpx:course>
		</gpxtpx:TrackPointExtension>
	</extensions>
</trkpt>
<trkpt lat="50.7588901" lon="13.9714256">
	<ele>687.36</ele>
	<time>2020-07-18T11:12:12.000Z</time>
	<hdop>6.00</hdop>
	<extensions>
		<gpxtpx:TrackPointExtension>
			<gpxtpx:course>77.32666</gpxtpx:course>
		</gpxtpx:TrackPointExtension>
	</extensions>
</trkpt>
<trkpt lat="50.7588950" lon="13.9719095">
	<ele>686.23</ele>
	<time>2020-07-18T11:12:17.000Z</time>
	<hdop>8.00</hdop>
	<extensions>
		<gpxtpx:TrackPointExtension>
			<gpxtpx:course>95.09753</gpxtpx:course>
		</gpxtpx:TrackPointExtension>
	</extensions>
</trkpt>
<trkpt lat="50.7589549" lon="13.9722863">
	<ele>684.79</ele>
	<time>2020-07-18T11:12:22.000Z</time>
	<hdop>6.00</hdop>
	<extensions>
		<gpxtpx:TrackPointExtension>
			<gpxtpx:course>62.701847</gpxtpx:course>
		</gpxtpx:TrackPointExtension>
	</extensions>
</trkpt>
<trkpt lat="50.7590560" lon="13.9727309">
	<ele>682.69</ele>
	<time>2020-07-18T11:12:27.000Z</time>
	<hdop>6.00</hdop>
	<extensions>
		<gpxtpx:TrackPointExtension>
			<gpxtpx:course>70.73317</gpxtpx:course>
		</gpxtpx:TrackPointExtension>
	</extensions>
</trkpt>
<trkpt lat="50.7591359" lon="13.9732226">
	<ele>680.55</ele>
	<time>2020-07-18T11:12:32.000Z</time>
	<hdop>6.00</hdop>
	<extensions>
		<gpxtpx:TrackPointExtension>
			<gpxtpx:course>80.00862</gpxtpx:course>
		</gpxtpx:TrackPointExtension>
	</extensions>
</trkpt>
<trkpt lat="50.7591946" lon="13.9737560">
	<ele>680.59</ele>
	<time>2020-07-18T11:12:37.000Z</time>
	<hdop>6.00</hdop>
	<extensions>
		<gpxtpx:TrackPointExtension>
			<gpxtpx:course>80.40092</gpxtpx:course>
		</gpxtpx:TrackPointExtension>
	</extensions>
</trkpt>
<trkpt lat="50.7592464" lon="13.9742352">
	<ele>681.90</ele>
	<time>2020-07-18T11:12:42.000Z</time>
	<hdop>6.00</hdop>
	<extensions>
		<gpxtpx:TrackPointExtension>
			<gpxtpx:course>84.579544</gpxtpx:course>
		</gpxtpx:TrackPointExtension>
	</extensions>
</trkpt>
<trkpt lat="50.7592812" lon="13.9746372">
	<ele>682.66</ele>
	<time>2020-07-18T11:12:47.000Z</time>
	<hdop>6.00</hdop>
	<extensions>
		<gpxtpx:TrackPointExtension>
			<gpxtpx:course>78.712364</gpxtpx:course>
		</gpxtpx:TrackPointExtension>
	</extensions>
</trkpt>
<trkpt lat="50.7593081" lon="13.9750127">
	<ele>682.19</ele>
	<time>2020-07-18T11:12:52.000Z</time>
	<hdop>6.00</hdop>
	<extensions>
		<gpxtpx:TrackPointExtension>
			<gpxtpx:course>85.35098</gpxtpx:course>
		</gpxtpx:TrackPointExtension>
	</extensions>
</trkpt>
<trkpt lat="50.7593293" lon="13.9751980">
	<ele>681.76</ele>
	<time>2020-07-18T11:12:57.000Z</time>
	<hdop>6.00</hdop>
	<extensions>
		<gpxtpx:TrackPointExtension>
			<gpxtpx:course>74.87305</gpxtpx:course>
		</gpxtpx:TrackPointExtension>
	</extensions>
</trkpt>
<trkpt lat="50.7593344" lon="13.9753589">
	<ele>681.28</ele>
	<time>2020-07-18T11:13:35.000Z</time>
	<hdop>3.00</hdop>
	<extensions>
		<gpxtpx:TrackPointExtension>
			<gpxtpx:course>80.82491</gpxtpx:course>
		</gpxtpx:TrackPointExtension>
	</extensions>
</trkpt>
<trkpt lat="50.7593979" lon="13.9756094">
	<ele>681.46</ele>
	<time>2020-07-18T11:13:40.000Z</time>
	<hdop>4.00</hdop>
	<extensions>
		<gpxtpx:TrackPointExtension>
			<gpxtpx:course>52.65524</gpxtpx:course>
		</gpxtpx:TrackPointExtension>
	</extensions>
</trkpt>
<trkpt lat="50.7595336" lon="13.9758625">
	<ele>682.05</ele>
	<time>2020-07-18T11:13:45.000Z</time>
	<hdop>4.00</hdop>
	<extensions>
		<gpxtpx:TrackPointExtension>
			<gpxtpx:course>46.955685</gpxtpx:course>
		</gpxtpx:TrackPointExtension>
	</extensions>
</trkpt>
<trkpt lat="50.7596451" lon="13.9760592">
	<ele>682.36</ele>
	<time>2020-07-18T11:13:50.000Z</time>
	<hdop>4.00</hdop>
	<extensions>
		<gpxtpx:TrackPointExtension>
			<gpxtpx:course>45.752975</gpxtpx:course>
		</gpxtpx:TrackPointExtension>
	</extensions>
</trkpt>
<trkpt lat="50.7597742" lon="13.9762333">
	<ele>683.11</ele>
	<time>2020-07-18T11:13:55.000Z</time>
	<hdop>6.00</hdop>
	<extensions>
		<gpxtpx:TrackPointExtension>
			<gpxtpx:course>32.283363</gpxtpx:course>
		</gpxtpx:TrackPointExtension>
	</extensions>
</trkpt>
<trkpt lat="50.7599131" lon="13.9763894">
	<ele>683.80</ele>
	<time>2020-07-18T11:14:00.000Z</time>
	<hdop>6.00</hdop>
	<extensions>
		<gpxtpx:TrackPointExtension>
			<gpxtpx:course>46.024555</gpxtpx:course>
		</gpxtpx:TrackPointExtension>
	</extensions>
</trkpt>
<trkpt lat="50.7600119" lon="13.9767005">
	<ele>684.16</ele>
	<time>2020-07-18T11:14:05.000Z</time>
	<hdop>8.00</hdop>
	<extensions>
		<gpxtpx:TrackPointExtension>
			<gpxtpx:course>80.94695</gpxtpx:course>
		</gpxtpx:TrackPointExtension>
	</extensions>
</trkpt>
<trkpt lat="50.7600109" lon="13.9770602">
	<ele>684.05</ele>
	<time>2020-07-18T11:14:10.000Z</time>
	<hdop>6.00</hdop>
	<extensions>
		<gpxtpx:TrackPointExtension>
			<gpxtpx:course>112.068344</gpxtpx:course>
		</gpxtpx:TrackPointExtension>
	</extensions>
</trkpt>
<trkpt lat="50.7599363" lon="13.9772867">
	<ele>682.78</ele>
	<time>2020-07-18T11:14:15.000Z</time>
	<hdop>4.00</hdop>
	<extensions>
		<gpxtpx:TrackPointExtension>
			<gpxtpx:course>108.13279</gpxtpx:course>
		</gpxtpx:TrackPointExtension>
	</extensions>
</trkpt>
<trkpt lat="50.7599185" lon="13.9774644">
	<ele>682.56</ele>
	<time>2020-07-18T11:14:39.000Z</time>
	<hdop>3.00</hdop>
	<extensions>
		<gpxtpx:TrackPointExtension>
			<gpxtpx:course>107.95536</gpxtpx:course>
		</gpxtpx:TrackPointExtension>
	</extensions>
</trkpt>
<trkpt lat="50.7598559" lon="13.9777639">
	<ele>682.50</ele>
	<time>2020-07-18T11:14:44.000Z</time>
	<hdop>4.00</hdop>
	<extensions>
		<gpxtpx:TrackPointExtension>
			<gpxtpx:course>106.09328</gpxtpx:course>
		</gpxtpx:TrackPointExtension>
	</extensions>
</trkpt>
<trkpt lat="50.7598433" lon="13.9781495">
	<ele>681.08</ele>
	<time>2020-07-18T11:14:49.000Z</time>
	<hdop>3.00</hdop>
	<extensions>
		<gpxtpx:TrackPointExtension>
			<gpxtpx:course>83.80208</gpxtpx:course>
		</gpxtpx:TrackPointExtension>
	</extensions>
</trkpt>
<trkpt lat="50.7598988" lon="13.9785212">
	<ele>679.77</ele>
	<time>2020-07-18T11:14:54.000Z</time>
	<hdop>4.00</hdop>
	<extensions>
		<gpxtpx:TrackPointExtension>
			<gpxtpx:course>72.12022</gpxtpx:course>
		</gpxtpx:TrackPointExtension>
	</extensions>
</trkpt>
<trkpt lat="50.7600025" lon="13.9787639">
	<ele>679.89</ele>
	<time>2020-07-18T11:14:59.000Z</time>
	<hdop>4.00</hdop>
	<extensions>
		<gpxtpx:TrackPointExtension>
			<gpxtpx:course>36.23361</gpxtpx:course>
		</gpxtpx:TrackPointExtension>
	</extensions>
</trkpt>
<trkpt lat="50.7600980" lon="13.9790335">
	<ele>680.94</ele>
	<time>2020-07-18T11:15:04.000Z</time>
	<hdop>4.00</hdop>
	<extensions>
		<gpxtpx:TrackPointExtension>
			<gpxtpx:course>72.0606</gpxtpx:course>
		</gpxtpx:TrackPointExtension>
	</extensions>
</trkpt>
<trkpt lat="50.7600585" lon="13.9793251">
	<ele>681.11</ele>
	<time>2020-07-18T11:15:09.000Z</time>
	<hdop>6.00</hdop>
	<extensions>
		<gpxtpx:TrackPointExtension>
			<gpxtpx:course>135.7987</gpxtpx:course>
		</gpxtpx:TrackPointExtension>
	</extensions>
</trkpt>
<trkpt lat="50.7599333" lon="13.9795285">
	<ele>681.47</ele>
	<time>2020-07-18T11:15:14.000Z</time>
	<hdop>4.00</hdop>
	<extensions>
		<gpxtpx:TrackPointExtension>
			<gpxtpx:course>140.94164</gpxtpx:course>
		</gpxtpx:TrackPointExtension>
	</extensions>
</trkpt>
<trkpt lat="50.7598280" lon="13.9798278">
	<ele>681.29</ele>
	<time>2020-07-18T11:15:19.000Z</time>
	<hdop>4.00</hdop>
	<extensions>
		<gpxtpx:TrackPointExtension>
			<gpxtpx:course>92.23559</gpxtpx:course>
		</gpxtpx:TrackPointExtension>
	</extensions>
</trkpt>
<trkpt lat="50.7598814" lon="13.9803509">
	<ele>680.92</ele>
	<time>2020-07-18T11:15:24.000Z</time>
	<hdop>4.00</hdop>
	<extensions>
		<gpxtpx:TrackPointExtension>
			<gpxtpx:course>80.26457</gpxtpx:course>
		</gpxtpx:TrackPointExtension>
	</extensions>
</trkpt>
<trkpt lat="50.7598434" lon="13.9807989">
	<ele>681.22</ele>
	<time>2020-07-18T11:15:29.000Z</time>
	<hdop>4.00</hdop>
	<extensions>
		<gpxtpx:TrackPointExtension>
			<gpxtpx:course>104.85525</gpxtpx:course>
		</gpxtpx:TrackPointExtension>
	</extensions>
</trkpt>
<trkpt lat="50.7597953" lon="13.9812306">
	<ele>680.91</ele>
	<time>2020-07-18T11:15:34.000Z</time>
	<hdop>4.00</hdop>
	<extensions>
		<gpxtpx:TrackPointExtension>
			<gpxtpx:course>82.633804</gpxtpx:course>
		</gpxtpx:TrackPointExtension>
	</extensions>
</trkpt>
<trkpt lat="50.7598514" lon="13.9815982">
	<ele>680.05</ele>
	<time>2020-07-18T11:15:39.000Z</time>
	<hdop>4.00</hdop>
	<extensions>
		<gpxtpx:TrackPointExtension>
			<gpxtpx:course>59.910606</gpxtpx:course>
		</gpxtpx:TrackPointExtension>
	</extensions>
</trkpt>
<trkpt lat="50.7599905" lon="13.9820012">
	<ele>679.15</ele>
	<time>2020-07-18T11:15:44.000Z</time>
	<hdop>6.00</hdop>
	<extensions>
		<gpxtpx:TrackPointExtension>
			<gpxtpx:course>72.06376</gpxtpx:course>
		</gpxtpx:TrackPointExtension>
	</extensions>
</trkpt>
<trkpt lat="50.7599493" lon="13.9825779">
	<ele>678.90</ele>
	<time>2020-07-18T11:15:49.000Z</time>
	<hdop>8.00</hdop>
	<extensions>
		<gpxtpx:TrackPointExtension>
			<gpxtpx:course>101.69393</gpxtpx:course>
		</gpxtpx:TrackPointExtension>
	</extensions>
</trkpt>
<trkpt lat="50.7598767" lon="13.9830764">
	<ele>678.48</ele>
	<time>2020-07-18T11:15:54.000Z</time>
	<hdop>6.00</hdop>
	<extensions>
		<gpxtpx:TrackPointExtension>
			<gpxtpx:course>109.166405</gpxtpx:course>
		</gpxtpx:TrackPointExtension>
	</extensions>
</trkpt>
<trkpt lat="50.7597329" lon="13.9835225">
	<ele>677.89</ele>
	<time>2020-07-18T11:15:59.000Z</time>
	<hdop>8.00</hdop>
	<extensions>
		<gpxtpx:TrackPointExtension>
			<gpxtpx:course>115.28413</gpxtpx:course>
		</gpxtpx:TrackPointExtension>
	</extensions>
</trkpt>
<trkpt lat="50.7595596" lon="13.9840755">
	<ele>675.54</ele>
	<time>2020-07-18T11:16:04.000Z</time>
	<hdop>6.00</hdop>
	<extensions>
		<gpxtpx:TrackPointExtension>
			<gpxtpx:course>106.64601</gpxtpx:course>
		</gpxtpx:TrackPointExtension>
	</extensions>
</trkpt>
<trkpt lat="50.7594480" lon="13.9847677">
	<ele>673.92</ele>
	<time>2020-07-18T11:16:09.000Z</time>
	<hdop>6.00</hdop>
	<extensions>
		<gpxtpx:TrackPointExtension>
			<gpxtpx:course>87.29748</gpxtpx:course>
		</gpxtpx:TrackPointExtension>
	</extensions>
</trkpt>
<trkpt lat="50.7594280" lon="13.9854463">
	<ele>676.23</ele>
	<time>2020-07-18T11:16:14.000Z</time>
	<hdop>6.00</hdop>
	<extensions>
		<gpxtpx:TrackPointExtension>
			<gpxtpx:course>100.72471</gpxtpx:course>
		</gpxtpx:TrackPointExtension>
	</extensions>
</trkpt>
<trkpt lat="50.7592979" lon="13.9860430">
	<ele>678.41</ele>
	<time>2020-07-18T11:16:19.000Z</time>
	<hdop>4.00</hdop>
	<extensions>
		<gpxtpx:TrackPointExtension>
			<gpxtpx:course>110.532745</gpxtpx:course>
		</gpxtpx:TrackPointExtension>
	</extensions>
</trkpt>
<trkpt lat="50.7591535" lon="13.9865864">
	<ele>679.66</ele>
	<time>2020-07-18T11:16:24.000Z</time>
	<hdop>4.00</hdop>
	<extensions>
		<gpxtpx:TrackPointExtension>
			<gpxtpx:course>108.28516</gpxtpx:course>
		</gpxtpx:TrackPointExtension>
	</extensions>
</trkpt>
<trkpt lat="50.7590092" lon="13.9871428">
	<ele>679.29</ele>
	<time>2020-07-18T11:16:29.000Z</time>
	<hdop>4.00</hdop>
	<extensions>
		<gpxtpx:TrackPointExtension>
			<gpxtpx:course>129.02821</gpxtpx:course>
		</gpxtpx:TrackPointExtension>
	</extensions>
</trkpt>
<trkpt lat="50.7587142" lon="13.9875706">
	<ele>678.73</ele>
	<time>2020-07-18T11:16:34.000Z</time>
	<hdop>4.00</hdop>
	<extensions>
		<gpxtpx:TrackPointExtension>
			<gpxtpx:course>135.85854</gpxtpx:course>
		</gpxtpx:TrackPointExtension>
	</extensions>
</trkpt>
<trkpt lat="50.7584078" lon="13.9881101">
	<ele>678.88</ele>
	<time>2020-07-18T11:16:39.000Z</time>
	<hdop>6.00</hdop>
	<extensions>
		<gpxtpx:TrackPointExtension>
			<gpxtpx:course>131.96295</gpxtpx:course>
		</gpxtpx:TrackPointExtension>
	</extensions>
</trkpt>
<trkpt lat="50.7581229" lon="13.9886724">
	<ele>677.48</ele>
	<time>2020-07-18T11:16:44.000Z</time>
	<hdop>6.00</hdop>
	<extensions>
		<gpxtpx:TrackPointExtension>
			<gpxtpx:course>135.51324</gpxtpx:course>
		</gpxtpx:TrackPointExtension>
	</extensions>
</trkpt>
<trkpt lat="50.7578065" lon="13.9891530">
	<ele>676.08</ele>
	<time>2020-07-18T11:16:49.000Z</time>
	<hdop>6.00</hdop>
	<extensions>
		<gpxtpx:TrackPointExtension>
			<gpxtpx:course>128.58064</gpxtpx:course>
		</gpxtpx:TrackPointExtension>
	</extensions>
</trkpt>
<trkpt lat="50.7576591" lon="13.9895872">
	<ele>675.31</ele>
	<time>2020-07-18T11:16:54.000Z</time>
	<hdop>6.00</hdop>
	<extensions>
		<gpxtpx:TrackPointExtension>
			<gpxtpx:course>115.62871</gpxtpx:course>
		</gpxtpx:TrackPointExtension>
	</extensions>
</trkpt>
<trkpt lat="50.7575478" lon="13.9899339">
	<ele>674.04</ele>
	<time>2020-07-18T11:16:59.000Z</time>
	<hdop>6.00</hdop>
	<extensions>
		<gpxtpx:TrackPointExtension>
			<gpxtpx:course>112.72441</gpxtpx:course>
		</gpxtpx:TrackPointExtension>
	</extensions>
</trkpt>
<trkpt lat="50.7574868" lon="13.9902555">
	<ele>672.89</ele>
	<time>2020-07-18T11:17:04.000Z</time>
	<hdop>8.00</hdop>
	<extensions>
		<gpxtpx:TrackPointExtension>
			<gpxtpx:course>101.34071</gpxtpx:course>
		</gpxtpx:TrackPointExtension>
	</extensions>
</trkpt>
<trkpt lat="50.7574447" lon="13.9905818">
	<ele>671.63</ele>
	<time>2020-07-18T11:17:09.000Z</time>
	<hdop>6.00</hdop>
	<extensions>
		<gpxtpx:TrackPointExtension>
			<gpxtpx:course>94.03096</gpxtpx:course>
		</gpxtpx:TrackPointExtension>
	</extensions>
</trkpt>
<trkpt lat="50.7574339" lon="13.9909160">
	<ele>671.28</ele>
	<time>2020-07-18T11:17:14.000Z</time>
	<hdop>8.00</hdop>
	<extensions>
		<gpxtpx:TrackPointExtension>
			<gpxtpx:course>93.416824</gpxtpx:course>
		</gpxtpx:TrackPointExtension>
	</extensions>
</trkpt>
<trkpt lat="50.7574043" lon="13.9912708">
	<ele>670.90</ele>
	<time>2020-07-18T11:17:19.000Z</time>
	<hdop>6.00</hdop>
	<extensions>
		<gpxtpx:TrackPointExtension>
			<gpxtpx:course>98.56854</gpxtpx:course>
		</gpxtpx:TrackPointExtension>
	</extensions>
</trkpt>
<trkpt lat="50.7574020" lon="13.9916581">
	<ele>670.84</ele>
	<time>2020-07-18T11:17:24.000Z</time>
	<hdop>3.00</hdop>
	<extensions>
		<gpxtpx:TrackPointExtension>
			<gpxtpx:course>77.50915</gpxtpx:course>
		</gpxtpx:TrackPointExtension>
	</extensions>
</trkpt>
<trkpt lat="50.7574876" lon="13.9920771">
	<ele>670.91</ele>
	<time>2020-07-18T11:17:29.000Z</time>
	<hdop>4.00</hdop>
	<extensions>
		<gpxtpx:TrackPointExtension>
			<gpxtpx:course>74.63225</gpxtpx:course>
		</gpxtpx:TrackPointExtension>
	</extensions>
</trkpt>
<trkpt lat="50.7575189" lon="13.9924706">
	<ele>670.81</ele>
	<time>2020-07-18T11:17:34.000Z</time>
	<hdop>4.00</hdop>
	<extensions>
		<gpxtpx:TrackPointExtension>
			<gpxtpx:course>93.56103</gpxtpx:course>
		</gpxtpx:TrackPointExtension>
	</extensions>
</trkpt>
<trkpt lat="50.7575306" lon="13.9927612">
	<ele>670.76</ele>
	<time>2020-07-18T11:17:39.000Z</time>
	<hdop>4.00</hdop>
	<extensions>
		<gpxtpx:TrackPointExtension>
			<gpxtpx:course>83.64148</gpxtpx:course>
		</gpxtpx:TrackPointExtension>
	</extensions>
</trkpt>
<trkpt lat="50.7575949" lon="13.9930767">
	<ele>670.51</ele>
	<time>2020-07-18T11:17:44.000Z</time>
	<hdop>4.00</hdop>
	<extensions>
		<gpxtpx:TrackPointExtension>
			<gpxtpx:course>67.58504</gpxtpx:course>
		</gpxtpx:TrackPointExtension>
	</extensions>
</trkpt>
<trkpt lat="50.7577028" lon="13.9934851">
	<ele>670.17</ele>
	<time>2020-07-18T11:17:49.000Z</time>
	<hdop>6.00</hdop>
	<extensions>
		<gpxtpx:TrackPointExtension>
			<gpxtpx:course>68.97779</gpxtpx:course>
		</gpxtpx:TrackPointExtension>
	</extensions>
</trkpt>
<trkpt lat="50.7578452" lon="13.9940093">
	<ele>669.25</ele>
	<time>2020-07-18T11:17:54.000Z</time>
	<hdop>8.00</hdop>
	<extensions>
		<gpxtpx:TrackPointExtension>
			<gpxtpx:course>66.40508</gpxtpx:course>
		</gpxtpx:TrackPointExtension>
	</extensions>
</trkpt>
<trkpt lat="50.7579735" lon="13.9944367">
	<ele>668.00</ele>
	<time>2020-07-18T11:17:59.000Z</time>
	<hdop>8.00</hdop>
	<extensions>
		<gpxtpx:TrackPointExtension>
			<gpxtpx:course>80.650536</gpxtpx:course>
		</gpxtpx:TrackPointExtension>
	</extensions>
</trkpt>
<trkpt lat="50.7581175" lon="13.9948004">
	<ele>667.83</ele>
	<time>2020-07-18T11:18:04.000Z</time>
	<hdop>8.00</hdop>
	<extensions>
		<gpxtpx:TrackPointExtension>
			<gpxtpx:course>61.488136</gpxtpx:course>
		</gpxtpx:TrackPointExtension>
	</extensions>
</trkpt>
<trkpt lat="50.7583598" lon="13.9951251">
	<ele>666.56</ele>
	<time>2020-07-18T11:18:09.000Z</time>
	<hdop>8.00</hdop>
	<extensions>
		<gpxtpx:TrackPointExtension>
			<gpxtpx:course>50.52924</gpxtpx:course>
		</gpxtpx:TrackPointExtension>
	</extensions>
</trkpt>
<trkpt lat="50.7585068" lon="13.9952816">
	<ele>666.02</ele>
	<time>2020-07-18T11:18:14.000Z</time>
	<hdop>8.00</hdop>
	<extensions>
		<gpxtpx:TrackPointExtension>
			<gpxtpx:course>39.547752</gpxtpx:course>
		</gpxtpx:TrackPointExtension>
	</extensions>
</trkpt>
<trkpt lat="50.7585467" lon="13.9954139">
	<ele>664.66</ele>
	<time>2020-07-18T11:18:52.000Z</time>
	<hdop>4.00</hdop>
	<extensions>
		<gpxtpx:TrackPointExtension>
			<gpxtpx:course>58.190693</gpxtpx:course>
		</gpxtpx:TrackPointExtension>
	</extensions>
</trkpt>
<trkpt lat="50.7586469" lon="13.9955546">
	<ele>664.55</ele>
	<time>2020-07-18T11:18:57.000Z</time>
	<hdop>4.00</hdop>
	<extensions>
		<gpxtpx:TrackPointExtension>
			<gpxtpx:course>40.361996</gpxtpx:course>
		</gpxtpx:TrackPointExtension>
	</extensions>
</trkpt>
<trkpt lat="50.7587516" lon="13.9956988">
	<ele>664.82</ele>
	<time>2020-07-18T11:19:02.000Z</time>
	<hdop>4.00</hdop>
	<extensions>
		<gpxtpx:TrackPointExtension>
			<gpxtpx:course>60.179405</gpxtpx:course>
		</gpxtpx:TrackPointExtension>
	</extensions>
</trkpt>
<trkpt lat="50.7588166" lon="13.9959161">
	<ele>664.39</ele>
	<time>2020-07-18T11:19:07.000Z</time>
	<hdop>6.00</hdop>
	<extensions>
		<gpxtpx:TrackPointExtension>
			<gpxtpx:course>72.716095</gpxtpx:course>
		</gpxtpx:TrackPointExtension>
	</extensions>
</trkpt>
<trkpt lat="50.7588925" lon="13.9961460">
	<ele>662.68</ele>
	<time>2020-07-18T11:19:12.000Z</time>
	<hdop>6.00</hdop>
	<extensions>
		<gpxtpx:TrackPointExtension>
			<gpxtpx:course>69.69587</gpxtpx:course>
		</gpxtpx:TrackPointExtension>
	</extensions>
</trkpt>
<trkpt lat="50.7589760" lon="13.9963513">
	<ele>661.30</ele>
	<time>2020-07-18T11:19:17.000Z</time>
	<hdop>6.00</hdop>
	<extensions>
		<gpxtpx:TrackPointExtension>
			<gpxtpx:course>56.01981</gpxtpx:course>
		</gpxtpx:TrackPointExtension>
	</extensions>
</trkpt>
<trkpt lat="50.7590377" lon="13.9964873">
	<ele>660.61</ele>
	<time>2020-07-18T11:19:22.000Z</time>
	<hdop>6.00</hdop>
	<extensions>
		<gpxtpx:TrackPointExtension>
			<gpxtpx:course>51.76073</gpxtpx:course>
		</gpxtpx:TrackPointExtension>
	</extensions>
</trkpt>
<trkpt lat="50.7591121" lon="13.9966164">
	<ele>659.81</ele>
	<time>2020-07-18T11:19:29.000Z</time>
	<hdop>6.00</hdop>
	<extensions>
		<gpxtpx:TrackPointExtension>
			<gpxtpx:course>41.493553</gpxtpx:course>
		</gpxtpx:TrackPointExtension>
	</extensions>
</trkpt>
<trkpt lat="50.7591837" lon="13.9967276">
	<ele>658.51</ele>
	<time>2020-07-18T11:19:58.000Z</time>
	<hdop>4.00</hdop>
	<extensions>
		<gpxtpx:TrackPointExtension>
			<gpxtpx:course>18.41721</gpxtpx:course>
		</gpxtpx:TrackPointExtension>
	</extensions>
</trkpt>
<trkpt lat="50.7593431" lon="13.9967857">
	<ele>658.63</ele>
	<time>2020-07-18T11:20:03.000Z</time>
	<hdop>6.00</hdop>
	<extensions>
		<gpxtpx:TrackPointExtension>
			<gpxtpx:course>14.361276</gpxtpx:course>
		</gpxtpx:TrackPointExtension>
	</extensions>
</trkpt>
<trkpt lat="50.7595543" lon="13.9968340">
	<ele>659.03</ele>
	<time>2020-07-18T11:20:08.000Z</time>
	<hdop>6.00</hdop>
	<extensions>
		<gpxtpx:TrackPointExtension>
			<gpxtpx:course>15.175804</gpxtpx:course>
		</gpxtpx:TrackPointExtension>
	</extensions>
</trkpt>
<trkpt lat="50.7596972" lon="13.9968868">
	<ele>658.99</ele>
	<time>2020-07-18T11:20:13.000Z</time>
	<hdop>6.00</hdop>
	<extensions>
		<gpxtpx:TrackPointExtension>
			<gpxtpx:course>22.109043</gpxtpx:course>
		</gpxtpx:TrackPointExtension>
	</extensions>
</trkpt>
<trkpt lat="50.7598059" lon="13.9968950">
	<ele>657.92</ele>
	<time>2020-07-18T11:20:20.000Z</time>
	<hdop>8.00</hdop>
	<extensions>
		<gpxtpx:TrackPointExtension>
			<gpxtpx:course>22.949795</gpxtpx:course>
		</gpxtpx:TrackPointExtension>
	</extensions>
</trkpt>
<trkpt lat="50.7598880" lon="13.9969541">
	<ele>656.78</ele>
	<time>2020-07-18T11:20:25.000Z</time>
	<hdop>8.00</hdop>
	<extensions>
		<gpxtpx:TrackPointExtension>
			<gpxtpx:course>35.232178</gpxtpx:course>
		</gpxtpx:TrackPointExtension>
	</extensions>
</trkpt>
<trkpt lat="50.7599751" lon="13.9970098">
	<ele>655.25</ele>
	<time>2020-07-18T11:20:31.000Z</time>
	<hdop>8.00</hdop>
	<extensions>
		<gpxtpx:TrackPointExtension>
			<gpxtpx:course>26.692211</gpxtpx:course>
		</gpxtpx:TrackPointExtension>
	</extensions>
</trkpt>
<trkpt lat="50.7601319" lon="13.9971888">
	<ele>654.58</ele>
	<time>2020-07-18T11:20:36.000Z</time>
	<hdop>8.00</hdop>
	<extensions>
		<gpxtpx:TrackPointExtension>
			<gpxtpx:course>38.991955</gpxtpx:course>
		</gpxtpx:TrackPointExtension>
	</extensions>
</trkpt>
<trkpt lat="50.7603173" lon="13.9974485">
	<ele>654.27</ele>
	<time>2020-07-18T11:20:41.000Z</time>
	<hdop>8.00</hdop>
	<extensions>
		<gpxtpx:TrackPointExtension>
			<gpxtpx:course>55.398678</gpxtpx:course>
		</gpxtpx:TrackPointExtension>
	</extensions>
</trkpt>
<trkpt lat="50.7604343" lon="13.9976570">
	<ele>653.66</ele>
	<time>2020-07-18T11:20:46.000Z</time>
	<hdop>8.00</hdop>
	<extensions>
		<gpxtpx:TrackPointExtension>
			<gpxtpx:course>45.27586</gpxtpx:course>
		</gpxtpx:TrackPointExtension>
	</extensions>
</trkpt>
<trkpt lat="50.7605208" lon="13.9978249">
	<ele>652.97</ele>
	<time>2020-07-18T11:20:51.000Z</time>
	<hdop>8.00</hdop>
	<extensions>
		<gpxtpx:TrackPointExtension>
			<gpxtpx:course>68.91162</gpxtpx:course>
		</gpxtpx:TrackPointExtension>
	</extensions>
</trkpt>
<trkpt lat="50.7606063" lon="13.9980773">
	<ele>652.27</ele>
	<time>2020-07-18T11:20:56.000Z</time>
	<hdop>8.00</hdop>
	<extensions>
		<gpxtpx:TrackPointExtension>
			<gpxtpx:course>69.65302</gpxtpx:course>
		</gpxtpx:TrackPointExtension>
	</extensions>
</trkpt>
<trkpt lat="50.7607079" lon="13.9983028">
	<ele>651.67</ele>
	<time>2020-07-18T11:21:01.000Z</time>
	<hdop>6.00</hdop>
	<extensions>
		<gpxtpx:TrackPointExtension>
			<gpxtpx:course>47.657997</gpxtpx:course>
		</gpxtpx:TrackPointExtension>
	</extensions>
</trkpt>
<trkpt lat="50.7607924" lon="13.9984904">
	<ele>651.19</ele>
	<time>2020-07-18T11:21:06.000Z</time>
	<hdop>8.00</hdop>
	<extensions>
		<gpxtpx:TrackPointExtension>
			<gpxtpx:course>81.105194</gpxtpx:course>
		</gpxtpx:TrackPointExtension>
	</extensions>
</trkpt>
<trkpt lat="50.7608690" lon="13.9987478">
	<ele>650.79</ele>
	<time>2020-07-18T11:21:11.000Z</time>
	<hdop>6.00</hdop>
	<extensions>
		<gpxtpx:TrackPointExtension>
			<gpxtpx:course>68.67096</gpxtpx:course>
		</gpxtpx:TrackPointExtension>
	</extensions>
</trkpt>
<trkpt lat="50.7608893" lon="13.9990920">
	<ele>650.43</ele>
	<time>2020-07-18T11:21:16.000Z</time>
	<hdop>6.00</hdop>
	<extensions>
		<gpxtpx:TrackPointExtension>
			<gpxtpx:course>97.609764</gpxtpx:course>
		</gpxtpx:TrackPointExtension>
	</extensions>
</trkpt>
<trkpt lat="50.7608771" lon="13.9994364">
	<ele>650.08</ele>
	<time>2020-07-18T11:21:21.000Z</time>
	<hdop>4.00</hdop>
	<extensions>
		<gpxtpx:TrackPointExtension>
			<gpxtpx:course>92.78085</gpxtpx:course>
		</gpxtpx:TrackPointExtension>
	</extensions>
</trkpt>
<trkpt lat="50.7608723" lon="13.9997638">
	<ele>648.62</ele>
	<time>2020-07-18T11:21:26.000Z</time>
	<hdop>4.00</hdop>
	<extensions>
		<gpxtpx:TrackPointExtension>
			<gpxtpx:course>93.63472</gpxtpx:course>
		</gpxtpx:TrackPointExtension>
	</extensions>
</trkpt>
<trkpt lat="50.7608628" lon="14.0001163">
	<ele>647.41</ele>
	<time>2020-07-18T11:21:31.000Z</time>
	<hdop>4.00</hdop>
	<extensions>
		<gpxtpx:TrackPointExtension>
			<gpxtpx:course>91.412895</gpxtpx:course>
		</gpxtpx:TrackPointExtension>
	</extensions>
</trkpt>
<trkpt lat="50.7608618" lon="14.0004374">
	<ele>646.91</ele>
	<time>2020-07-18T11:21:36.000Z</time>
	<hdop>6.00</hdop>
	<extensions>
		<gpxtpx:TrackPointExtension>
			<gpxtpx:course>82.72289</gpxtpx:course>
		</gpxtpx:TrackPointExtension>
	</extensions>
</trkpt>
<trkpt lat="50.7609516" lon="14.0005194">
	<ele>645.91</ele>
	<time>2020-07-18T11:22:21.000Z</time>
	<hdop>4.00</hdop>
	<extensions>
		<gpxtpx:TrackPointExtension>
			<gpxtpx:course>5.301388</gpxtpx:course>
		</gpxtpx:TrackPointExtension>
	</extensions>
</trkpt>
<trkpt lat="50.7610516" lon="14.0004693">
	<ele>645.86</ele>
	<time>2020-07-18T11:22:28.000Z</time>
	<hdop>3.00</hdop>
	<extensions>
		<gpxtpx:TrackPointExtension>
			<gpxtpx:course>350.5491</gpxtpx:course>
		</gpxtpx:TrackPointExtension>
	</extensions>
</trkpt>
<trkpt lat="50.7611469" lon="14.0004576">
	<ele>644.54</ele>
	<time>2020-07-18T11:22:38.000Z</time>
	<hdop>4.00</hdop>
	<extensions>
		<gpxtpx:TrackPointExtension>
			<gpxtpx:course>359.0955</gpxtpx:course>
		</gpxtpx:TrackPointExtension>
	</extensions>
</trkpt>
<trkpt lat="50.7612385" lon="14.0003696">
	<ele>643.62</ele>
	<time>2020-07-18T11:22:44.000Z</time>
	<hdop>4.00</hdop>
	<extensions>
		<gpxtpx:TrackPointExtension>
			<gpxtpx:course>322.47617</gpxtpx:course>
		</gpxtpx:TrackPointExtension>
	</extensions>
</trkpt>
<trkpt lat="50.7613017" lon="14.0002032">
	<ele>643.07</ele>
	<time>2020-07-18T11:22:49.000Z</time>
	<hdop>4.00</hdop>
	<extensions>
		<gpxtpx:TrackPointExtension>
			<gpxtpx:course>316.88226</gpxtpx:course>
		</gpxtpx:TrackPointExtension>
	</extensions>
</trkpt>
<trkpt lat="50.7613902" lon="14.0000406">
	<ele>642.53</ele>
	<time>2020-07-18T11:22:54.000Z</time>
	<hdop>3.00</hdop>
	<extensions>
		<gpxtpx:TrackPointExtension>
			<gpxtpx:course>332.15115</gpxtpx:course>
		</gpxtpx:TrackPointExtension>
	</extensions>
</trkpt>
<trkpt lat="50.7614799" lon="13.9998836">
	<ele>642.14</ele>
	<time>2020-07-18T11:22:59.000Z</time>
	<hdop>3.00</hdop>
	<extensions>
		<gpxtpx:TrackPointExtension>
			<gpxtpx:course>308.87744</gpxtpx:course>
		</gpxtpx:TrackPointExtension>
	</extensions>
</trkpt>
<trkpt lat="50.7615754" lon="13.9997329">
	<ele>642.05</ele>
	<time>2020-07-18T11:23:04.000Z</time>
	<hdop>3.00</hdop>
	<extensions>
		<gpxtpx:TrackPointExtension>
			<gpxtpx:course>327.25864</gpxtpx:course>
		</gpxtpx:TrackPointExtension>
	</extensions>
</trkpt>
<trkpt lat="50.7616901" lon="13.9996123">
	<ele>641.94</ele>
	<time>2020-07-18T11:23:09.000Z</time>
	<hdop>3.00</hdop>
	<extensions>
		<gpxtpx:TrackPointExtension>
			<gpxtpx:course>339.87503</gpxtpx:course>
		</gpxtpx:TrackPointExtension>
	</extensions>
</trkpt>
<trkpt lat="50.7618166" lon="13.9995460">
	<ele>641.55</ele>
	<time>2020-07-18T11:23:14.000Z</time>
	<hdop>4.00</hdop>
	<extensions>
		<gpxtpx:TrackPointExtension>
			<gpxtpx:course>7.0233674</gpxtpx:course>
		</gpxtpx:TrackPointExtension>
	</extensions>
</trkpt>
<trkpt lat="50.7619378" lon="13.9996014">
	<ele>640.55</ele>
	<time>2020-07-18T11:23:19.000Z</time>
	<hdop>4.00</hdop>
	<extensions>
		<gpxtpx:TrackPointExtension>
			<gpxtpx:course>22.533674</gpxtpx:course>
		</gpxtpx:TrackPointExtension>
	</extensions>
</trkpt>
<trkpt lat="50.7620523" lon="13.9996856">
	<ele>639.63</ele>
	<time>2020-07-18T11:23:24.000Z</time>
	<hdop>4.00</hdop>
	<extensions>
		<gpxtpx:TrackPointExtension>
			<gpxtpx:course>27.09212</gpxtpx:course>
		</gpxtpx:TrackPointExtension>
	</extensions>
</trkpt>
<trkpt lat="50.7621441" lon="13.9997653">
	<ele>639.11</ele>
	<time>2020-07-18T11:23:29.000Z</time>
	<hdop>8.00</hdop>
	<extensions>
		<gpxtpx:TrackPointExtension>
			<gpxtpx:course>43.86098</gpxtpx:course>
		</gpxtpx:TrackPointExtension>
	</extensions>
</trkpt>
<trkpt lat="50.7623058" lon="13.9999742">
	<ele>638.07</ele>
	<time>2020-07-18T11:23:34.000Z</time>
	<hdop>8.00</hdop>
	<extensions>
		<gpxtpx:TrackPointExtension>
			<gpxtpx:course>41.98847</gpxtpx:course>
		</gpxtpx:TrackPointExtension>
	</extensions>
</trkpt>
<trkpt lat="50.7624543" lon="14.0001277">
	<ele>636.80</ele>
	<time>2020-07-18T11:23:39.000Z</time>
	<hdop>6.00</hdop>
	<extensions>
		<gpxtpx:TrackPointExtension>
			<gpxtpx:course>26.131273</gpxtpx:course>
		</gpxtpx:TrackPointExtension>
	</extensions>
</trkpt>
<trkpt lat="50.7626051" lon="14.0001065">
	<ele>636.49</ele>
	<time>2020-07-18T11:23:44.000Z</time>
	<hdop>6.00</hdop>
	<extensions>
		<gpxtpx:TrackPointExtension>
			<gpxtpx:course>332.61108</gpxtpx:course>
		</gpxtpx:TrackPointExtension>
	</extensions>
</trkpt>
<trkpt lat="50.7627477" lon="13.9999886">
	<ele>636.32</ele>
	<time>2020-07-18T11:23:49.000Z</time>
	<hdop>6.00</hdop>
	<extensions>
		<gpxtpx:TrackPointExtension>
			<gpxtpx:course>356.10217</gpxtpx:course>
		</gpxtpx:TrackPointExtension>
	</extensions>
</trkpt>
<trkpt lat="50.7629497" lon="13.9998619">
	<ele>636.18</ele>
	<time>2020-07-18T11:23:54.000Z</time>
	<hdop>8.00</hdop>
	<extensions>
		<gpxtpx:TrackPointExtension>
			<gpxtpx:course>339.92435</gpxtpx:course>
		</gpxtpx:TrackPointExtension>
	</extensions>
</trkpt>
<trkpt lat="50.7631549" lon="13.9996462">
	<ele>636.05</ele>
	<time>2020-07-18T11:23:59.000Z</time>
	<hdop>12.00</hdop>
	<extensions>
		<gpxtpx:TrackPointExtension>
			<gpxtpx:course>331.57062</gpxtpx:course>
		</gpxtpx:TrackPointExtension>
	</extensions>
</trkpt>
<trkpt lat="50.7632796" lon="13.9995301">
	<ele>635.82</ele>
	<time>2020-07-18T11:24:04.000Z</time>
	<hdop>8.00</hdop>
	<extensions>
		<gpxtpx:TrackPointExtension>
			<gpxtpx:course>332.3466</gpxtpx:course>
		</gpxtpx:TrackPointExtension>
	</extensions>
</trkpt>
<trkpt lat="50.7634541" lon="13.9994576">
	<ele>634.97</ele>
	<time>2020-07-18T11:24:09.000Z</time>
	<hdop>8.00</hdop>
	<extensions>
		<gpxtpx:TrackPointExtension>
			<gpxtpx:course>11.961412</gpxtpx:course>
		</gpxtpx:TrackPointExtension>
	</extensions>
</trkpt>
<trkpt lat="50.7635868" lon="13.9995260">
	<ele>634.57</ele>
	<time>2020-07-18T11:24:14.000Z</time>
	<hdop>8.00</hdop>
	<extensions>
		<gpxtpx:TrackPointExtension>
			<gpxtpx:course>13.955886</gpxtpx:course>
		</gpxtpx:TrackPointExtension>
	</extensions>
</trkpt>
<trkpt lat="50.7637788" lon="13.9995577">
	<ele>634.52</ele>
	<time>2020-07-18T11:24:19.000Z</time>
	<hdop>8.00</hdop>
	<extensions>
		<gpxtpx:TrackPointExtension>
			<gpxtpx:course>12.940425</gpxtpx:course>
		</gpxtpx:TrackPointExtension>
	</extensions>
</trkpt>
<trkpt lat="50.7639563" lon="13.9995956">
	<ele>634.73</ele>
	<time>2020-07-18T11:24:24.000Z</time>
	<hdop>8.00</hdop>
	<extensions>
		<gpxtpx:TrackPointExtension>
			<gpxtpx:course>351.80453</gpxtpx:course>
		</gpxtpx:TrackPointExtension>
	</extensions>
</trkpt>
<trkpt lat="50.7642000" lon="13.9995430">
	<ele>634.42</ele>
	<time>2020-07-18T11:24:29.000Z</time>
	<hdop>8.00</hdop>
	<extensions>
		<gpxtpx:TrackPointExtension>
			<gpxtpx:course>334.73203</gpxtpx:course>
		</gpxtpx:TrackPointExtension>
	</extensions>
</trkpt>
<trkpt lat="50.7643495" lon="13.9993854">
	<ele>634.30</ele>
	<time>2020-07-18T11:24:34.000Z</time>
	<hdop>8.00</hdop>
	<extensions>
		<gpxtpx:TrackPointExtension>
			<gpxtpx:course>329.43246</gpxtpx:course>
		</gpxtpx:TrackPointExtension>
	</extensions>
</trkpt>
<trkpt lat="50.7645342" lon="13.9993106">
	<ele>634.20</ele>
	<time>2020-07-18T11:24:39.000Z</time>
	<hdop>8.00</hdop>
	<extensions>
		<gpxtpx:TrackPointExtension>
			<gpxtpx:course>341.18384</gpxtpx:course>
		</gpxtpx:TrackPointExtension>
	</extensions>
</trkpt>
<trkpt lat="50.7646457" lon="13.9992518">
	<ele>634.39</ele>
	<time>2020-07-18T11:24:44.000Z</time>
	<hdop>12.00</hdop>
	<extensions>
		<gpxtpx:TrackPointExtension>
			<gpxtpx:course>353.94302</gpxtpx:course>
		</gpxtpx:TrackPointExtension>
	</extensions>
</trkpt>
<trkpt lat="50.7647974" lon="13.9992360">
	<ele>634.38</ele>
	<time>2020-07-18T11:24:49.000Z</time>
	<hdop>12.00</hdop>
	<extensions>
		<gpxtpx:TrackPointExtension>
			<gpxtpx:course>347.10718</gpxtpx:course>
		</gpxtpx:TrackPointExtension>
	</extensions>
</trkpt>
<trkpt lat="50.7649390" lon="13.9991818">
	<ele>634.33</ele>
	<time>2020-07-18T11:24:54.000Z</time>
	<hdop>12.00</hdop>
	<extensions>
		<gpxtpx:TrackPointExtension>
			<gpxtpx:course>355.76535</gpxtpx:course>
		</gpxtpx:TrackPointExtension>
	</extensions>
</trkpt>
<trkpt lat="50.7650557" lon="13.9991987">
	<ele>634.26</ele>
	<time>2020-07-18T11:24:59.000Z</time>
	<hdop>8.00</hdop>
	<extensions>
		<gpxtpx:TrackPointExtension>
			<gpxtpx:course>352.25024</gpxtpx:course>
		</gpxtpx:TrackPointExtension>
	</extensions>
</trkpt>
<trkpt lat="50.7651502" lon="13.9992102">
	<ele>634.15</ele>
	<time>2020-07-18T11:25:15.000Z</time>
	<hdop>8.00</hdop>
	<extensions>
		<gpxtpx:TrackPointExtension>
			<gpxtpx:course>350.0978</gpxtpx:course>
		</gpxtpx:TrackPointExtension>
	</extensions>
</trkpt>
<trkpt lat="50.7652408" lon="13.9991765">
	<ele>634.04</ele>
	<time>2020-07-18T11:25:30.000Z</time>
	<hdop>6.00</hdop>
	<extensions>
		<gpxtpx:TrackPointExtension>
			<gpxtpx:course>356.95474</gpxtpx:course>
		</gpxtpx:TrackPointExtension>
	</extensions>
</trkpt>
<trkpt lat="50.7653450" lon="13.9991074">
	<ele>633.97</ele>
	<time>2020-07-18T11:25:35.000Z</time>
	<hdop>6.00</hdop>
	<extensions>
		<gpxtpx:TrackPointExtension>
			<gpxtpx:course>328.53024</gpxtpx:course>
		</gpxtpx:TrackPointExtension>
	</extensions>
</trkpt>
<trkpt lat="50.7654664" lon="13.9990207">
	<ele>633.52</ele>
	<time>2020-07-18T11:25:40.000Z</time>
	<hdop>6.00</hdop>
	<extensions>
		<gpxtpx:TrackPointExtension>
			<gpxtpx:course>346.866</gpxtpx:course>
		</gpxtpx:TrackPointExtension>
	</extensions>
</trkpt>
<trkpt lat="50.7656410" lon="13.9989817">
	<ele>632.56</ele>
	<time>2020-07-18T11:25:45.000Z</time>
	<hdop>6.00</hdop>
	<extensions>
		<gpxtpx:TrackPointExtension>
			<gpxtpx:course>356.17584</gpxtpx:course>
		</gpxtpx:TrackPointExtension>
	</extensions>
</trkpt>
<trkpt lat="50.7658185" lon="13.9989349">
	<ele>631.68</ele>
	<time>2020-07-18T11:25:50.000Z</time>
	<hdop>6.00</hdop>
	<extensions>
		<gpxtpx:TrackPointExtension>
			<gpxtpx:course>341.46017</gpxtpx:course>
		</gpxtpx:TrackPointExtension>
	</extensions>
</trkpt>
<trkpt lat="50.7660001" lon="13.9987792">
	<ele>630.72</ele>
	<time>2020-07-18T11:25:55.000Z</time>
	<hdop>6.00</hdop>
	<extensions>
		<gpxtpx:TrackPointExtension>
			<gpxtpx:course>319.61057</gpxtpx:course>
		</gpxtpx:TrackPointExtension>
	</extensions>
</trkpt>
<trkpt lat="50.7661022" lon="13.9989467">
	<ele>632.81</ele>
	<time>2020-07-18T11:26:06.000Z</time>
	<hdop>6.00</hdop>
	<extensions>
		<gpxtpx:TrackPointExtension>
			<gpxtpx:course>56.41338</gpxtpx:course>
		</gpxtpx:TrackPointExtension>
	</extensions>
</trkpt>
<trkpt lat="50.7663620" lon="13.9994186">
	<ele>632.25</ele>
	<time>2020-07-18T11:26:11.000Z</time>
	<hdop>6.00</hdop>
	<extensions>
		<gpxtpx:TrackPointExtension>
			<gpxtpx:course>41.28431</gpxtpx:course>
		</gpxtpx:TrackPointExtension>
	</extensions>
</trkpt>
<trkpt lat="50.7666131" lon="13.9998284">
	<ele>631.63</ele>
	<time>2020-07-18T11:26:16.000Z</time>
	<hdop>6.00</hdop>
	<extensions>
		<gpxtpx:TrackPointExtension>
			<gpxtpx:course>45.523117</gpxtpx:course>
		</gpxtpx:TrackPointExtension>
	</extensions>
</trkpt>
<trkpt lat="50.7668380" lon="14.0002181">
	<ele>631.38</ele>
	<time>2020-07-18T11:26:21.000Z</time>
	<hdop>6.00</hdop>
	<extensions>
		<gpxtpx:TrackPointExtension>
			<gpxtpx:course>54.816856</gpxtpx:course>
		</gpxtpx:TrackPointExtension>
	</extensions>
</trkpt>
<trkpt lat="50.7670143" lon="14.0005174">
	<ele>631.10</ele>
	<time>2020-07-18T11:26:26.000Z</time>
	<hdop>6.00</hdop>
	<extensions>
		<gpxtpx:TrackPointExtension>
			<gpxtpx:course>47.532948</gpxtpx:course>
		</gpxtpx:TrackPointExtension>
	</extensions>
</trkpt>
<trkpt lat="50.7671616" lon="14.0007629">
	<ele>630.92</ele>
	<time>2020-07-18T11:26:31.000Z</time>
	<hdop>6.00</hdop>
	<extensions>
		<gpxtpx:TrackPointExtension>
			<gpxtpx:course>54.409008</gpxtpx:course>
		</gpxtpx:TrackPointExtension>
	</extensions>
</trkpt>
<trkpt lat="50.7673218" lon="14.0010192">
	<ele>630.84</ele>
	<time>2020-07-18T11:26:36.000Z</time>
	<hdop>6.00</hdop>
	<extensions>
		<gpxtpx:TrackPointExtension>
			<gpxtpx:course>49.797775</gpxtpx:course>
		</gpxtpx:TrackPointExtension>
	</extensions>
</trkpt>
<trkpt lat="50.7674524" lon="14.0013248">
	<ele>630.76</ele>
	<time>2020-07-18T11:26:41.000Z</time>
	<hdop>6.00</hdop>
	<extensions>
		<gpxtpx:TrackPointExtension>
			<gpxtpx:course>52.095955</gpxtpx:course>
		</gpxtpx:TrackPointExtension>
	</extensions>
</trkpt>
<trkpt lat="50.7676421" lon="14.0016550">
	<ele>630.34</ele>
	<time>2020-07-18T11:26:46.000Z</time>
	<hdop>6.00</hdop>
	<extensions>
		<gpxtpx:TrackPointExtension>
			<gpxtpx:course>55.806725</gpxtpx:course>
		</gpxtpx:TrackPointExtension>
	</extensions>
</trkpt>
<trkpt lat="50.7677876" lon="14.0019314">
	<ele>630.20</ele>
	<time>2020-07-18T11:26:51.000Z</time>
	<hdop>8.00</hdop>
	<extensions>
		<gpxtpx:TrackPointExtension>
			<gpxtpx:course>47.11074</gpxtpx:course>
		</gpxtpx:TrackPointExtension>
	</extensions>
</trkpt>
<trkpt lat="50.7679933" lon="14.0022658">
	<ele>629.64</ele>
	<time>2020-07-18T11:26:56.000Z</time>
	<hdop>8.00</hdop>
	<extensions>
		<gpxtpx:TrackPointExtension>
			<gpxtpx:course>64.11712</gpxtpx:course>
		</gpxtpx:TrackPointExtension>
	</extensions>
</trkpt>
<trkpt lat="50.7682119" lon="14.0026654">
	<ele>628.97</ele>
	<time>2020-07-18T11:27:01.000Z</time>
	<hdop>8.00</hdop>
	<extensions>
		<gpxtpx:TrackPointExtension>
			<gpxtpx:course>43.854755</gpxtpx:course>
		</gpxtpx:TrackPointExtension>
	</extensions>
</trkpt>
<trkpt lat="50.7684781" lon="14.0030816">
	<ele>627.92</ele>
	<time>2020-07-18T11:27:06.000Z</time>
	<hdop>8.00</hdop>
	<extensions>
		<gpxtpx:TrackPointExtension>
			<gpxtpx:course>56.4909</gpxtpx:course>
		</gpxtpx:TrackPointExtension>
	</extensions>
</trkpt>
<trkpt lat="50.7686664" lon="14.0034233">
	<ele>627.95</ele>
	<time>2020-07-18T11:27:11.000Z</time>
	<hdop>8.00</hdop>
	<extensions>
		<gpxtpx:TrackPointExtension>
			<gpxtpx:course>35.351997</gpxtpx:course>
		</gpxtpx:TrackPointExtension>
	</extensions>
</trkpt>
<trkpt lat="50.7689383" lon="14.0037449">
	<ele>627.60</ele>
	<time>2020-07-18T11:27:16.000Z</time>
	<hdop>8.00</hdop>
	<extensions>
		<gpxtpx:TrackPointExtension>
			<gpxtpx:course>38.55428</gpxtpx:course>
		</gpxtpx:TrackPointExtension>
	</extensions>
</trkpt>
<trkpt lat="50.7692332" lon="14.0040847">
	<ele>627.32</ele>
	<time>2020-07-18T11:27:21.000Z</time>
	<hdop>8.00</hdop>
	<extensions>
		<gpxtpx:TrackPointExtension>
			<gpxtpx:course>42.861355</gpxtpx:course>
		</gpxtpx:TrackPointExtension>
	</extensions>
</trkpt>
<trkpt lat="50.7695138" lon="14.0044089">
	<ele>626.02</ele>
	<time>2020-07-18T11:27:26.000Z</time>
	<hdop>8.00</hdop>
	<extensions>
		<gpxtpx:TrackPointExtension>
			<gpxtpx:course>34.42287</gpxtpx:course>
		</gpxtpx:TrackPointExtension>
	</extensions>
</trkpt>
<trkpt lat="50.7697923" lon="14.0046902">
	<ele>624.88</ele>
	<time>2020-07-18T11:27:31.000Z</time>
	<hdop>8.00</hdop>
	<extensions>
		<gpxtpx:TrackPointExtension>
			<gpxtpx:course>36.819843</gpxtpx:course>
		</gpxtpx:TrackPointExtension>
	</extensions>
</trkpt>
<trkpt lat="50.7700076" lon="14.0049078">
	<ele>624.59</ele>
	<time>2020-07-18T11:27:36.000Z</time>
	<hdop>8.00</hdop>
	<extensions>
		<gpxtpx:TrackPointExtension>
			<gpxtpx:course>27.22078</gpxtpx:course>
		</gpxtpx:TrackPointExtension>
	</extensions>
</trkpt>
<trkpt lat="50.7701818" lon="14.0052259">
	<ele>624.94</ele>
	<time>2020-07-18T11:27:41.000Z</time>
	<hdop>8.00</hdop>
	<extensions>
		<gpxtpx:TrackPointExtension>
			<gpxtpx:course>40.41802</gpxtpx:course>
		</gpxtpx:TrackPointExtension>
	</extensions>
</trkpt>
<trkpt lat="50.7703654" lon="14.0054956">
	<ele>624.95</ele>
	<time>2020-07-18T11:27:46.000Z</time>
	<hdop>8.00</hdop>
	<extensions>
		<gpxtpx:TrackPointExtension>
			<gpxtpx:course>336.11218</gpxtpx:course>
		</gpxtpx:TrackPointExtension>
	</extensions>
</trkpt>
<trkpt lat="50.7706175" lon="14.0054009">
	<ele>625.11</ele>
	<time>2020-07-18T11:27:51.000Z</time>
	<hdop>8.00</hdop>
	<extensions>
		<gpxtpx:TrackPointExtension>
			<gpxtpx:course>355.56308</gpxtpx:course>
		</gpxtpx:TrackPointExtension>
	</extensions>
</trkpt>
<trkpt lat="50.7708561" lon="14.0053483">
	<ele>624.99</ele>
	<time>2020-07-18T11:27:56.000Z</time>
	<hdop>8.00</hdop>
	<extensions>
		<gpxtpx:TrackPointExtension>
			<gpxtpx:course>348.0147</gpxtpx:course>
		</gpxtpx:TrackPointExtension>
	</extensions>
</trkpt>
<trkpt lat="50.7711477" lon="14.0053085">
	<ele>624.79</ele>
	<time>2020-07-18T11:28:01.000Z</time>
	<hdop>6.00</hdop>
	<extensions>
		<gpxtpx:TrackPointExtension>
			<gpxtpx:course>353.04675</gpxtpx:course>
		</gpxtpx:TrackPointExtension>
	</extensions>
</trkpt>
<trkpt lat="50.7714136" lon="14.0052817">
	<ele>624.82</ele>
	<time>2020-07-18T11:28:06.000Z</time>
	<hdop>8.00</hdop>
	<extensions>
		<gpxtpx:TrackPointExtension>
			<gpxtpx:course>350.75436</gpxtpx:course>
		</gpxtpx:TrackPointExtension>
	</extensions>
</trkpt>
<trkpt lat="50.7716731" lon="14.0052786">
	<ele>624.75</ele>
	<time>2020-07-18T11:28:11.000Z</time>
	<hdop>8.00</hdop>
	<extensions>
		<gpxtpx:TrackPointExtension>
			<gpxtpx:course>355.2974</gpxtpx:course>
		</gpxtpx:TrackPointExtension>
	</extensions>
</trkpt>
<trkpt lat="50.7719702" lon="14.0053251">
	<ele>624.35</ele>
	<time>2020-07-18T11:28:16.000Z</time>
	<hdop>8.00</hdop>
	<extensions>
		<gpxtpx:TrackPointExtension>
			<gpxtpx:course>12.857757</gpxtpx:course>
		</gpxtpx:TrackPointExtension>
	</extensions>
</trkpt>
<trkpt lat="50.7720759" lon="14.0059103">
	<ele>623.46</ele>
	<time>2020-07-18T11:28:21.000Z</time>
	<hdop>8.00</hdop>
	<extensions>
		<gpxtpx:TrackPointExtension>
			<gpxtpx:course>82.03553</gpxtpx:course>
		</gpxtpx:TrackPointExtension>
	</extensions>
</trkpt>
<trkpt lat="50.7721364" lon="14.0062733">
	<ele>623.69</ele>
	<time>2020-07-18T11:28:26.000Z</time>
	<hdop>8.00</hdop>
	<extensions>
		<gpxtpx:TrackPointExtension>
			<gpxtpx:course>72.632835</gpxtpx:course>
		</gpxtpx:TrackPointExtension>
	</extensions>
</trkpt>
<trkpt lat="50.7722589" lon="14.0067543">
	<ele>623.60</ele>
	<time>2020-07-18T11:28:31.000Z</time>
	<hdop>8.00</hdop>
	<extensions>
		<gpxtpx:TrackPointExtension>
			<gpxtpx:course>66.97653</gpxtpx:course>
		</gpxtpx:TrackPointExtension>
	</extensions>
</trkpt>
<trkpt lat="50.7724175" lon="14.0071710">
	<ele>623.21</ele>
	<time>2020-07-18T11:28:36.000Z</time>
	<hdop>6.00</hdop>
	<extensions>
		<gpxtpx:TrackPointExtension>
			<gpxtpx:course>72.66888</gpxtpx:course>
		</gpxtpx:TrackPointExtension>
	</extensions>
</trkpt>
<trkpt lat="50.7725147" lon="14.0074869">
	<ele>623.04</ele>
	<time>2020-07-18T11:28:41.000Z</time>
	<hdop>6.00</hdop>
	<extensions>
		<gpxtpx:TrackPointExtension>
			<gpxtpx:course>65.568436</gpxtpx:course>
		</gpxtpx:TrackPointExtension>
	</extensions>
</trkpt>
<trkpt lat="50.7726070" lon="14.0076798">
	<ele>623.01</ele>
	<time>2020-07-18T11:28:46.000Z</time>
	<hdop>6.00</hdop>
	<extensions>
		<gpxtpx:TrackPointExtension>
			<gpxtpx:course>50.80282</gpxtpx:course>
		</gpxtpx:TrackPointExtension>
	</extensions>
</trkpt>
<trkpt lat="50.7726573" lon="14.0078018">
	<ele>622.52</ele>
	<time>2020-07-18T11:29:15.000Z</time>
	<hdop>4.00</hdop>
	<extensions>
		<gpxtpx:TrackPointExtension>
			<gpxtpx:course>68.03005</gpxtpx:course>
		</gpxtpx:TrackPointExtension>
	</extensions>
</trkpt>
<trkpt lat="50.7727537" lon="14.0079623">
	<ele>622.18</ele>
	<time>2020-07-18T11:29:20.000Z</time>
	<hdop>4.00</hdop>
	<extensions>
		<gpxtpx:TrackPointExtension>
			<gpxtpx:course>39.65819</gpxtpx:course>
		</gpxtpx:TrackPointExtension>
	</extensions>
</trkpt>
<trkpt lat="50.7728881" lon="14.0081349">
	<ele>621.64</ele>
	<time>2020-07-18T11:29:25.000Z</time>
	<hdop>4.00</hdop>
	<extensions>
		<gpxtpx:TrackPointExtension>
			<gpxtpx:course>38.610184</gpxtpx:course>
		</gpxtpx:TrackPointExtension>
	</extensions>
</trkpt>
<trkpt lat="50.7730441" lon="14.0082481">
	<ele>621.28</ele>
	<time>2020-07-18T11:29:30.000Z</time>
	<hdop>6.00</hdop>
	<extensions>
		<gpxtpx:TrackPointExtension>
			<gpxtpx:course>27.672583</gpxtpx:course>
		</gpxtpx:TrackPointExtension>
	</extensions>
</trkpt>
<trkpt lat="50.7733640" lon="14.0084753">
	<ele>620.72</ele>
	<time>2020-07-18T11:29:35.000Z</time>
	<hdop>6.00</hdop>
	<extensions>
		<gpxtpx:TrackPointExtension>
			<gpxtpx:course>20.608631</gpxtpx:course>
		</gpxtpx:TrackPointExtension>
	</extensions>
</trkpt>
<trkpt lat="50.7736047" lon="14.0086850">
	<ele>619.82</ele>
	<time>2020-07-18T11:29:40.000Z</time>
	<hdop>6.00</hdop>
	<extensions>
		<gpxtpx:TrackPointExtension>
			<gpxtpx:course>42.95936</gpxtpx:course>
		</gpxtpx:TrackPointExtension>
	</extensions>
</trkpt>
<trkpt lat="50.7737849" lon="14.0089556">
	<ele>618.10</ele>
	<time>2020-07-18T11:29:45.000Z</time>
	<hdop>6.00</hdop>
	<extensions>
		<gpxtpx:TrackPointExtension>
			<gpxtpx:course>50.47758</gpxtpx:course>
		</gpxtpx:TrackPointExtension>
	</extensions>
</trkpt>
<trkpt lat="50.7739062" lon="14.0091824">
	<ele>616.73</ele>
	<time>2020-07-18T11:29:50.000Z</time>
	<hdop>6.00</hdop>
	<extensions>
		<gpxtpx:TrackPointExtension>
			<gpxtpx:course>48.954662</gpxtpx:course>
		</gpxtpx:TrackPointExtension>
	</extensions>
</trkpt>
<trkpt lat="50.7739549" lon="14.0093265">
	<ele>616.56</ele>
	<time>2020-07-18T11:29:55.000Z</time>
	<hdop>6.00</hdop>
	<extensions>
		<gpxtpx:TrackPointExtension>
			<gpxtpx:course>64.46706</gpxtpx:course>
		</gpxtpx:TrackPointExtension>
	</extensions>
</trkpt>
<trkpt lat="50.7740168" lon="14.0095058">
	<ele>616.51</ele>
	<time>2020-07-18T11:30:00.000Z</time>
	<hdop>6.00</hdop>
	<extensions>
		<gpxtpx:TrackPointExtension>
			<gpxtpx:course>72.478745</gpxtpx:course>
		</gpxtpx:TrackPointExtension>
	</extensions>
</trkpt>
<trkpt lat="50.7739818" lon="14.0097778">
	<ele>616.46</ele>
	<time>2020-07-18T11:30:05.000Z</time>
	<hdop>6.00</hdop>
	<extensions>
		<gpxtpx:TrackPointExtension>
			<gpxtpx:course>115.20757</gpxtpx:course>
		</gpxtpx:TrackPointExtension>
	</extensions>
</trkpt>
<trkpt lat="50.7738918" lon="14.0100967">
	<ele>616.19</ele>
	<time>2020-07-18T11:30:10.000Z</time>
	<hdop>6.00</hdop>
	<extensions>
		<gpxtpx:TrackPointExtension>
			<gpxtpx:course>111.03583</gpxtpx:course>
		</gpxtpx:TrackPointExtension>
	</extensions>
</trkpt>
<trkpt lat="50.7737962" lon="14.0104261">
	<ele>616.08</ele>
	<time>2020-07-18T11:30:15.000Z</time>
	<hdop>6.00</hdop>
	<extensions>
		<gpxtpx:TrackPointExtension>
			<gpxtpx:course>112.29512</gpxtpx:course>
		</gpxtpx:TrackPointExtension>
	</extensions>
</trkpt>
<trkpt lat="50.7737079" lon="14.0107604">
	<ele>616.23</ele>
	<time>2020-07-18T11:30:20.000Z</time>
	<hdop>6.00</hdop>
	<extensions>
		<gpxtpx:TrackPointExtension>
			<gpxtpx:course>109.1473</gpxtpx:course>
		</gpxtpx:TrackPointExtension>
	</extensions>
</trkpt>
<trkpt lat="50.7736226" lon="14.0110712">
	<ele>617.11</ele>
	<time>2020-07-18T11:30:25.000Z</time>
	<hdop>6.00</hdop>
	<extensions>
		<gpxtpx:TrackPointExtension>
			<gpxtpx:course>114.66527</gpxtpx:course>
		</gpxtpx:TrackPointExtension>
	</extensions>
</trkpt>
<trkpt lat="50.7735231" lon="14.0113549">
	<ele>617.83</ele>
	<time>2020-07-18T11:30:30.000Z</time>
	<hdop>4.00</hdop>
	<extensions>
		<gpxtpx:TrackPointExtension>
			<gpxtpx:course>116.92048</gpxtpx:course>
		</gpxtpx:TrackPointExtension>
	</extensions>
</trkpt>
<trkpt lat="50.7734507" lon="14.0116097">
	<ele>618.02</ele>
	<time>2020-07-18T11:30:35.000Z</time>
	<hdop>6.00</hdop>
	<extensions>
		<gpxtpx:TrackPointExtension>
			<gpxtpx:course>75.73901</gpxtpx:course>
		</gpxtpx:TrackPointExtension>
	</extensions>
</trkpt>
<trkpt lat="50.7735411" lon="14.0118362">
	<ele>616.79</ele>
	<time>2020-07-18T11:30:40.000Z</time>
	<hdop>6.00</hdop>
	<extensions>
		<gpxtpx:TrackPointExtension>
			<gpxtpx:course>13.199882</gpxtpx:course>
		</gpxtpx:TrackPointExtension>
	</extensions>
</trkpt>
<trkpt lat="50.7737569" lon="14.0120015">
	<ele>615.96</ele>
	<time>2020-07-18T11:30:45.000Z</time>
	<hdop>6.00</hdop>
	<extensions>
		<gpxtpx:TrackPointExtension>
			<gpxtpx:course>26.748451</gpxtpx:course>
		</gpxtpx:TrackPointExtension>
	</extensions>
</trkpt>
<trkpt lat="50.7739701" lon="14.0121733">
	<ele>615.58</ele>
	<time>2020-07-18T11:30:50.000Z</time>
	<hdop>6.00</hdop>
	<extensions>
		<gpxtpx:TrackPointExtension>
			<gpxtpx:course>19.153278</gpxtpx:course>
		</gpxtpx:TrackPointExtension>
	</extensions>
</trkpt>
<trkpt lat="50.7741603" lon="14.0123674">
	<ele>615.31</ele>
	<time>2020-07-18T11:30:55.000Z</time>
	<hdop>6.00</hdop>
	<extensions>
		<gpxtpx:TrackPointExtension>
			<gpxtpx:course>55.36907</gpxtpx:course>
		</gpxtpx:TrackPointExtension>
	</extensions>
</trkpt>
<trkpt lat="50.7742623" lon="14.0126394">
	<ele>615.20</ele>
	<time>2020-07-18T11:31:00.000Z</time>
	<hdop>6.00</hdop>
	<extensions>
		<gpxtpx:TrackPointExtension>
			<gpxtpx:course>63.040234</gpxtpx:course>
		</gpxtpx:TrackPointExtension>
	</extensions>
</trkpt>
<trkpt lat="50.7743497" lon="14.0128956">
	<ele>615.14</ele>
	<time>2020-07-18T11:31:05.000Z</time>
	<hdop>6.00</hdop>
	<extensions>
		<gpxtpx:TrackPointExtension>
			<gpxtpx:course>61.222816</gpxtpx:course>
		</gpxtpx:TrackPointExtension>
	</extensions>
</trkpt>
<trkpt lat="50.7744603" lon="14.0131734">
	<ele>614.85</ele>
	<time>2020-07-18T11:31:10.000Z</time>
	<hdop>6.00</hdop>
	<extensions>
		<gpxtpx:TrackPointExtension>
			<gpxtpx:course>59.280304</gpxtpx:course>
		</gpxtpx:TrackPointExtension>
	</extensions>
</trkpt>
<trkpt lat="50.7745443" lon="14.0134759">
	<ele>614.62</ele>
	<time>2020-07-18T11:31:15.000Z</time>
	<hdop>6.00</hdop>
	<extensions>
		<gpxtpx:TrackPointExtension>
			<gpxtpx:course>70.00114</gpxtpx:course>
		</gpxtpx:TrackPointExtension>
	</extensions>
</trkpt>
<trkpt lat="50.7746191" lon="14.0138242">
	<ele>614.49</ele>
	<time>2020-07-18T11:31:20.000Z</time>
	<hdop>6.00</hdop>
	<extensions>
		<gpxtpx:TrackPointExtension>
			<gpxtpx:course>75.2794</gpxtpx:course>
		</gpxtpx:TrackPointExtension>
	</extensions>
</trkpt>
<trkpt lat="50.7746157" lon="14.0141645">
	<ele>613.99</ele>
	<time>2020-07-18T11:31:25.000Z</time>
	<hdop>4.00</hdop>
	<extensions>
		<gpxtpx:TrackPointExtension>
			<gpxtpx:course>115.9123</gpxtpx:course>
		</gpxtpx:TrackPointExtension>
	</extensions>
</trkpt>
<trkpt lat="50.7744534" lon="14.0143647">
	<ele>613.48</ele>
	<time>2020-07-18T11:31:30.000Z</time>
	<hdop>6.00</hdop>
	<extensions>
		<gpxtpx:TrackPointExtension>
			<gpxtpx:course>136.41612</gpxtpx:course>
		</gpxtpx:TrackPointExtension>
	</extensions>
</trkpt>
<trkpt lat="50.7743648" lon="14.0145716">
	<ele>613.52</ele>
	<time>2020-07-18T11:31:35.000Z</time>
	<hdop>6.00</hdop>
	<extensions>
		<gpxtpx:TrackPointExtension>
			<gpxtpx:course>120.9868</gpxtpx:course>
		</gpxtpx:TrackPointExtension>
	</extensions>
</trkpt>
<trkpt lat="50.7742967" lon="14.0147818">
	<ele>614.33</ele>
	<time>2020-07-18T11:31:40.000Z</time>
	<hdop>6.00</hdop>
	<extensions>
		<gpxtpx:TrackPointExtension>
			<gpxtpx:course>113.01781</gpxtpx:course>
		</gpxtpx:TrackPointExtension>
	</extensions>
</trkpt>
<trkpt lat="50.7742499" lon="14.0149689">
	<ele>614.49</ele>
	<time>2020-07-18T11:31:45.000Z</time>
	<hdop>4.00</hdop>
	<extensions>
		<gpxtpx:TrackPointExtension>
			<gpxtpx:course>115.30626</gpxtpx:course>
		</gpxtpx:TrackPointExtension>
	</extensions>
</trkpt>
<trkpt lat="50.7741567" lon="14.0151307">
	<ele>614.52</ele>
	<time>2020-07-18T11:31:50.000Z</time>
	<hdop>4.00</hdop>
	<extensions>
		<gpxtpx:TrackPointExtension>
			<gpxtpx:course>133.31631</gpxtpx:course>
		</gpxtpx:TrackPointExtension>
	</extensions>
</trkpt>
<trkpt lat="50.7740335" lon="14.0152008">
	<ele>614.54</ele>
	<time>2020-07-18T11:31:55.000Z</time>
	<hdop>4.00</hdop>
	<extensions>
		<gpxtpx:TrackPointExtension>
			<gpxtpx:course>161.71913</gpxtpx:course>
		</gpxtpx:TrackPointExtension>
	</extensions>
</trkpt>
<trkpt lat="50.7739471" lon="14.0152619">
	<ele>614.44</ele>
	<time>2020-07-18T11:32:01.000Z</time>
	<hdop>4.00</hdop>
	<extensions>
		<gpxtpx:TrackPointExtension>
			<gpxtpx:course>176.71378</gpxtpx:course>
		</gpxtpx:TrackPointExtension>
	</extensions>
</trkpt>
<trkpt lat="50.7739777" lon="14.0154034">
	<ele>613.91</ele>
	<time>2020-07-18T11:32:35.000Z</time>
	<hdop>4.00</hdop>
	<extensions>
		<gpxtpx:TrackPointExtension>
			<gpxtpx:course>33.71348</gpxtpx:course>
		</gpxtpx:TrackPointExtension>
	</extensions>
</trkpt>
<trkpt lat="50.7741056" lon="14.0154540">
	<ele>614.06</ele>
	<time>2020-07-18T11:32:40.000Z</time>
	<hdop>4.00</hdop>
	<extensions>
		<gpxtpx:TrackPointExtension>
			<gpxtpx:course>20.632805</gpxtpx:course>
		</gpxtpx:TrackPointExtension>
	</extensions>
</trkpt>
<trkpt lat="50.7742519" lon="14.0155259">
	<ele>614.44</ele>
	<time>2020-07-18T11:32:45.000Z</time>
	<hdop>4.00</hdop>
	<extensions>
		<gpxtpx:TrackPointExtension>
			<gpxtpx:course>50.541157</gpxtpx:course>
		</gpxtpx:TrackPointExtension>
	</extensions>
</trkpt>
<trkpt lat="50.7743633" lon="14.0157461">
	<ele>614.69</ele>
	<time>2020-07-18T11:32:50.000Z</time>
	<hdop>4.00</hdop>
	<extensions>
		<gpxtpx:TrackPointExtension>
			<gpxtpx:course>48.07208</gpxtpx:course>
		</gpxtpx:TrackPointExtension>
	</extensions>
</trkpt>
<trkpt lat="50.7744854" lon="14.0160040">
	<ele>614.76</ele>
	<time>2020-07-18T11:32:55.000Z</time>
	<hdop>4.00</hdop>
	<extensions>
		<gpxtpx:TrackPointExtension>
			<gpxtpx:course>57.10801</gpxtpx:course>
		</gpxtpx:TrackPointExtension>
	</extensions>
</trkpt>
<trkpt lat="50.7745715" lon="14.0163166">
	<ele>614.56</ele>
	<time>2020-07-18T11:33:00.000Z</time>
	<hdop>4.00</hdop>
	<extensions>
		<gpxtpx:TrackPointExtension>
			<gpxtpx:course>65.90754</gpxtpx:course>
		</gpxtpx:TrackPointExtension>
	</extensions>
</trkpt>
<trkpt lat="50.7746431" lon="14.0166080">
	<ele>613.79</ele>
	<time>2020-07-18T11:33:05.000Z</time>
	<hdop>4.00</hdop>
	<extensions>
		<gpxtpx:TrackPointExtension>
			<gpxtpx:course>64.69185</gpxtpx:course>
		</gpxtpx:TrackPointExtension>
	</extensions>
</trkpt>
<trkpt lat="50.7747383" lon="14.0168855">
	<ele>612.37</ele>
	<time>2020-07-18T11:33:10.000Z</time>
	<hdop>4.00</hdop>
	<extensions>
		<gpxtpx:TrackPointExtension>
			<gpxtpx:course>61.300667</gpxtpx:course>
		</gpxtpx:TrackPointExtension>
	</extensions>
</trkpt>
<trkpt lat="50.7748407" lon="14.0171117">
	<ele>611.48</ele>
	<time>2020-07-18T11:33:15.000Z</time>
	<hdop>4.00</hdop>
	<extensions>
		<gpxtpx:TrackPointExtension>
			<gpxtpx:course>54.402237</gpxtpx:course>
		</gpxtpx:TrackPointExtension>
	</extensions>
</trkpt>
<trkpt lat="50.7749463" lon="14.0173124">
	<ele>611.07</ele>
	<time>2020-07-18T11:33:20.000Z</time>
	<hdop>4.00</hdop>
	<extensions>
		<gpxtpx:TrackPointExtension>
			<gpxtpx:course>45.114384</gpxtpx:course>
		</gpxtpx:TrackPointExtension>
	</extensions>
</trkpt>
<trkpt lat="50.7750574" lon="14.0174503">
	<ele>610.99</ele>
	<time>2020-07-18T11:33:25.000Z</time>
	<hdop>4.00</hdop>
	<extensions>
		<gpxtpx:TrackPointExtension>
			<gpxtpx:course>41.789307</gpxtpx:course>
		</gpxtpx:TrackPointExtension>
	</extensions>
</trkpt>
<trkpt lat="50.7751585" lon="14.0175957">
	<ele>610.95</ele>
	<time>2020-07-18T11:33:30.000Z</time>
	<hdop>6.00</hdop>
	<extensions>
		<gpxtpx:TrackPointExtension>
			<gpxtpx:course>41.857662</gpxtpx:course>
		</gpxtpx:TrackPointExtension>
	</extensions>
</trkpt>
<trkpt lat="50.7752446" lon="14.0177163">
	<ele>610.90</ele>
	<time>2020-07-18T11:33:35.000Z</time>
	<hdop>6.00</hdop>
	<extensions>
		<gpxtpx:TrackPointExtension>
			<gpxtpx:course>39.86999</gpxtpx:course>
		</gpxtpx:TrackPointExtension>
	</extensions>
</trkpt>
<trkpt lat="50.7753293" lon="14.0178191">
	<ele>610.84</ele>
	<time>2020-07-18T11:33:40.000Z</time>
	<hdop>4.00</hdop>
	<extensions>
		<gpxtpx:TrackPointExtension>
			<gpxtpx:course>49.926685</gpxtpx:course>
		</gpxtpx:TrackPointExtension>
	</extensions>
</trkpt>
<trkpt lat="50.7754070" lon="14.0179871">
	<ele>610.78</ele>
	<time>2020-07-18T11:33:45.000Z</time>
	<hdop>4.00</hdop>
	<extensions>
		<gpxtpx:TrackPointExtension>
			<gpxtpx:course>50.16265</gpxtpx:course>
		</gpxtpx:TrackPointExtension>
	</extensions>
</trkpt>
<trkpt lat="50.7754626" lon="14.0181073">
	<ele>610.73</ele>
	<time>2020-07-18T11:33:50.000Z</time>
	<hdop>4.00</hdop>
	<extensions>
		<gpxtpx:TrackPointExtension>
			<gpxtpx:course>78.23654</gpxtpx:course>
		</gpxtpx:TrackPointExtension>
	</extensions>
</trkpt>
<trkpt lat="50.7755469" lon="14.0181964">
	<ele>610.29</ele>
	<time>2020-07-18T11:34:16.000Z</time>
	<hdop>4.00</hdop>
	<extensions>
		<gpxtpx:TrackPointExtension>
			<gpxtpx:course>54.21085</gpxtpx:course>
		</gpxtpx:TrackPointExtension>
	</extensions>
</trkpt>
<trkpt lat="50.7756506" lon="14.0183132">
	<ele>610.13</ele>
	<time>2020-07-18T11:34:21.000Z</time>
	<hdop>4.00</hdop>
	<extensions>
		<gpxtpx:TrackPointExtension>
			<gpxtpx:course>32.699345</gpxtpx:course>
		</gpxtpx:TrackPointExtension>
	</extensions>
</trkpt>
<trkpt lat="50.7757743" lon="14.0184382">
	<ele>610.32</ele>
	<time>2020-07-18T11:34:26.000Z</time>
	<hdop>4.00</hdop>
	<extensions>
		<gpxtpx:TrackPointExtension>
			<gpxtpx:course>37.24826</gpxtpx:course>
		</gpxtpx:TrackPointExtension>
	</extensions>
</trkpt>
<trkpt lat="50.7758812" lon="14.0185533">
	<ele>610.35</ele>
	<time>2020-07-18T11:34:31.000Z</time>
	<hdop>4.00</hdop>
	<extensions>
		<gpxtpx:TrackPointExtension>
			<gpxtpx:course>37.328983</gpxtpx:course>
		</gpxtpx:TrackPointExtension>
	</extensions>
</trkpt>
<trkpt lat="50.7759789" lon="14.0186849">
	<ele>610.01</ele>
	<time>2020-07-18T11:34:36.000Z</time>
	<hdop>6.00</hdop>
	<extensions>
		<gpxtpx:TrackPointExtension>
			<gpxtpx:course>38.04609</gpxtpx:course>
		</gpxtpx:TrackPointExtension>
	</extensions>
</trkpt>
<trkpt lat="50.7760521" lon="14.0187881">
	<ele>609.55</ele>
	<time>2020-07-18T11:34:41.000Z</time>
	<hdop>8.00</hdop>
	<extensions>
		<gpxtpx:TrackPointExtension>
			<gpxtpx:course>54.648357</gpxtpx:course>
		</gpxtpx:TrackPointExtension>
	</extensions>
</trkpt>
<trkpt lat="50.7760702" lon="14.0189365">
	<ele>608.98</ele>
	<time>2020-07-18T11:35:17.000Z</time>
	<hdop>4.00</hdop>
	<extensions>
		<gpxtpx:TrackPointExtension>
			<gpxtpx:course>25.787928</gpxtpx:course>
		</gpxtpx:TrackPointExtension>
	</extensions>
</trkpt>
<trkpt lat="50.7762190" lon="14.0191066">
	<ele>608.75</ele>
	<time>2020-07-18T11:35:22.000Z</time>
	<hdop>4.00</hdop>
	<extensions>
		<gpxtpx:TrackPointExtension>
			<gpxtpx:course>31.207388</gpxtpx:course>
		</gpxtpx:TrackPointExtension>
	</extensions>
</trkpt>
<trkpt lat="50.7763851" lon="14.0192447">
	<ele>608.02</ele>
	<time>2020-07-18T11:35:27.000Z</time>
	<hdop>6.00</hdop>
	<extensions>
		<gpxtpx:TrackPointExtension>
			<gpxtpx:course>23.238718</gpxtpx:course>
		</gpxtpx:TrackPointExtension>
	</extensions>
</trkpt>
<trkpt lat="50.7765813" lon="14.0193853">
	<ele>606.77</ele>
	<time>2020-07-18T11:35:32.000Z</time>
	<hdop>6.00</hdop>
	<extensions>
		<gpxtpx:TrackPointExtension>
			<gpxtpx:course>26.58919</gpxtpx:course>
		</gpxtpx:TrackPointExtension>
	</extensions>
</trkpt>
<trkpt lat="50.7768140" lon="14.0195716">
	<ele>605.96</ele>
	<time>2020-07-18T11:35:37.000Z</time>
	<hdop>6.00</hdop>
	<extensions>
		<gpxtpx:TrackPointExtension>
			<gpxtpx:course>20.557093</gpxtpx:course>
		</gpxtpx:TrackPointExtension>
	</extensions>
</trkpt>
<trkpt lat="50.7770871" lon="14.0197222">
	<ele>605.24</ele>
	<time>2020-07-18T11:35:42.000Z</time>
	<hdop>6.00</hdop>
	<extensions>
		<gpxtpx:TrackPointExtension>
			<gpxtpx:course>19.452593</gpxtpx:course>
		</gpxtpx:TrackPointExtension>
	</extensions>
</trkpt>
<trkpt lat="50.7773581" lon="14.0198740">
	<ele>604.58</ele>
	<time>2020-07-18T11:35:47.000Z</time>
	<hdop>6.00</hdop>
	<extensions>
		<gpxtpx:TrackPointExtension>
			<gpxtpx:course>20.70649</gpxtpx:course>
		</gpxtpx:TrackPointExtension>
	</extensions>
</trkpt>
<trkpt lat="50.7776210" lon="14.0199714">
	<ele>604.12</ele>
	<time>2020-07-18T11:35:52.000Z</time>
	<hdop>6.00</hdop>
	<extensions>
		<gpxtpx:TrackPointExtension>
			<gpxtpx:course>10.822548</gpxtpx:course>
		</gpxtpx:TrackPointExtension>
	</extensions>
</trkpt>
<trkpt lat="50.7778417" lon="14.0201613">
	<ele>603.50</ele>
	<time>2020-07-18T11:35:57.000Z</time>
	<hdop>4.00</hdop>
	<extensions>
		<gpxtpx:TrackPointExtension>
			<gpxtpx:course>39.829746</gpxtpx:course>
		</gpxtpx:TrackPointExtension>
	</extensions>
</trkpt>
<trkpt lat="50.7781002" lon="14.0205352">
	<ele>601.89</ele>
	<time>2020-07-18T11:36:02.000Z</time>
	<hdop>6.00</hdop>
	<extensions>
		<gpxtpx:TrackPointExtension>
			<gpxtpx:course>51.638</gpxtpx:course>
		</gpxtpx:TrackPointExtension>
	</extensions>
</trkpt>
<trkpt lat="50.7783034" lon="14.0209580">
	<ele>600.09</ele>
	<time>2020-07-18T11:36:07.000Z</time>
	<hdop>8.00</hdop>
	<extensions>
		<gpxtpx:TrackPointExtension>
			<gpxtpx:course>45.58259</gpxtpx:course>
		</gpxtpx:TrackPointExtension>
	</extensions>
</trkpt>
<trkpt lat="50.7787102" lon="14.0212546">
	<ele>598.85</ele>
	<time>2020-07-18T11:36:12.000Z</time>
	<hdop>12.00</hdop>
	<extensions>
		<gpxtpx:TrackPointExtension>
			<gpxtpx:course>30.812288</gpxtpx:course>
		</gpxtpx:TrackPointExtension>
	</extensions>
</trkpt>
<trkpt lat="50.7792015" lon="14.0217384">
	<ele>597.40</ele>
	<time>2020-07-18T11:36:17.000Z</time>
	<hdop>8.00</hdop>
	<extensions>
		<gpxtpx:TrackPointExtension>
			<gpxtpx:course>40.868027</gpxtpx:course>
		</gpxtpx:TrackPointExtension>
	</extensions>
</trkpt>
<trkpt lat="50.7795555" lon="14.0222062">
	<ele>596.13</ele>
	<time>2020-07-18T11:36:22.000Z</time>
	<hdop>8.00</hdop>
	<extensions>
		<gpxtpx:TrackPointExtension>
			<gpxtpx:course>51.80425</gpxtpx:course>
		</gpxtpx:TrackPointExtension>
	</extensions>
</trkpt>
<trkpt lat="50.7799046" lon="14.0227168">
	<ele>595.29</ele>
	<time>2020-07-18T11:36:27.000Z</time>
	<hdop>6.00</hdop>
	<extensions>
		<gpxtpx:TrackPointExtension>
			<gpxtpx:course>38.98731</gpxtpx:course>
		</gpxtpx:TrackPointExtension>
	</extensions>
</trkpt>
<trkpt lat="50.7803239" lon="14.0232321">
	<ele>595.43</ele>
	<time>2020-07-18T11:36:32.000Z</time>
	<hdop>6.00</hdop>
	<extensions>
		<gpxtpx:TrackPointExtension>
			<gpxtpx:course>40.86536</gpxtpx:course>
		</gpxtpx:TrackPointExtension>
	</extensions>
</trkpt>
<trkpt lat="50.7806930" lon="14.0237640">
	<ele>595.55</ele>
	<time>2020-07-18T11:36:37.000Z</time>
	<hdop>6.00</hdop>
	<extensions>
		<gpxtpx:TrackPointExtension>
			<gpxtpx:course>40.767258</gpxtpx:course>
		</gpxtpx:TrackPointExtension>
	</extensions>
</trkpt>
<trkpt lat="50.7809991" lon="14.0243623">
	<ele>592.51</ele>
	<time>2020-07-18T11:36:42.000Z</time>
	<hdop>6.00</hdop>
	<extensions>
		<gpxtpx:TrackPointExtension>
			<gpxtpx:course>41.224445</gpxtpx:course>
		</gpxtpx:TrackPointExtension>
	</extensions>
</trkpt>
<trkpt lat="50.7813672" lon="14.0247822">
	<ele>589.12</ele>
	<time>2020-07-18T11:36:47.000Z</time>
	<hdop>6.00</hdop>
	<extensions>
		<gpxtpx:TrackPointExtension>
			<gpxtpx:course>39.924377</gpxtpx:course>
		</gpxtpx:TrackPointExtension>
	</extensions>
</trkpt>
<trkpt lat="50.7817468" lon="14.0252101">
	<ele>586.17</ele>
	<time>2020-07-18T11:36:52.000Z</time>
	<hdop>6.00</hdop>
	<extensions>
		<gpxtpx:TrackPointExtension>
			<gpxtpx:course>37.405598</gpxtpx:course>
		</gpxtpx:TrackPointExtension>
	</extensions>
</trkpt>
<trkpt lat="50.7821191" lon="14.0256791">
	<ele>584.92</ele>
	<time>2020-07-18T11:36:57.000Z</time>
	<hdop>6.00</hdop>
	<extensions>
		<gpxtpx:TrackPointExtension>
			<gpxtpx:course>34.749065</gpxtpx:course>
		</gpxtpx:TrackPointExtension>
	</extensions>
</trkpt>
<trkpt lat="50.7824354" lon="14.0259318">
	<ele>582.51</ele>
	<time>2020-07-18T11:37:02.000Z</time>
	<hdop>6.00</hdop>
	<extensions>
		<gpxtpx:TrackPointExtension>
			<gpxtpx:course>356.70508</gpxtpx:course>
		</gpxtpx:TrackPointExtension>
	</extensions>
</trkpt>
<trkpt lat="50.7827315" lon="14.0258891">
	<ele>577.85</ele>
	<time>2020-07-18T11:37:07.000Z</time>
	<hdop>8.00</hdop>
	<extensions>
		<gpxtpx:TrackPointExtension>
			<gpxtpx:course>6.416688</gpxtpx:course>
		</gpxtpx:TrackPointExtension>
	</extensions>
</trkpt>
<trkpt lat="50.7830111" lon="14.0259732">
	<ele>571.73</ele>
	<time>2020-07-18T11:37:12.000Z</time>
	<hdop>8.00</hdop>
	<extensions>
		<gpxtpx:TrackPointExtension>
			<gpxtpx:course>16.274973</gpxtpx:course>
		</gpxtpx:TrackPointExtension>
	</extensions>
</trkpt>
<trkpt lat="50.7832989" lon="14.0261083">
	<ele>568.96</ele>
	<time>2020-07-18T11:37:17.000Z</time>
	<hdop>6.00</hdop>
	<extensions>
		<gpxtpx:TrackPointExtension>
			<gpxtpx:course>15.73017</gpxtpx:course>
		</gpxtpx:TrackPointExtension>
	</extensions>
</trkpt>
<trkpt lat="50.7836388" lon="14.0262222">
	<ele>567.90</ele>
	<time>2020-07-18T11:37:22.000Z</time>
	<hdop>6.00</hdop>
	<extensions>
		<gpxtpx:TrackPointExtension>
			<gpxtpx:course>12.951366</gpxtpx:course>
		</gpxtpx:TrackPointExtension>
	</extensions>
</trkpt>
<trkpt lat="50.7839199" lon="14.0264165">
	<ele>563.44</ele>
	<time>2020-07-18T11:37:27.000Z</time>
	<hdop>6.00</hdop>
	<extensions>
		<gpxtpx:TrackPointExtension>
			<gpxtpx:course>35.860474</gpxtpx:course>
		</gpxtpx:TrackPointExtension>
	</extensions>
</trkpt>
<trkpt lat="50.7840849" lon="14.0267378">
	<ele>556.47</ele>
	<time>2020-07-18T11:37:32.000Z</time>
	<hdop>6.00</hdop>
	<extensions>
		<gpxtpx:TrackPointExtension>
			<gpxtpx:course>53.06747</gpxtpx:course>
		</gpxtpx:TrackPointExtension>
	</extensions>
</trkpt>
<trkpt lat="50.7842285" lon="14.0270581">
	<ele>551.28</ele>
	<time>2020-07-18T11:37:37.000Z</time>
	<hdop>6.00</hdop>
	<extensions>
		<gpxtpx:TrackPointExtension>
			<gpxtpx:course>53.87052</gpxtpx:course>
		</gpxtpx:TrackPointExtension>
	</extensions>
</trkpt>
<trkpt lat="50.7843303" lon="14.0273769">
	<ele>549.33</ele>
	<time>2020-07-18T11:37:42.000Z</time>
	<hdop>6.00</hdop>
	<extensions>
		<gpxtpx:TrackPointExtension>
			<gpxtpx:course>70.80114</gpxtpx:course>
		</gpxtpx:TrackPointExtension>
	</extensions>
</trkpt>
<trkpt lat="50.7843888" lon="14.0276983">
	<ele>549.90</ele>
	<time>2020-07-18T11:37:47.000Z</time>
	<hdop>6.00</hdop>
	<extensions>
		<gpxtpx:TrackPointExtension>
			<gpxtpx:course>74.00154</gpxtpx:course>
		</gpxtpx:TrackPointExtension>
	</extensions>
</trkpt>
<trkpt lat="50.7844321" lon="14.0279518">
	<ele>549.94</ele>
	<time>2020-07-18T11:37:52.000Z</time>
	<hdop>4.00</hdop>
	<extensions>
		<gpxtpx:TrackPointExtension>
			<gpxtpx:course>68.123726</gpxtpx:course>
		</gpxtpx:TrackPointExtension>
	</extensions>
</trkpt>
<trkpt lat="50.7844697" lon="14.0281968">
	<ele>549.87</ele>
	<time>2020-07-18T11:37:57.000Z</time>
	<hdop>3.00</hdop>
	<extensions>
		<gpxtpx:TrackPointExtension>
			<gpxtpx:course>68.596375</gpxtpx:course>
		</gpxtpx:TrackPointExtension>
	</extensions>
</trkpt>
<trkpt lat="50.7844953" lon="14.0284627">
	<ele>549.73</ele>
	<time>2020-07-18T11:38:02.000Z</time>
	<hdop>3.00</hdop>
	<extensions>
		<gpxtpx:TrackPointExtension>
			<gpxtpx:course>79.46697</gpxtpx:course>
		</gpxtpx:TrackPointExtension>
	</extensions>
</trkpt>
<trkpt lat="50.7845179" lon="14.0287671">
	<ele>549.58</ele>
	<time>2020-07-18T11:38:07.000Z</time>
	<hdop>4.00</hdop>
	<extensions>
		<gpxtpx:TrackPointExtension>
			<gpxtpx:course>79.62717</gpxtpx:course>
		</gpxtpx:TrackPointExtension>
	</extensions>
</trkpt>
<trkpt lat="50.7845412" lon="14.0290658">
	<ele>549.44</ele>
	<time>2020-07-18T11:38:12.000Z</time>
	<hdop>4.00</hdop>
	<extensions>
		<gpxtpx:TrackPointExtension>
			<gpxtpx:course>84.28817</gpxtpx:course>
		</gpxtpx:TrackPointExtension>
	</extensions>
</trkpt>
<trkpt lat="50.7845470" lon="14.0293574">
	<ele>549.31</ele>
	<time>2020-07-18T11:38:17.000Z</time>
	<hdop>4.00</hdop>
	<extensions>
		<gpxtpx:TrackPointExtension>
			<gpxtpx:course>99.51827</gpxtpx:course>
		</gpxtpx:TrackPointExtension>
	</extensions>
</trkpt>
<trkpt lat="50.7844951" lon="14.0296735">
	<ele>548.38</ele>
	<time>2020-07-18T11:38:22.000Z</time>
	<hdop>4.00</hdop>
	<extensions>
		<gpxtpx:TrackPointExtension>
			<gpxtpx:course>109.46249</gpxtpx:course>
		</gpxtpx:TrackPointExtension>
	</extensions>
</trkpt>
<trkpt lat="50.7844221" lon="14.0299908">
	<ele>547.78</ele>
	<time>2020-07-18T11:38:27.000Z</time>
	<hdop>4.00</hdop>
	<extensions>
		<gpxtpx:TrackPointExtension>
			<gpxtpx:course>111.98446</gpxtpx:course>
		</gpxtpx:TrackPointExtension>
	</extensions>
</trkpt>
<trkpt lat="50.7843691" lon="14.0302755">
	<ele>547.44</ele>
	<time>2020-07-18T11:38:32.000Z</time>
	<hdop>4.00</hdop>
	<extensions>
		<gpxtpx:TrackPointExtension>
			<gpxtpx:course>107.46995</gpxtpx:course>
		</gpxtpx:TrackPointExtension>
	</extensions>
</trkpt>
<trkpt lat="50.7843082" lon="14.0306086">
	<ele>547.17</ele>
	<time>2020-07-18T11:38:37.000Z</time>
	<hdop>4.00</hdop>
	<extensions>
		<gpxtpx:TrackPointExtension>
			<gpxtpx:course>104.12918</gpxtpx:course>
		</gpxtpx:TrackPointExtension>
	</extensions>
</trkpt>
<trkpt lat="50.7842584" lon="14.0309806">
	<ele>547.02</ele>
	<time>2020-07-18T11:38:42.000Z</time>
	<hdop>4.00</hdop>
	<extensions>
		<gpxtpx:TrackPointExtension>
			<gpxtpx:course>105.768875</gpxtpx:course>
		</gpxtpx:TrackPointExtension>
	</extensions>
</trkpt>
<trkpt lat="50.7841826" lon="14.0313262">
	<ele>547.00</ele>
	<time>2020-07-18T11:38:47.000Z</time>
	<hdop>4.00</hdop>
	<extensions>
		<gpxtpx:TrackPointExtension>
			<gpxtpx:course>104.99969</gpxtpx:course>
		</gpxtpx:TrackPointExtension>
	</extensions>
</trkpt>
<trkpt lat="50.7841554" lon="14.0315724">
	<ele>546.99</ele>
	<time>2020-07-18T11:38:52.000Z</time>
	<hdop>4.00</hdop>
	<extensions>
		<gpxtpx:TrackPointExtension>
			<gpxtpx:course>92.80899</gpxtpx:course>
		</gpxtpx:TrackPointExtension>
	</extensions>
</trkpt>
<trkpt lat="50.7842103" lon="14.0317356">
	<ele>546.97</ele>
	<time>2020-07-18T11:38:57.000Z</time>
	<hdop>6.00</hdop>
	<extensions>
		<gpxtpx:TrackPointExtension>
			<gpxtpx:course>25.595116</gpxtpx:course>
		</gpxtpx:TrackPointExtension>
	</extensions>
</trkpt>
<trkpt lat="50.7843460" lon="14.0317579">
	<ele>547.53</ele>
	<time>2020-07-18T11:39:02.000Z</time>
	<hdop>4.00</hdop>
	<extensions>
		<gpxtpx:TrackPointExtension>
			<gpxtpx:course>20.057692</gpxtpx:course>
		</gpxtpx:TrackPointExtension>
	</extensions>
</trkpt>
<trkpt lat="50.7844345" lon="14.0319291">
	<ele>548.69</ele>
	<time>2020-07-18T11:39:07.000Z</time>
	<hdop>4.00</hdop>
	<extensions>
		<gpxtpx:TrackPointExtension>
			<gpxtpx:course>66.97701</gpxtpx:course>
		</gpxtpx:TrackPointExtension>
	</extensions>
</trkpt>
<trkpt lat="50.7844684" lon="14.0321188">
	<ele>548.85</ele>
	<time>2020-07-18T11:39:12.000Z</time>
	<hdop>4.00</hdop>
	<extensions>
		<gpxtpx:TrackPointExtension>
			<gpxtpx:course>84.111534</gpxtpx:course>
		</gpxtpx:TrackPointExtension>
	</extensions>
</trkpt>
<trkpt lat="50.7844684" lon="14.0323395">
	<ele>548.30</ele>
	<time>2020-07-18T11:39:17.000Z</time>
	<hdop>4.00</hdop>
	<extensions>
		<gpxtpx:TrackPointExtension>
			<gpxtpx:course>95.88062</gpxtpx:course>
		</gpxtpx:TrackPointExtension>
	</extensions>
</trkpt>
<trkpt lat="50.7844345" lon="14.0325509">
	<ele>547.15</ele>
	<time>2020-07-18T11:39:22.000Z</time>
	<hdop>4.00</hdop>
	<extensions>
		<gpxtpx:TrackPointExtension>
			<gpxtpx:course>108.2687</gpxtpx:course>
		</gpxtpx:TrackPointExtension>
	</extensions>
</trkpt>
<trkpt lat="50.7844038" lon="14.0328020">
	<ele>546.70</ele>
	<time>2020-07-18T11:39:27.000Z</time>
	<hdop>4.00</hdop>
	<extensions>
		<gpxtpx:TrackPointExtension>
			<gpxtpx:course>104.61298</gpxtpx:course>
		</gpxtpx:TrackPointExtension>
	</extensions>
</trkpt>
<trkpt lat="50.7843358" lon="14.0330906">
	<ele>546.58</ele>
	<time>2020-07-18T11:39:32.000Z</time>
	<hdop>4.00</hdop>
	<extensions>
		<gpxtpx:TrackPointExtension>
			<gpxtpx:course>108.7365</gpxtpx:course>
		</gpxtpx:TrackPointExtension>
	</extensions>
</trkpt>
<trkpt lat="50.7842775" lon="14.0334110">
	<ele>546.17</ele>
	<time>2020-07-18T11:39:37.000Z</time>
	<hdop>4.00</hdop>
	<extensions>
		<gpxtpx:TrackPointExtension>
			<gpxtpx:course>112.13763</gpxtpx:course>
		</gpxtpx:TrackPointExtension>
	</extensions>
</trkpt>
<trkpt lat="50.7841941" lon="14.0337835">
	<ele>545.79</ele>
	<time>2020-07-18T11:39:42.000Z</time>
	<hdop>4.00</hdop>
	<extensions>
		<gpxtpx:TrackPointExtension>
			<gpxtpx:course>112.87317</gpxtpx:course>
		</gpxtpx:TrackPointExtension>
	</extensions>
</trkpt>
<trkpt lat="50.7840803" lon="14.0341990">
	<ele>545.58</ele>
	<time>2020-07-18T11:39:47.000Z</time>
	<hdop>4.00</hdop>
	<extensions>
		<gpxtpx:TrackPointExtension>
			<gpxtpx:course>107.82695</gpxtpx:course>
		</gpxtpx:TrackPointExtension>
	</extensions>
</trkpt>
<trkpt lat="50.7840004" lon="14.0346446">
	<ele>545.44</ele>
	<time>2020-07-18T11:39:52.000Z</time>
	<hdop>4.00</hdop>
	<extensions>
		<gpxtpx:TrackPointExtension>
			<gpxtpx:course>108.80447</gpxtpx:course>
		</gpxtpx:TrackPointExtension>
	</extensions>
</trkpt>
<trkpt lat="50.7838946" lon="14.0350989">
	<ele>545.40</ele>
	<time>2020-07-18T11:39:57.000Z</time>
	<hdop>4.00</hdop>
	<extensions>
		<gpxtpx:TrackPointExtension>
			<gpxtpx:course>108.709366</gpxtpx:course>
		</gpxtpx:TrackPointExtension>
	</extensions>
</trkpt>
<trkpt lat="50.7837865" lon="14.0355394">
	<ele>545.42</ele>
	<time>2020-07-18T11:40:02.000Z</time>
	<hdop>4.00</hdop>
	<extensions>
		<gpxtpx:TrackPointExtension>
			<gpxtpx:course>107.826706</gpxtpx:course>
		</gpxtpx:TrackPointExtension>
	</extensions>
</trkpt>
<trkpt lat="50.7837042" lon="14.0359528">
	<ele>545.43</ele>
	<time>2020-07-18T11:40:07.000Z</time>
	<hdop>4.00</hdop>
	<extensions>
		<gpxtpx:TrackPointExtension>
			<gpxtpx:course>106.32807</gpxtpx:course>
		</gpxtpx:TrackPointExtension>
	</extensions>
</trkpt>
<trkpt lat="50.7836130" lon="14.0363570">
	<ele>545.72</ele>
	<time>2020-07-18T11:40:12.000Z</time>
	<hdop>4.00</hdop>
	<extensions>
		<gpxtpx:TrackPointExtension>
			<gpxtpx:course>103.38611</gpxtpx:course>
		</gpxtpx:TrackPointExtension>
	</extensions>
</trkpt>
<trkpt lat="50.7835208" lon="14.0367574">
	<ele>546.30</ele>
	<time>2020-07-18T11:40:17.000Z</time>
	<hdop>4.00</hdop>
	<extensions>
		<gpxtpx:TrackPointExtension>
			<gpxtpx:course>110.10467</gpxtpx:course>
		</gpxtpx:TrackPointExtension>
	</extensions>
</trkpt>
<trkpt lat="50.7834397" lon="14.0371303">
	<ele>545.64</ele>
	<time>2020-07-18T11:40:22.000Z</time>
	<hdop>4.00</hdop>
	<extensions>
		<gpxtpx:TrackPointExtension>
			<gpxtpx:course>100.36711</gpxtpx:course>
		</gpxtpx:TrackPointExtension>
	</extensions>
</trkpt>
<trkpt lat="50.7834261" lon="14.0374791">
	<ele>545.43</ele>
	<time>2020-07-18T11:40:27.000Z</time>
	<hdop>4.00</hdop>
	<extensions>
		<gpxtpx:TrackPointExtension>
			<gpxtpx:course>75.63773</gpxtpx:course>
		</gpxtpx:TrackPointExtension>
	</extensions>
</trkpt>
<trkpt lat="50.7834683" lon="14.0378339">
	<ele>546.54</ele>
	<time>2020-07-18T11:40:31.999Z</time>
	<hdop>4.00</hdop>
	<extensions>
		<gpxtpx:TrackPointExtension>
			<gpxtpx:course>79.694534</gpxtpx:course>
		</gpxtpx:TrackPointExtension>
	</extensions>
</trkpt>
<trkpt lat="50.7834845" lon="14.0381803">
	<ele>548.22</ele>
	<time>2020-07-18T11:40:36.999Z</time>
	<hdop>4.00</hdop>
	<extensions>
		<gpxtpx:TrackPointExtension>
			<gpxtpx:course>102.74118</gpxtpx:course>
		</gpxtpx:TrackPointExtension>
	</extensions>
</trkpt>
<trkpt lat="50.7834613" lon="14.0384922">
	<ele>548.72</ele>
	<time>2020-07-18T11:40:41.999Z</time>
	<hdop>4.00</hdop>
	<extensions>
		<gpxtpx:TrackPointExtension>
			<gpxtpx:course>88.64947</gpxtpx:course>
		</gpxtpx:TrackPointExtension>
	</extensions>
</trkpt>
<trkpt lat="50.7834547" lon="14.0387547">
	<ele>548.86</ele>
	<time>2020-07-18T11:40:46.999Z</time>
	<hdop>4.00</hdop>
	<extensions>
		<gpxtpx:TrackPointExtension>
			<gpxtpx:course>94.26502</gpxtpx:course>
		</gpxtpx:TrackPointExtension>
	</extensions>
</trkpt>
<trkpt lat="50.7834358" lon="14.0389954">
	<ele>548.55</ele>
	<time>2020-07-18T11:40:51.999Z</time>
	<hdop>4.00</hdop>
	<extensions>
		<gpxtpx:TrackPointExtension>
			<gpxtpx:course>98.66521</gpxtpx:course>
		</gpxtpx:TrackPointExtension>
	</extensions>
</trkpt>
<trkpt lat="50.7834042" lon="14.0392355">
	<ele>546.59</ele>
	<time>2020-07-18T11:40:56.999Z</time>
	<hdop>4.00</hdop>
	<extensions>
		<gpxtpx:TrackPointExtension>
			<gpxtpx:course>106.585815</gpxtpx:course>
		</gpxtpx:TrackPointExtension>
	</extensions>
</trkpt>
<trkpt lat="50.7833702" lon="14.0394836">
	<ele>545.17</ele>
	<time>2020-07-18T11:41:01.999Z</time>
	<hdop>4.00</hdop>
	<extensions>
		<gpxtpx:TrackPointExtension>
			<gpxtpx:course>97.301926</gpxtpx:course>
		</gpxtpx:TrackPointExtension>
	</extensions>
</trkpt>
<trkpt lat="50.7833541" lon="14.0397757">
	<ele>544.96</ele>
	<time>2020-07-18T11:41:06.999Z</time>
	<hdop>4.00</hdop>
	<extensions>
		<gpxtpx:TrackPointExtension>
			<gpxtpx:course>96.82862</gpxtpx:course>
		</gpxtpx:TrackPointExtension>
	</extensions>
</trkpt>
<trkpt lat="50.7833175" lon="14.0400498">
	<ele>544.89</ele>
	<time>2020-07-18T11:41:11.999Z</time>
	<hdop>4.00</hdop>
	<extensions>
		<gpxtpx:TrackPointExtension>
			<gpxtpx:course>97.39031</gpxtpx:course>
		</gpxtpx:TrackPointExtension>
	</extensions>
</trkpt>
<trkpt lat="50.7832926" lon="14.0402827">
	<ele>544.83</ele>
	<time>2020-07-18T11:41:16.999Z</time>
	<hdop>3.00</hdop>
	<extensions>
		<gpxtpx:TrackPointExtension>
			<gpxtpx:course>95.46666</gpxtpx:course>
		</gpxtpx:TrackPointExtension>
	</extensions>
</trkpt>
<trkpt lat="50.7832846" lon="14.0405253">
	<ele>544.77</ele>
	<time>2020-07-18T11:41:21.999Z</time>
	<hdop>3.00</hdop>
	<extensions>
		<gpxtpx:TrackPointExtension>
			<gpxtpx:course>96.66593</gpxtpx:course>
		</gpxtpx:TrackPointExtension>
	</extensions>
</trkpt>
<trkpt lat="50.7832703" lon="14.0407846">
	<ele>544.70</ele>
	<time>2020-07-18T11:41:26.999Z</time>
	<hdop>3.00</hdop>
	<extensions>
		<gpxtpx:TrackPointExtension>
			<gpxtpx:course>94.288155</gpxtpx:course>
		</gpxtpx:TrackPointExtension>
	</extensions>
</trkpt>
<trkpt lat="50.7832587" lon="14.0410183">
	<ele>544.65</ele>
	<time>2020-07-18T11:41:31.999Z</time>
	<hdop>6.00</hdop>
	<extensions>
		<gpxtpx:TrackPointExtension>
			<gpxtpx:course>82.84655</gpxtpx:course>
		</gpxtpx:TrackPointExtension>
	</extensions>
</trkpt>
<trkpt lat="50.7833035" lon="14.0412939">
	<ele>544.61</ele>
	<time>2020-07-18T11:41:36.999Z</time>
	<hdop>6.00</hdop>
	<extensions>
		<gpxtpx:TrackPointExtension>
			<gpxtpx:course>79.56194</gpxtpx:course>
		</gpxtpx:TrackPointExtension>
	</extensions>
</trkpt>
<trkpt lat="50.7833493" lon="14.0415478">
	<ele>544.79</ele>
	<time>2020-07-18T11:41:41.999Z</time>
	<hdop>6.00</hdop>
	<extensions>
		<gpxtpx:TrackPointExtension>
			<gpxtpx:course>74.408676</gpxtpx:course>
		</gpxtpx:TrackPointExtension>
	</extensions>
</trkpt>
<trkpt lat="50.7834015" lon="14.0418221">
	<ele>546.07</ele>
	<time>2020-07-18T11:41:46.999Z</time>
	<hdop>4.00</hdop>
	<extensions>
		<gpxtpx:TrackPointExtension>
			<gpxtpx:course>69.04038</gpxtpx:course>
		</gpxtpx:TrackPointExtension>
	</extensions>
</trkpt>
<trkpt lat="50.7834669" lon="14.0420711">
	<ele>547.48</ele>
	<time>2020-07-18T11:41:51.999Z</time>
	<hdop>4.00</hdop>
	<extensions>
		<gpxtpx:TrackPointExtension>
			<gpxtpx:course>57.852222</gpxtpx:course>
		</gpxtpx:TrackPointExtension>
	</extensions>
</trkpt>
<trkpt lat="50.7835486" lon="14.0422357">
	<ele>548.04</ele>
	<time>2020-07-18T11:41:56.999Z</time>
	<hdop>6.00</hdop>
	<extensions>
		<gpxtpx:TrackPointExtension>
			<gpxtpx:course>58.996975</gpxtpx:course>
		</gpxtpx:TrackPointExtension>
	</extensions>
</trkpt>
<trkpt lat="50.7836816" lon="14.0423309">
	<ele>547.88</ele>
	<time>2020-07-18T11:42:01.999Z</time>
	<hdop>6.00</hdop>
	<extensions>
		<gpxtpx:TrackPointExtension>
			<gpxtpx:course>48.16754</gpxtpx:course>
		</gpxtpx:TrackPointExtension>
	</extensions>
</trkpt>
<trkpt lat="50.7838633" lon="14.0424803">
	<ele>547.90</ele>
	<time>2020-07-18T11:42:06.999Z</time>
	<hdop>8.00</hdop>
	<extensions>
		<gpxtpx:TrackPointExtension>
			<gpxtpx:course>17.826704</gpxtpx:course>
		</gpxtpx:TrackPointExtension>
	</extensions>
</trkpt>
<trkpt lat="50.7840024" lon="14.0425265">
	<ele>547.13</ele>
	<time>2020-07-18T11:42:11.999Z</time>
	<hdop>6.00</hdop>
	<extensions>
		<gpxtpx:TrackPointExtension>
			<gpxtpx:course>8.566231</gpxtpx:course>
		</gpxtpx:TrackPointExtension>
	</extensions>
</trkpt>
<trkpt lat="50.7841322" lon="14.0425590">
	<ele>545.91</ele>
	<time>2020-07-18T11:42:16.999Z</time>
	<hdop>6.00</hdop>
	<extensions>
		<gpxtpx:TrackPointExtension>
			<gpxtpx:course>22.392319</gpxtpx:course>
		</gpxtpx:TrackPointExtension>
	</extensions>
</trkpt>
<trkpt lat="50.7842701" lon="14.0426090">
	<ele>545.42</ele>
	<time>2020-07-18T11:42:21.999Z</time>
	<hdop>6.00</hdop>
	<extensions>
		<gpxtpx:TrackPointExtension>
			<gpxtpx:course>15.154626</gpxtpx:course>
		</gpxtpx:TrackPointExtension>
	</extensions>
</trkpt>
<trkpt lat="50.7844017" lon="14.0426643">
	<ele>545.23</ele>
	<time>2020-07-18T11:42:26.999Z</time>
	<hdop>6.00</hdop>
	<extensions>
		<gpxtpx:TrackPointExtension>
			<gpxtpx:course>13.4792795</gpxtpx:course>
		</gpxtpx:TrackPointExtension>
	</extensions>
</trkpt>
<trkpt lat="50.7845117" lon="14.0426687">
	<ele>545.34</ele>
	<time>2020-07-18T11:42:31.999Z</time>
	<hdop>6.00</hdop>
	<extensions>
		<gpxtpx:TrackPointExtension>
			<gpxtpx:course>3.4561071</gpxtpx:course>
		</gpxtpx:TrackPointExtension>
	</extensions>
</trkpt>
<trkpt lat="50.7846224" lon="14.0426787">
	<ele>545.50</ele>
	<time>2020-07-18T11:42:36.999Z</time>
	<hdop>6.00</hdop>
	<extensions>
		<gpxtpx:TrackPointExtension>
			<gpxtpx:course>10.712528</gpxtpx:course>
		</gpxtpx:TrackPointExtension>
	</extensions>
</trkpt>
<trkpt lat="50.7847629" lon="14.0426698">
	<ele>545.67</ele>
	<time>2020-07-18T11:42:41.999Z</time>
	<hdop>6.00</hdop>
	<extensions>
		<gpxtpx:TrackPointExtension>
			<gpxtpx:course>335.25534</gpxtpx:course>
		</gpxtpx:TrackPointExtension>
	</extensions>
</trkpt>
<trkpt lat="50.7848805" lon="14.0425707">
	<ele>545.84</ele>
	<time>2020-07-18T11:42:46.999Z</time>
	<hdop>6.00</hdop>
	<extensions>
		<gpxtpx:TrackPointExtension>
			<gpxtpx:course>334.7203</gpxtpx:course>
		</gpxtpx:TrackPointExtension>
	</extensions>
</trkpt>
<trkpt lat="50.7849839" lon="14.0424828">
	<ele>545.97</ele>
	<time>2020-07-18T11:42:51.999Z</time>
	<hdop>6.00</hdop>
	<extensions>
		<gpxtpx:TrackPointExtension>
			<gpxtpx:course>331.02112</gpxtpx:course>
		</gpxtpx:TrackPointExtension>
	</extensions>
</trkpt>
<trkpt lat="50.7851108" lon="14.0423293">
	<ele>546.08</ele>
	<time>2020-07-18T11:42:56.999Z</time>
	<hdop>6.00</hdop>
	<extensions>
		<gpxtpx:TrackPointExtension>
			<gpxtpx:course>316.1064</gpxtpx:course>
		</gpxtpx:TrackPointExtension>
	</extensions>
</trkpt>
<trkpt lat="50.7852228" lon="14.0421501">
	<ele>546.16</ele>
	<time>2020-07-18T11:43:01.999Z</time>
	<hdop>6.00</hdop>
	<extensions>
		<gpxtpx:TrackPointExtension>
			<gpxtpx:course>314.4616</gpxtpx:course>
		</gpxtpx:TrackPointExtension>
	</extensions>
</trkpt>
<trkpt lat="50.7853486" lon="14.0419588">
	<ele>546.24</ele>
	<time>2020-07-18T11:43:06.999Z</time>
	<hdop>6.00</hdop>
	<extensions>
		<gpxtpx:TrackPointExtension>
			<gpxtpx:course>314.75195</gpxtpx:course>
		</gpxtpx:TrackPointExtension>
	</extensions>
</trkpt>
<trkpt lat="50.7854722" lon="14.0417894">
	<ele>546.29</ele>
	<time>2020-07-18T11:43:11.999Z</time>
	<hdop>6.00</hdop>
	<extensions>
		<gpxtpx:TrackPointExtension>
			<gpxtpx:course>328.45392</gpxtpx:course>
		</gpxtpx:TrackPointExtension>
	</extensions>
</trkpt>
<trkpt lat="50.7856038" lon="14.0416096">
	<ele>546.25</ele>
	<time>2020-07-18T11:43:16.999Z</time>
	<hdop>6.00</hdop>
	<extensions>
		<gpxtpx:TrackPointExtension>
			<gpxtpx:course>334.28433</gpxtpx:course>
		</gpxtpx:TrackPointExtension>
	</extensions>
</trkpt>
<trkpt lat="50.7857512" lon="14.0414312">
	<ele>546.12</ele>
	<time>2020-07-18T11:43:21.999Z</time>
	<hdop>6.00</hdop>
	<extensions>
		<gpxtpx:TrackPointExtension>
			<gpxtpx:course>321.08624</gpxtpx:course>
		</gpxtpx:TrackPointExtension>
	</extensions>
</trkpt>
<trkpt lat="50.7858969" lon="14.0412248">
	<ele>545.80</ele>
	<time>2020-07-18T11:43:26.999Z</time>
	<hdop>6.00</hdop>
	<extensions>
		<gpxtpx:TrackPointExtension>
			<gpxtpx:course>343.76248</gpxtpx:course>
		</gpxtpx:TrackPointExtension>
	</extensions>
</trkpt>
<trkpt lat="50.7860483" lon="14.0411202">
	<ele>545.88</ele>
	<time>2020-07-18T11:43:31.999Z</time>
	<hdop>6.00</hdop>
	<extensions>
		<gpxtpx:TrackPointExtension>
			<gpxtpx:course>307.65128</gpxtpx:course>
		</gpxtpx:TrackPointExtension>
	</extensions>
</trkpt>
<trkpt lat="50.7861951" lon="14.0409598">
	<ele>546.03</ele>
	<time>2020-07-18T11:43:36.999Z</time>
	<hdop>6.00</hdop>
	<extensions>
		<gpxtpx:TrackPointExtension>
			<gpxtpx:course>320.95355</gpxtpx:course>
		</gpxtpx:TrackPointExtension>
	</extensions>
</trkpt>
<trkpt lat="50.7863366" lon="14.0408285">
	<ele>546.07</ele>
	<time>2020-07-18T11:43:41.999Z</time>
	<hdop>6.00</hdop>
	<extensions>
		<gpxtpx:TrackPointExtension>
			<gpxtpx:course>347.50085</gpxtpx:course>
		</gpxtpx:TrackPointExtension>
	</extensions>
</trkpt>
<trkpt lat="50.7864567" lon="14.0406951">
	<ele>545.86</ele>
	<time>2020-07-18T11:43:46.999Z</time>
	<hdop>6.00</hdop>
	<extensions>
		<gpxtpx:TrackPointExtension>
			<gpxtpx:course>337.54807</gpxtpx:course>
		</gpxtpx:TrackPointExtension>
	</extensions>
</trkpt>
<trkpt lat="50.7865776" lon="14.0405941">
	<ele>545.61</ele>
	<time>2020-07-18T11:43:51.999Z</time>
	<hdop>6.00</hdop>
	<extensions>
		<gpxtpx:TrackPointExtension>
			<gpxtpx:course>329.06473</gpxtpx:course>
		</gpxtpx:TrackPointExtension>
	</extensions>
</trkpt>
<trkpt lat="50.7866698" lon="14.0404708">
	<ele>545.24</ele>
	<time>2020-07-18T11:43:56.999Z</time>
	<hdop>6.00</hdop>
	<extensions>
		<gpxtpx:TrackPointExtension>
			<gpxtpx:course>344.32236</gpxtpx:course>
		</gpxtpx:TrackPointExtension>
	</extensions>
</trkpt>
<trkpt lat="50.7867693" lon="14.0403667">
	<ele>545.10</ele>
	<time>2020-07-18T11:44:01.999Z</time>
	<hdop>6.00</hdop>
	<extensions>
		<gpxtpx:TrackPointExtension>
			<gpxtpx:course>351.66577</gpxtpx:course>
		</gpxtpx:TrackPointExtension>
	</extensions>
</trkpt>
<trkpt lat="50.7868889" lon="14.0402954">
	<ele>545.34</ele>
	<time>2020-07-18T11:44:06.999Z</time>
	<hdop>6.00</hdop>
	<extensions>
		<gpxtpx:TrackPointExtension>
			<gpxtpx:course>329.90073</gpxtpx:course>
		</gpxtpx:TrackPointExtension>
	</extensions>
</trkpt>
<trkpt lat="50.7869542" lon="14.0401627">
	<ele>545.54</ele>
	<time>2020-07-18T11:44:11.999Z</time>
	<hdop>6.00</hdop>
	<extensions>
		<gpxtpx:TrackPointExtension>
			<gpxtpx:course>324.51013</gpxtpx:course>
		</gpxtpx:TrackPointExtension>
	</extensions>
</trkpt>
<trkpt lat="50.7870355" lon="14.0400598">
	<ele>546.12</ele>
	<time>2020-07-18T11:44:17.999Z</time>
	<hdop>6.00</hdop>
	<extensions>
		<gpxtpx:TrackPointExtension>
			<gpxtpx:course>334.6361</gpxtpx:course>
		</gpxtpx:TrackPointExtension>
	</extensions>
</trkpt>
<trkpt lat="50.7871474" lon="14.0399623">
	<ele>546.64</ele>
	<time>2020-07-18T11:44:22.999Z</time>
	<hdop>6.00</hdop>
	<extensions>
		<gpxtpx:TrackPointExtension>
			<gpxtpx:course>327.62982</gpxtpx:course>
		</gpxtpx:TrackPointExtension>
	</extensions>
</trkpt>
<trkpt lat="50.7872645" lon="14.0399103">
	<ele>547.24</ele>
	<time>2020-07-18T11:44:27.999Z</time>
	<hdop>6.00</hdop>
	<extensions>
		<gpxtpx:TrackPointExtension>
			<gpxtpx:course>341.44473</gpxtpx:course>
		</gpxtpx:TrackPointExtension>
	</extensions>
</trkpt>
<trkpt lat="50.7873622" lon="14.0398961">
	<ele>548.02</ele>
	<time>2020-07-18T11:44:33.999Z</time>
	<hdop>6.00</hdop>
	<extensions>
		<gpxtpx:TrackPointExtension>
			<gpxtpx:course>8.289625</gpxtpx:course>
		</gpxtpx:TrackPointExtension>
	</extensions>
</trkpt>
</trkseg>
<trkseg>
<trkpt lat="50.7874625" lon="14.0399924">
	<ele>590.08</ele>
	<time>2020-07-18T12:18:18.999Z</time>
	<hdop>4.00</hdop>
	<extensions>
		<gpxtpx:TrackPointExtension>
			<gpxtpx:course>110.22757</gpxtpx:course>
		</gpxtpx:TrackPointExtension>
	</extensions>
</trkpt>
<trkpt lat="50.7874009" lon="14.0403636">
	<ele>589.50</ele>
	<time>2020-07-18T12:18:23.999Z</time>
	<hdop>4.00</hdop>
	<extensions>
		<gpxtpx:TrackPointExtension>
			<gpxtpx:course>95.66062</gpxtpx:course>
		</gpxtpx:TrackPointExtension>
	</extensions>
</trkpt>
<trkpt lat="50.7873579" lon="14.0407039">
	<ele>589.56</ele>
	<time>2020-07-18T12:18:28.999Z</time>
	<hdop>4.00</hdop>
	<extensions>
		<gpxtpx:TrackPointExtension>
			<gpxtpx:course>96.56068</gpxtpx:course>
		</gpxtpx:TrackPointExtension>
	</extensions>
</trkpt>
<trkpt lat="50.7873429" lon="14.0410593">
	<ele>590.55</ele>
	<time>2020-07-18T12:18:33.999Z</time>
	<hdop>8.00</hdop>
	<extensions>
		<gpxtpx:TrackPointExtension>
			<gpxtpx:course>94.32965</gpxtpx:course>
		</gpxtpx:TrackPointExtension>
	</extensions>
</trkpt>
<trkpt lat="50.7872762" lon="14.0413342">
	<ele>590.81</ele>
	<time>2020-07-18T12:18:38.999Z</time>
	<hdop>8.00</hdop>
	<extensions>
		<gpxtpx:TrackPointExtension>
			<gpxtpx:course>113.585144</gpxtpx:course>
		</gpxtpx:TrackPointExtension>
	</extensions>
</trkpt>
<trkpt lat="50.7872101" lon="14.0415425">
	<ele>591.59</ele>
	<time>2020-07-18T12:18:43.999Z</time>
	<hdop>6.00</hdop>
	<extensions>
		<gpxtpx:TrackPointExtension>
			<gpxtpx:course>123.51449</gpxtpx:course>
		</gpxtpx:TrackPointExtension>
	</extensions>
</trkpt>
<trkpt lat="50.7871219" lon="14.0417339">
	<ele>591.96</ele>
	<time>2020-07-18T12:18:48.999Z</time>
	<hdop>4.00</hdop>
	<extensions>
		<gpxtpx:TrackPointExtension>
			<gpxtpx:course>117.68573</gpxtpx:course>
		</gpxtpx:TrackPointExtension>
	</extensions>
</trkpt>
<trkpt lat="50.7870414" lon="14.0419363">
	<ele>592.32</ele>
	<time>2020-07-18T12:18:53.999Z</time>
	<hdop>4.00</hdop>
	<extensions>
		<gpxtpx:TrackPointExtension>
			<gpxtpx:course>114.89012</gpxtpx:course>
		</gpxtpx:TrackPointExtension>
	</extensions>
</trkpt>
<trkpt lat="50.7869670" lon="14.0421467">
	<ele>593.14</ele>
	<time>2020-07-18T12:18:58.999Z</time>
	<hdop>4.00</hdop>
	<extensions>
		<gpxtpx:TrackPointExtension>
			<gpxtpx:course>116.43294</gpxtpx:course>
		</gpxtpx:TrackPointExtension>
	</extensions>
</trkpt>
<trkpt lat="50.7869036" lon="14.0422724">
	<ele>593.15</ele>
	<time>2020-07-18T12:19:03.999Z</time>
	<hdop>6.00</hdop>
	<extensions>
		<gpxtpx:TrackPointExtension>
			<gpxtpx:course>125.68663</gpxtpx:course>
		</gpxtpx:TrackPointExtension>
	</extensions>
</trkpt>
<trkpt lat="50.7868095" lon="14.0424218">
	<ele>591.87</ele>
	<time>2020-07-18T12:19:08.999Z</time>
	<hdop>6.00</hdop>
	<extensions>
		<gpxtpx:TrackPointExtension>
			<gpxtpx:course>130.40639</gpxtpx:course>
		</gpxtpx:TrackPointExtension>
	</extensions>
</trkpt>
<trkpt lat="50.7866883" lon="14.0425954">
	<ele>591.26</ele>
	<time>2020-07-18T12:19:13.999Z</time>
	<hdop>8.00</hdop>
	<extensions>
		<gpxtpx:TrackPointExtension>
			<gpxtpx:course>123.64065</gpxtpx:course>
		</gpxtpx:TrackPointExtension>
	</extensions>
</trkpt>
<trkpt lat="50.7865971" lon="14.0427651">
	<ele>591.26</ele>
	<time>2020-07-18T12:19:18.999Z</time>
	<hdop>8.00</hdop>
	<extensions>
		<gpxtpx:TrackPointExtension>
			<gpxtpx:course>112.52348</gpxtpx:course>
		</gpxtpx:TrackPointExtension>
	</extensions>
</trkpt>
<trkpt lat="50.7864986" lon="14.0429892">
	<ele>591.32</ele>
	<time>2020-07-18T12:19:23.999Z</time>
	<hdop>8.00</hdop>
	<extensions>
		<gpxtpx:TrackPointExtension>
			<gpxtpx:course>117.53515</gpxtpx:course>
		</gpxtpx:TrackPointExtension>
	</extensions>
</trkpt>
<trkpt lat="50.7864123" lon="14.0432257">
	<ele>591.38</ele>
	<time>2020-07-18T12:19:28.999Z</time>
	<hdop>8.00</hdop>
	<extensions>
		<gpxtpx:TrackPointExtension>
			<gpxtpx:course>122.20557</gpxtpx:course>
		</gpxtpx:TrackPointExtension>
	</extensions>
</trkpt>
<trkpt lat="50.7862985" lon="14.0434923">
	<ele>591.52</ele>
	<time>2020-07-18T12:19:33.999Z</time>
	<hdop>8.00</hdop>
	<extensions>
		<gpxtpx:TrackPointExtension>
			<gpxtpx:course>116.52451</gpxtpx:course>
		</gpxtpx:TrackPointExtension>
	</extensions>
</trkpt>
<trkpt lat="50.7861737" lon="14.0437922">
	<ele>591.63</ele>
	<time>2020-07-18T12:19:38.999Z</time>
	<hdop>8.00</hdop>
	<extensions>
		<gpxtpx:TrackPointExtension>
			<gpxtpx:course>131.38818</gpxtpx:course>
		</gpxtpx:TrackPointExtension>
	</extensions>
</trkpt>
<trkpt lat="50.7860527" lon="14.0440989">
	<ele>591.82</ele>
	<time>2020-07-18T12:19:43.999Z</time>
	<hdop>8.00</hdop>
	<extensions>
		<gpxtpx:TrackPointExtension>
			<gpxtpx:course>119.04252</gpxtpx:course>
		</gpxtpx:TrackPointExtension>
	</extensions>
</trkpt>
<trkpt lat="50.7859314" lon="14.0444372">
	<ele>593.29</ele>
	<time>2020-07-18T12:19:48.999Z</time>
	<hdop>8.00</hdop>
	<extensions>
		<gpxtpx:TrackPointExtension>
			<gpxtpx:course>117.99675</gpxtpx:course>
		</gpxtpx:TrackPointExtension>
	</extensions>
</trkpt>
<trkpt lat="50.7858292" lon="14.0447382">
	<ele>595.36</ele>
	<time>2020-07-18T12:19:53.999Z</time>
	<hdop>8.00</hdop>
	<extensions>
		<gpxtpx:TrackPointExtension>
			<gpxtpx:course>108.7094</gpxtpx:course>
		</gpxtpx:TrackPointExtension>
	</extensions>
</trkpt>
<trkpt lat="50.7856952" lon="14.0450909">
	<ele>596.26</ele>
	<time>2020-07-18T12:19:58.999Z</time>
	<hdop>12.00</hdop>
	<extensions>
		<gpxtpx:TrackPointExtension>
			<gpxtpx:course>113.25123</gpxtpx:course>
		</gpxtpx:TrackPointExtension>
	</extensions>
</trkpt>
<trkpt lat="50.7855585" lon="14.0454846">
	<ele>594.67</ele>
	<time>2020-07-18T12:20:03.999Z</time>
	<hdop>8.00</hdop>
	<extensions>
		<gpxtpx:TrackPointExtension>
			<gpxtpx:course>122.17875</gpxtpx:course>
		</gpxtpx:TrackPointExtension>
	</extensions>
</trkpt>
<trkpt lat="50.7854025" lon="14.0458886">
	<ele>592.72</ele>
	<time>2020-07-18T12:20:08.999Z</time>
	<hdop>8.00</hdop>
	<extensions>
		<gpxtpx:TrackPointExtension>
			<gpxtpx:course>116.87915</gpxtpx:course>
		</gpxtpx:TrackPointExtension>
	</extensions>
</trkpt>
<trkpt lat="50.7852639" lon="14.0462803">
	<ele>592.30</ele>
	<time>2020-07-18T12:20:13.999Z</time>
	<hdop>8.00</hdop>
	<extensions>
		<gpxtpx:TrackPointExtension>
			<gpxtpx:course>118.83183</gpxtpx:course>
		</gpxtpx:TrackPointExtension>
	</extensions>
</trkpt>
<trkpt lat="50.7850609" lon="14.0467639">
	<ele>592.08</ele>
	<time>2020-07-18T12:20:18.999Z</time>
	<hdop>8.00</hdop>
	<extensions>
		<gpxtpx:TrackPointExtension>
			<gpxtpx:course>114.648865</gpxtpx:course>
		</gpxtpx:TrackPointExtension>
	</extensions>
</trkpt>
<trkpt lat="50.7849040" lon="14.0472424">
	<ele>592.23</ele>
	<time>2020-07-18T12:20:23.999Z</time>
	<hdop>12.00</hdop>
	<extensions>
		<gpxtpx:TrackPointExtension>
			<gpxtpx:course>156.67848</gpxtpx:course>
		</gpxtpx:TrackPointExtension>
	</extensions>
</trkpt>
<trkpt lat="50.7847896" lon="14.0473876">
	<ele>592.38</ele>
	<time>2020-07-18T12:20:28.999Z</time>
	<hdop>6.00</hdop>
	<extensions>
		<gpxtpx:TrackPointExtension>
			<gpxtpx:course>176.6444</gpxtpx:course>
		</gpxtpx:TrackPointExtension>
	</extensions>
</trkpt>
<trkpt lat="50.7848392" lon="14.0475479">
	<ele>593.32</ele>
	<time>2020-07-18T12:21:02.999Z</time>
	<hdop>8.00</hdop>
	<extensions>
		<gpxtpx:TrackPointExtension>
			<gpxtpx:course>111.356735</gpxtpx:course>
		</gpxtpx:TrackPointExtension>
	</extensions>
</trkpt>
<trkpt lat="50.7847756" lon="14.0478316">
	<ele>593.46</ele>
	<time>2020-07-18T12:21:07.999Z</time>
	<hdop>8.00</hdop>
	<extensions>
		<gpxtpx:TrackPointExtension>
			<gpxtpx:course>111.76088</gpxtpx:course>
		</gpxtpx:TrackPointExtension>
	</extensions>
</trkpt>
<trkpt lat="50.7847242" lon="14.0481912">
	<ele>594.82</ele>
	<time>2020-07-18T12:21:12.999Z</time>
	<hdop>8.00</hdop>
	<extensions>
		<gpxtpx:TrackPointExtension>
			<gpxtpx:course>103.86133</gpxtpx:course>
		</gpxtpx:TrackPointExtension>
	</extensions>
</trkpt>
<trkpt lat="50.7846497" lon="14.0486574">
	<ele>595.91</ele>
	<time>2020-07-18T12:21:17.999Z</time>
	<hdop>8.00</hdop>
	<extensions>
		<gpxtpx:TrackPointExtension>
			<gpxtpx:course>101.2266</gpxtpx:course>
		</gpxtpx:TrackPointExtension>
	</extensions>
</trkpt>
<trkpt lat="50.7846130" lon="14.0490783">
	<ele>596.86</ele>
	<time>2020-07-18T12:21:22.999Z</time>
	<hdop>6.00</hdop>
	<extensions>
		<gpxtpx:TrackPointExtension>
			<gpxtpx:course>93.06262</gpxtpx:course>
		</gpxtpx:TrackPointExtension>
	</extensions>
</trkpt>
<trkpt lat="50.7846270" lon="14.0495146">
	<ele>597.08</ele>
	<time>2020-07-18T12:21:27.999Z</time>
	<hdop>6.00</hdop>
	<extensions>
		<gpxtpx:TrackPointExtension>
			<gpxtpx:course>81.59121</gpxtpx:course>
		</gpxtpx:TrackPointExtension>
	</extensions>
</trkpt>
<trkpt lat="50.7845782" lon="14.0498790">
	<ele>597.11</ele>
	<time>2020-07-18T12:21:32.999Z</time>
	<hdop>6.00</hdop>
	<extensions>
		<gpxtpx:TrackPointExtension>
			<gpxtpx:course>115.6435</gpxtpx:course>
		</gpxtpx:TrackPointExtension>
	</extensions>
</trkpt>
<trkpt lat="50.7843774" lon="14.0500753">
	<ele>597.11</ele>
	<time>2020-07-18T12:21:37.999Z</time>
	<hdop>6.00</hdop>
	<extensions>
		<gpxtpx:TrackPointExtension>
			<gpxtpx:course>156.6337</gpxtpx:course>
		</gpxtpx:TrackPointExtension>
	</extensions>
</trkpt>
<trkpt lat="50.7841855" lon="14.0501970">
	<ele>597.12</ele>
	<time>2020-07-18T12:21:42.999Z</time>
	<hdop>6.00</hdop>
	<extensions>
		<gpxtpx:TrackPointExtension>
			<gpxtpx:course>158.01462</gpxtpx:course>
		</gpxtpx:TrackPointExtension>
	</extensions>
</trkpt>
<trkpt lat="50.7839449" lon="14.0503115">
	<ele>597.16</ele>
	<time>2020-07-18T12:21:47.999Z</time>
	<hdop>6.00</hdop>
	<extensions>
		<gpxtpx:TrackPointExtension>
			<gpxtpx:course>155.10522</gpxtpx:course>
		</gpxtpx:TrackPointExtension>
	</extensions>
</trkpt>
<trkpt lat="50.7837194" lon="14.0504814">
	<ele>597.18</ele>
	<time>2020-07-18T12:21:52.999Z</time>
	<hdop>6.00</hdop>
	<extensions>
		<gpxtpx:TrackPointExtension>
			<gpxtpx:course>161.48134</gpxtpx:course>
		</gpxtpx:TrackPointExtension>
	</extensions>
</trkpt>
<trkpt lat="50.7834963" lon="14.0506015">
	<ele>597.22</ele>
	<time>2020-07-18T12:21:57.999Z</time>
	<hdop>6.00</hdop>
	<extensions>
		<gpxtpx:TrackPointExtension>
			<gpxtpx:course>157.72876</gpxtpx:course>
		</gpxtpx:TrackPointExtension>
	</extensions>
</trkpt>
<trkpt lat="50.7832739" lon="14.0507406">
	<ele>597.27</ele>
	<time>2020-07-18T12:22:02.999Z</time>
	<hdop>6.00</hdop>
	<extensions>
		<gpxtpx:TrackPointExtension>
			<gpxtpx:course>159.81094</gpxtpx:course>
		</gpxtpx:TrackPointExtension>
	</extensions>
</trkpt>
<trkpt lat="50.7831492" lon="14.0508274">
	<ele>597.31</ele>
	<time>2020-07-18T12:22:07.999Z</time>
	<hdop>4.00</hdop>
	<extensions>
		<gpxtpx:TrackPointExtension>
			<gpxtpx:course>156.8767</gpxtpx:course>
		</gpxtpx:TrackPointExtension>
	</extensions>
</trkpt>
<trkpt lat="50.7830763" lon="14.0509267">
	<ele>597.85</ele>
	<time>2020-07-18T12:23:00.999Z</time>
	<hdop>6.00</hdop>
	<extensions>
		<gpxtpx:TrackPointExtension>
			<gpxtpx:course>158.9529</gpxtpx:course>
		</gpxtpx:TrackPointExtension>
	</extensions>
</trkpt>
<trkpt lat="50.7829418" lon="14.0509863">
	<ele>598.32</ele>
	<time>2020-07-18T12:23:05.999Z</time>
	<hdop>6.00</hdop>
	<extensions>
		<gpxtpx:TrackPointExtension>
			<gpxtpx:course>161.46704</gpxtpx:course>
		</gpxtpx:TrackPointExtension>
	</extensions>
</trkpt>
<trkpt lat="50.7827050" lon="14.0510749">
	<ele>599.29</ele>
	<time>2020-07-18T12:23:10.999Z</time>
	<hdop>8.00</hdop>
	<extensions>
		<gpxtpx:TrackPointExtension>
			<gpxtpx:course>157.61932</gpxtpx:course>
		</gpxtpx:TrackPointExtension>
	</extensions>
</trkpt>
<trkpt lat="50.7824426" lon="14.0512876">
	<ele>600.19</ele>
	<time>2020-07-18T12:23:15.999Z</time>
	<hdop>8.00</hdop>
	<extensions>
		<gpxtpx:TrackPointExtension>
			<gpxtpx:course>146.03972</gpxtpx:course>
		</gpxtpx:TrackPointExtension>
	</extensions>
</trkpt>
<trkpt lat="50.7821774" lon="14.0515011">
	<ele>600.95</ele>
	<time>2020-07-18T12:23:20.999Z</time>
	<hdop>8.00</hdop>
	<extensions>
		<gpxtpx:TrackPointExtension>
			<gpxtpx:course>160.1027</gpxtpx:course>
		</gpxtpx:TrackPointExtension>
	</extensions>
</trkpt>
<trkpt lat="50.7819128" lon="14.0516888">
	<ele>601.77</ele>
	<time>2020-07-18T12:23:25.999Z</time>
	<hdop>6.00</hdop>
	<extensions>
		<gpxtpx:TrackPointExtension>
			<gpxtpx:course>150.85312</gpxtpx:course>
		</gpxtpx:TrackPointExtension>
	</extensions>
</trkpt>
<trkpt lat="50.7816188" lon="14.0518891">
	<ele>603.00</ele>
	<time>2020-07-18T12:23:30.999Z</time>
	<hdop>8.00</hdop>
	<extensions>
		<gpxtpx:TrackPointExtension>
			<gpxtpx:course>152.94768</gpxtpx:course>
		</gpxtpx:TrackPointExtension>
	</extensions>
</trkpt>
<trkpt lat="50.7813202" lon="14.0520525">
	<ele>603.51</ele>
	<time>2020-07-18T12:23:35.999Z</time>
	<hdop>6.00</hdop>
	<extensions>
		<gpxtpx:TrackPointExtension>
			<gpxtpx:course>153.48207</gpxtpx:course>
		</gpxtpx:TrackPointExtension>
	</extensions>
</trkpt>
<trkpt lat="50.7810182" lon="14.0522794">
	<ele>603.65</ele>
	<time>2020-07-18T12:23:40.999Z</time>
	<hdop>6.00</hdop>
	<extensions>
		<gpxtpx:TrackPointExtension>
			<gpxtpx:course>155.72205</gpxtpx:course>
		</gpxtpx:TrackPointExtension>
	</extensions>
</trkpt>
<trkpt lat="50.7807441" lon="14.0523973">
	<ele>603.75</ele>
	<time>2020-07-18T12:23:45.999Z</time>
	<hdop>6.00</hdop>
	<extensions>
		<gpxtpx:TrackPointExtension>
			<gpxtpx:course>175.97885</gpxtpx:course>
		</gpxtpx:TrackPointExtension>
	</extensions>
</trkpt>
<trkpt lat="50.7805599" lon="14.0525933">
	<ele>603.81</ele>
	<time>2020-07-18T12:23:50.999Z</time>
	<hdop>8.00</hdop>
	<extensions>
		<gpxtpx:TrackPointExtension>
			<gpxtpx:course>144.526</gpxtpx:course>
		</gpxtpx:TrackPointExtension>
	</extensions>
</trkpt>
<trkpt lat="50.7803927" lon="14.0528696">
	<ele>603.88</ele>
	<time>2020-07-18T12:23:55.999Z</time>
	<hdop>8.00</hdop>
	<extensions>
		<gpxtpx:TrackPointExtension>
			<gpxtpx:course>106.919785</gpxtpx:course>
		</gpxtpx:TrackPointExtension>
	</extensions>
</trkpt>
<trkpt lat="50.7803133" lon="14.0533687">
	<ele>603.94</ele>
	<time>2020-07-18T12:24:00.999Z</time>
	<hdop>8.00</hdop>
	<extensions>
		<gpxtpx:TrackPointExtension>
			<gpxtpx:course>104.310326</gpxtpx:course>
		</gpxtpx:TrackPointExtension>
	</extensions>
</trkpt>
<trkpt lat="50.7802077" lon="14.0538792">
	<ele>603.97</ele>
	<time>2020-07-18T12:24:05.999Z</time>
	<hdop>8.00</hdop>
	<extensions>
		<gpxtpx:TrackPointExtension>
			<gpxtpx:course>103.72218</gpxtpx:course>
		</gpxtpx:TrackPointExtension>
	</extensions>
</trkpt>
<trkpt lat="50.7802149" lon="14.0543724">
	<ele>604.03</ele>
	<time>2020-07-18T12:24:10.999Z</time>
	<hdop>6.00</hdop>
	<extensions>
		<gpxtpx:TrackPointExtension>
			<gpxtpx:course>74.52298</gpxtpx:course>
		</gpxtpx:TrackPointExtension>
	</extensions>
</trkpt>
<trkpt lat="50.7801926" lon="14.0547920">
	<ele>604.18</ele>
	<time>2020-07-18T12:24:15.999Z</time>
	<hdop>8.00</hdop>
	<extensions>
		<gpxtpx:TrackPointExtension>
			<gpxtpx:course>79.86866</gpxtpx:course>
		</gpxtpx:TrackPointExtension>
	</extensions>
</trkpt>
<trkpt lat="50.7802053" lon="14.0552744">
	<ele>604.25</ele>
	<time>2020-07-18T12:24:20.999Z</time>
	<hdop>8.00</hdop>
	<extensions>
		<gpxtpx:TrackPointExtension>
			<gpxtpx:course>103.79939</gpxtpx:course>
		</gpxtpx:TrackPointExtension>
	</extensions>
</trkpt>
<trkpt lat="50.7801911" lon="14.0557591">
	<ele>604.27</ele>
	<time>2020-07-18T12:24:25.999Z</time>
	<hdop>8.00</hdop>
	<extensions>
		<gpxtpx:TrackPointExtension>
			<gpxtpx:course>104.67714</gpxtpx:course>
		</gpxtpx:TrackPointExtension>
	</extensions>
</trkpt>
<trkpt lat="50.7800508" lon="14.0561908">
	<ele>604.35</ele>
	<time>2020-07-18T12:24:30.999Z</time>
	<hdop>8.00</hdop>
	<extensions>
		<gpxtpx:TrackPointExtension>
			<gpxtpx:course>98.43983</gpxtpx:course>
		</gpxtpx:TrackPointExtension>
	</extensions>
</trkpt>
<trkpt lat="50.7800033" lon="14.0566359">
	<ele>604.02</ele>
	<time>2020-07-18T12:24:35.999Z</time>
	<hdop>8.00</hdop>
	<extensions>
		<gpxtpx:TrackPointExtension>
			<gpxtpx:course>88.166794</gpxtpx:course>
		</gpxtpx:TrackPointExtension>
	</extensions>
</trkpt>
<trkpt lat="50.7800190" lon="14.0570837">
	<ele>603.24</ele>
	<time>2020-07-18T12:24:40.999Z</time>
	<hdop>8.00</hdop>
	<extensions>
		<gpxtpx:TrackPointExtension>
			<gpxtpx:course>75.140594</gpxtpx:course>
		</gpxtpx:TrackPointExtension>
	</extensions>
</trkpt>
<trkpt lat="50.7800658" lon="14.0574617">
	<ele>603.08</ele>
	<time>2020-07-18T12:24:45.999Z</time>
	<hdop>8.00</hdop>
	<extensions>
		<gpxtpx:TrackPointExtension>
			<gpxtpx:course>102.999695</gpxtpx:course>
		</gpxtpx:TrackPointExtension>
	</extensions>
</trkpt>
<trkpt lat="50.7800221" lon="14.0579112">
	<ele>604.29</ele>
	<time>2020-07-18T12:24:50.999Z</time>
	<hdop>8.00</hdop>
	<extensions>
		<gpxtpx:TrackPointExtension>
			<gpxtpx:course>75.215454</gpxtpx:course>
		</gpxtpx:TrackPointExtension>
	</extensions>
</trkpt>
<trkpt lat="50.7800618" lon="14.0584171">
	<ele>604.63</ele>
	<time>2020-07-18T12:24:55.999Z</time>
	<hdop>8.00</hdop>
	<extensions>
		<gpxtpx:TrackPointExtension>
			<gpxtpx:course>87.88739</gpxtpx:course>
		</gpxtpx:TrackPointExtension>
	</extensions>
</trkpt>
<trkpt lat="50.7799754" lon="14.0588037">
	<ele>604.72</ele>
	<time>2020-07-18T12:25:00.999Z</time>
	<hdop>6.00</hdop>
	<extensions>
		<gpxtpx:TrackPointExtension>
			<gpxtpx:course>86.8779</gpxtpx:course>
		</gpxtpx:TrackPointExtension>
	</extensions>
</trkpt>
<trkpt lat="50.7798932" lon="14.0592341">
	<ele>604.80</ele>
	<time>2020-07-18T12:25:05.999Z</time>
	<hdop>8.00</hdop>
	<extensions>
		<gpxtpx:TrackPointExtension>
			<gpxtpx:course>101.50402</gpxtpx:course>
		</gpxtpx:TrackPointExtension>
	</extensions>
</trkpt>
<trkpt lat="50.7798209" lon="14.0596357">
	<ele>604.87</ele>
	<time>2020-07-18T12:25:10.999Z</time>
	<hdop>8.00</hdop>
	<extensions>
		<gpxtpx:TrackPointExtension>
			<gpxtpx:course>88.51087</gpxtpx:course>
		</gpxtpx:TrackPointExtension>
	</extensions>
</trkpt>
<trkpt lat="50.7797667" lon="14.0600099">
	<ele>604.89</ele>
	<time>2020-07-18T12:25:15.999Z</time>
	<hdop>8.00</hdop>
	<extensions>
		<gpxtpx:TrackPointExtension>
			<gpxtpx:course>69.292786</gpxtpx:course>
		</gpxtpx:TrackPointExtension>
	</extensions>
</trkpt>
<trkpt lat="50.7798554" lon="14.0603514">
	<ele>604.89</ele>
	<time>2020-07-18T12:25:20.999Z</time>
	<hdop>8.00</hdop>
	<extensions>
		<gpxtpx:TrackPointExtension>
			<gpxtpx:course>100.001564</gpxtpx:course>
		</gpxtpx:TrackPointExtension>
	</extensions>
</trkpt>
<trkpt lat="50.7797754" lon="14.0606635">
	<ele>605.26</ele>
	<time>2020-07-18T12:25:25.999Z</time>
	<hdop>8.00</hdop>
	<extensions>
		<gpxtpx:TrackPointExtension>
			<gpxtpx:course>95.84847</gpxtpx:course>
		</gpxtpx:TrackPointExtension>
	</extensions>
</trkpt>
<trkpt lat="50.7797236" lon="14.0610134">
	<ele>606.06</ele>
	<time>2020-07-18T12:25:30.999Z</time>
	<hdop>8.00</hdop>
	<extensions>
		<gpxtpx:TrackPointExtension>
			<gpxtpx:course>121.12425</gpxtpx:course>
		</gpxtpx:TrackPointExtension>
	</extensions>
</trkpt>
<trkpt lat="50.7795009" lon="14.0615373">
	<ele>606.93</ele>
	<time>2020-07-18T12:25:35.999Z</time>
	<hdop>8.00</hdop>
	<extensions>
		<gpxtpx:TrackPointExtension>
			<gpxtpx:course>123.132904</gpxtpx:course>
		</gpxtpx:TrackPointExtension>
	</extensions>
</trkpt>
<trkpt lat="50.7793561" lon="14.0619508">
	<ele>607.76</ele>
	<time>2020-07-18T12:25:40.999Z</time>
	<hdop>8.00</hdop>
	<extensions>
		<gpxtpx:TrackPointExtension>
			<gpxtpx:course>103.294495</gpxtpx:course>
		</gpxtpx:TrackPointExtension>
	</extensions>
</trkpt>
<trkpt lat="50.7792848" lon="14.0622730">
	<ele>607.49</ele>
	<time>2020-07-18T12:25:45.999Z</time>
	<hdop>6.00</hdop>
	<extensions>
		<gpxtpx:TrackPointExtension>
			<gpxtpx:course>107.74682</gpxtpx:course>
		</gpxtpx:TrackPointExtension>
	</extensions>
</trkpt>
<trkpt lat="50.7791729" lon="14.0625475">
	<ele>605.83</ele>
	<time>2020-07-18T12:25:50.999Z</time>
	<hdop>6.00</hdop>
	<extensions>
		<gpxtpx:TrackPointExtension>
			<gpxtpx:course>112.489265</gpxtpx:course>
		</gpxtpx:TrackPointExtension>
	</extensions>
</trkpt>
<trkpt lat="50.7790752" lon="14.0627625">
	<ele>605.42</ele>
	<time>2020-07-18T12:25:55.999Z</time>
	<hdop>6.00</hdop>
	<extensions>
		<gpxtpx:TrackPointExtension>
			<gpxtpx:course>143.4182</gpxtpx:course>
		</gpxtpx:TrackPointExtension>
	</extensions>
</trkpt>
<trkpt lat="50.7789728" lon="14.0630081">
	<ele>605.43</ele>
	<time>2020-07-18T12:26:00.999Z</time>
	<hdop>6.00</hdop>
	<extensions>
		<gpxtpx:TrackPointExtension>
			<gpxtpx:course>106.686966</gpxtpx:course>
		</gpxtpx:TrackPointExtension>
	</extensions>
</trkpt>
<trkpt lat="50.7788818" lon="14.0633452">
	<ele>605.47</ele>
	<time>2020-07-18T12:26:05.999Z</time>
	<hdop>6.00</hdop>
	<extensions>
		<gpxtpx:TrackPointExtension>
			<gpxtpx:course>118.76416</gpxtpx:course>
		</gpxtpx:TrackPointExtension>
	</extensions>
</trkpt>
<trkpt lat="50.7788156" lon="14.0635663">
	<ele>604.34</ele>
	<time>2020-07-18T12:26:10.999Z</time>
	<hdop>6.00</hdop>
	<extensions>
		<gpxtpx:TrackPointExtension>
			<gpxtpx:course>113.68426</gpxtpx:course>
		</gpxtpx:TrackPointExtension>
	</extensions>
</trkpt>
<trkpt lat="50.7787167" lon="14.0634810">
	<ele>604.04</ele>
	<time>2020-07-18T12:26:20.999Z</time>
	<hdop>6.00</hdop>
	<extensions>
		<gpxtpx:TrackPointExtension>
			<gpxtpx:course>196.51521</gpxtpx:course>
		</gpxtpx:TrackPointExtension>
	</extensions>
</trkpt>
<trkpt lat="50.7785404" lon="14.0634209">
	<ele>600.24</ele>
	<time>2020-07-18T12:26:25.999Z</time>
	<hdop>6.00</hdop>
	<extensions>
		<gpxtpx:TrackPointExtension>
			<gpxtpx:course>197.59824</gpxtpx:course>
		</gpxtpx:TrackPointExtension>
	</extensions>
</trkpt>
<trkpt lat="50.7784528" lon="14.0633777">
	<ele>598.63</ele>
	<time>2020-07-18T12:26:30.999Z</time>
	<hdop>6.00</hdop>
	<extensions>
		<gpxtpx:TrackPointExtension>
			<gpxtpx:course>214.50383</gpxtpx:course>
		</gpxtpx:TrackPointExtension>
	</extensions>
</trkpt>
<trkpt lat="50.7784059" lon="14.0635194">
	<ele>604.50</ele>
	<time>2020-07-18T12:26:39.999Z</time>
	<hdop>6.00</hdop>
	<extensions>
		<gpxtpx:TrackPointExtension>
			<gpxtpx:course>141.80649</gpxtpx:course>
		</gpxtpx:TrackPointExtension>
	</extensions>
</trkpt>
<trkpt lat="50.7783410" lon="14.0636354">
	<ele>605.43</ele>
	<time>2020-07-18T12:26:46.999Z</time>
	<hdop>6.00</hdop>
	<extensions>
		<gpxtpx:TrackPointExtension>
			<gpxtpx:course>121.913086</gpxtpx:course>
		</gpxtpx:TrackPointExtension>
	</extensions>
</trkpt>
<trkpt lat="50.7807902" lon="14.0623457">
	<ele>605.85</ele>
	<time>2020-07-18T12:30:51.747Z</time>
	<hdop>6.00</hdop>
	<extensions>
		<gpxtpx:TrackPointExtension>
			<gpxtpx:course>109.72939</gpxtpx:course>
		</gpxtpx:TrackPointExtension>
	</extensions>
</trkpt>
<trkpt lat="50.7825567" lon="14.0698604">
	<ele>606.65</ele>
	<time>2020-07-18T12:38:52.375Z</time>
	<hdop>6.00</hdop>
	<extensions>
		<gpxtpx:TrackPointExtension>
			<gpxtpx:course>85.80356</gpxtpx:course>
		</gpxtpx:TrackPointExtension>
	</extensions>
</trkpt>
<trkpt lat="50.7792699" lon="14.0720210">
	<ele>607.22</ele>
	<time>2020-07-18T12:44:29.865Z</time>
	<hdop>6.00</hdop>
	<extensions>
		<gpxtpx:TrackPointExtension>
			<gpxtpx:course>69.0032</gpxtpx:course>
		</gpxtpx:TrackPointExtension>
	</extensions>
</trkpt>
<trkpt lat="50.7794058" lon="14.0745757">
	<ele>607.48</ele>
	<time>2020-07-18T12:47:03.566Z</time>
	<hdop>6.00</hdop>
	<extensions>
		<gpxtpx:TrackPointExtension>
			<gpxtpx:course>61.35187</gpxtpx:course>
		</gpxtpx:TrackPointExtension>
	</extensions>
</trkpt>
<trkpt lat="50.7798430" lon="14.0778125">
	<ele>607.81</ele>
	<time>2020-07-18T12:50:21.999Z</time>
	<hdop>6.00</hdop>
	<extensions>
		<gpxtpx:TrackPointExtension>
			<gpxtpx:course>51.473846</gpxtpx:course>
		</gpxtpx:TrackPointExtension>
	</extensions>
</trkpt>
<trkpt lat="50.7799444" lon="14.0779205">
	<ele>607.77</ele>
	<time>2020-07-18T12:50:29.999Z</time>
	<hdop>8.00</hdop>
	<extensions>
		<gpxtpx:TrackPointExtension>
			<gpxtpx:course>8.943651</gpxtpx:course>
		</gpxtpx:TrackPointExtension>
	</extensions>
</trkpt>
<trkpt lat="50.7801502" lon="14.0781496">
	<ele>607.76</ele>
	<time>2020-07-18T12:50:34.999Z</time>
	<hdop>8.00</hdop>
	<extensions>
		<gpxtpx:TrackPointExtension>
			<gpxtpx:course>26.00271</gpxtpx:course>
		</gpxtpx:TrackPointExtension>
	</extensions>
</trkpt>
<trkpt lat="50.7803140" lon="14.0783228">
	<ele>607.26</ele>
	<time>2020-07-18T12:50:39.999Z</time>
	<hdop>6.00</hdop>
	<extensions>
		<gpxtpx:TrackPointExtension>
			<gpxtpx:course>39.57579</gpxtpx:course>
		</gpxtpx:TrackPointExtension>
	</extensions>
</trkpt>
<trkpt lat="50.7805495" lon="14.0784665">
	<ele>606.16</ele>
	<time>2020-07-18T12:50:44.999Z</time>
	<hdop>8.00</hdop>
	<extensions>
		<gpxtpx:TrackPointExtension>
			<gpxtpx:course>9.174915</gpxtpx:course>
		</gpxtpx:TrackPointExtension>
	</extensions>
</trkpt>
<trkpt lat="50.7807465" lon="14.0786356">
	<ele>605.30</ele>
	<time>2020-07-18T12:50:49.999Z</time>
	<hdop>8.00</hdop>
	<extensions>
		<gpxtpx:TrackPointExtension>
			<gpxtpx:course>18.141052</gpxtpx:course>
		</gpxtpx:TrackPointExtension>
	</extensions>
</trkpt>
<trkpt lat="50.7809767" lon="14.0789515">
	<ele>605.30</ele>
	<time>2020-07-18T12:50:54.999Z</time>
	<hdop>6.00</hdop>
	<extensions>
		<gpxtpx:TrackPointExtension>
			<gpxtpx:course>50.292618</gpxtpx:course>
		</gpxtpx:TrackPointExtension>
	</extensions>
</trkpt>
<trkpt lat="50.7811587" lon="14.0792507">
	<ele>605.79</ele>
	<time>2020-07-18T12:50:59.999Z</time>
	<hdop>6.00</hdop>
	<extensions>
		<gpxtpx:TrackPointExtension>
			<gpxtpx:course>36.07827</gpxtpx:course>
		</gpxtpx:TrackPointExtension>
	</extensions>
</trkpt>
<trkpt lat="50.7813243" lon="14.0795713">
	<ele>605.51</ele>
	<time>2020-07-18T12:51:04.999Z</time>
	<hdop>6.00</hdop>
	<extensions>
		<gpxtpx:TrackPointExtension>
			<gpxtpx:course>41.581818</gpxtpx:course>
		</gpxtpx:TrackPointExtension>
	</extensions>
</trkpt>
<trkpt lat="50.7815228" lon="14.0797322">
	<ele>605.34</ele>
	<time>2020-07-18T12:51:09.999Z</time>
	<hdop>8.00</hdop>
	<extensions>
		<gpxtpx:TrackPointExtension>
			<gpxtpx:course>23.801218</gpxtpx:course>
		</gpxtpx:TrackPointExtension>
	</extensions>
</trkpt>
<trkpt lat="50.7818486" lon="14.0800498">
	<ele>605.31</ele>
	<time>2020-07-18T12:51:14.999Z</time>
	<hdop>8.00</hdop>
	<extensions>
		<gpxtpx:TrackPointExtension>
			<gpxtpx:course>37.933384</gpxtpx:course>
		</gpxtpx:TrackPointExtension>
	</extensions>
</trkpt>
<trkpt lat="50.7820386" lon="14.0804120">
	<ele>607.04</ele>
	<time>2020-07-18T12:51:19.999Z</time>
	<hdop>6.00</hdop>
	<extensions>
		<gpxtpx:TrackPointExtension>
			<gpxtpx:course>45.09358</gpxtpx:course>
		</gpxtpx:TrackPointExtension>
	</extensions>
</trkpt>
<trkpt lat="50.7822236" lon="14.0807236">
	<ele>607.45</ele>
	<time>2020-07-18T12:51:24.999Z</time>
	<hdop>6.00</hdop>
	<extensions>
		<gpxtpx:TrackPointExtension>
			<gpxtpx:course>51.958244</gpxtpx:course>
		</gpxtpx:TrackPointExtension>
	</extensions>
</trkpt>
<trkpt lat="50.7824170" lon="14.0810356">
	<ele>607.48</ele>
	<time>2020-07-18T12:51:29.999Z</time>
	<hdop>6.00</hdop>
	<extensions>
		<gpxtpx:TrackPointExtension>
			<gpxtpx:course>32.78091</gpxtpx:course>
		</gpxtpx:TrackPointExtension>
	</extensions>
</trkpt>
<trkpt lat="50.7826325" lon="14.0812478">
	<ele>607.43</ele>
	<time>2020-07-18T12:51:34.999Z</time>
	<hdop>6.00</hdop>
	<extensions>
		<gpxtpx:TrackPointExtension>
			<gpxtpx:course>39.03482</gpxtpx:course>
		</gpxtpx:TrackPointExtension>
	</extensions>
</trkpt>
<trkpt lat="50.7828935" lon="14.0813116">
	<ele>607.38</ele>
	<time>2020-07-18T12:51:39.999Z</time>
	<hdop>6.00</hdop>
	<extensions>
		<gpxtpx:TrackPointExtension>
			<gpxtpx:course>2.2651029</gpxtpx:course>
		</gpxtpx:TrackPointExtension>
	</extensions>
</trkpt>
<trkpt lat="50.7831836" lon="14.0813560">
	<ele>607.34</ele>
	<time>2020-07-18T12:51:44.999Z</time>
	<hdop>6.00</hdop>
	<extensions>
		<gpxtpx:TrackPointExtension>
			<gpxtpx:course>25.545538</gpxtpx:course>
		</gpxtpx:TrackPointExtension>
	</extensions>
</trkpt>
<trkpt lat="50.7834445" lon="14.0816410">
	<ele>607.30</ele>
	<time>2020-07-18T12:51:49.999Z</time>
	<hdop>8.00</hdop>
	<extensions>
		<gpxtpx:TrackPointExtension>
			<gpxtpx:course>36.367203</gpxtpx:course>
		</gpxtpx:TrackPointExtension>
	</extensions>
</trkpt>
<trkpt lat="50.7836778" lon="14.0818814">
	<ele>607.24</ele>
	<time>2020-07-18T12:51:54.999Z</time>
	<hdop>8.00</hdop>
	<extensions>
		<gpxtpx:TrackPointExtension>
			<gpxtpx:course>14.828062</gpxtpx:course>
		</gpxtpx:TrackPointExtension>
	</extensions>
</trkpt>
<trkpt lat="50.7839819" lon="14.0821874">
	<ele>607.07</ele>
	<time>2020-07-18T12:51:59.999Z</time>
	<hdop>8.00</hdop>
	<extensions>
		<gpxtpx:TrackPointExtension>
			<gpxtpx:course>30.143448</gpxtpx:course>
		</gpxtpx:TrackPointExtension>
	</extensions>
</trkpt>
<trkpt lat="50.7842710" lon="14.0822784">
	<ele>606.96</ele>
	<time>2020-07-18T12:52:04.999Z</time>
	<hdop>8.00</hdop>
	<extensions>
		<gpxtpx:TrackPointExtension>
			<gpxtpx:course>356.26395</gpxtpx:course>
		</gpxtpx:TrackPointExtension>
	</extensions>
</trkpt>
<trkpt lat="50.7846011" lon="14.0822952">
	<ele>606.52</ele>
	<time>2020-07-18T12:52:09.999Z</time>
	<hdop>8.00</hdop>
	<extensions>
		<gpxtpx:TrackPointExtension>
			<gpxtpx:course>5.706595</gpxtpx:course>
		</gpxtpx:TrackPointExtension>
	</extensions>
</trkpt>
<trkpt lat="50.7848199" lon="14.0824127">
	<ele>606.02</ele>
	<time>2020-07-18T12:52:14.999Z</time>
	<hdop>6.00</hdop>
	<extensions>
		<gpxtpx:TrackPointExtension>
			<gpxtpx:course>21.508093</gpxtpx:course>
		</gpxtpx:TrackPointExtension>
	</extensions>
</trkpt>
<trkpt lat="50.7849083" lon="14.0825113">
	<ele>607.17</ele>
	<time>2020-07-18T12:52:36.999Z</time>
	<hdop>6.00</hdop>
	<extensions>
		<gpxtpx:TrackPointExtension>
			<gpxtpx:course>22.797312</gpxtpx:course>
		</gpxtpx:TrackPointExtension>
	</extensions>
</trkpt>
<trkpt lat="50.7849487" lon="14.0826765">
	<ele>607.07</ele>
	<time>2020-07-18T12:52:42.999Z</time>
	<hdop>8.00</hdop>
	<extensions>
		<gpxtpx:TrackPointExtension>
			<gpxtpx:course>79.60507</gpxtpx:course>
		</gpxtpx:TrackPointExtension>
	</extensions>
</trkpt>
<trkpt lat="50.7849205" lon="14.0830014">
	<ele>606.67</ele>
	<time>2020-07-18T12:52:47.999Z</time>
	<hdop>3.00</hdop>
	<extensions>
		<gpxtpx:TrackPointExtension>
			<gpxtpx:course>92.95067</gpxtpx:course>
		</gpxtpx:TrackPointExtension>
	</extensions>
</trkpt>
<trkpt lat="50.7848579" lon="14.0835687">
	<ele>606.64</ele>
	<time>2020-07-18T12:52:54.209Z</time>
	<hdop>3.00</hdop>
	<extensions>
		<gpxtpx:TrackPointExtension>
			<gpxtpx:course>75.23074</gpxtpx:course>
		</gpxtpx:TrackPointExtension>
	</extensions>
</trkpt>
<trkpt lat="50.7876192" lon="14.0830359">
	<ele>616.40</ele>
	<time>2020-07-18T12:54:51.101Z</time>
	<hdop>3.37</hdop>
	<extensions>
		<gpxtpx:TrackPointExtension>
			<gpxtpx:course>73.32573</gpxtpx:course>
		</gpxtpx:TrackPointExtension>
	</extensions>
</trkpt>
<trkpt lat="50.7901315" lon="14.0828645">
	<ele>625.23</ele>
	<time>2020-07-18T12:56:36.770Z</time>
	<hdop>3.70</hdop>
	<extensions>
		<gpxtpx:TrackPointExtension>
			<gpxtpx:course>71.603615</gpxtpx:course>
		</gpxtpx:TrackPointExtension>
	</extensions>
</trkpt>
<trkpt lat="50.7905658" lon="14.0848479">
	<ele>629.88</ele>
	<time>2020-07-18T12:57:32.526Z</time>
	<hdop>3.87</hdop>
	<extensions>
		<gpxtpx:TrackPointExtension>
			<gpxtpx:course>70.69494</gpxtpx:course>
		</gpxtpx:TrackPointExtension>
	</extensions>
</trkpt>
<trkpt lat="50.7912226" lon="14.0872523">
	<ele>635.69</ele>
	<time>2020-07-18T12:58:42.103Z</time>
	<hdop>4.09</hdop>
	<extensions>
		<gpxtpx:TrackPointExtension>
			<gpxtpx:course>69.56103</gpxtpx:course>
		</gpxtpx:TrackPointExtension>
	</extensions>
</trkpt>
<trkpt lat="50.7910265" lon="14.0903545">
	<ele>642.61</ele>
	<time>2020-07-18T13:00:04.919Z</time>
	<hdop>4.35</hdop>
	<extensions>
		<gpxtpx:TrackPointExtension>
			<gpxtpx:course>68.21134</gpxtpx:course>
		</gpxtpx:TrackPointExtension>
	</extensions>
</trkpt>
<trkpt lat="50.7925972" lon="14.0945464">
	<ele>653.42</ele>
	<time>2020-07-18T13:02:14.361Z</time>
	<hdop>4.75</hdop>
	<extensions>
		<gpxtpx:TrackPointExtension>
			<gpxtpx:course>66.1018</gpxtpx:course>
		</gpxtpx:TrackPointExtension>
	</extensions>
</trkpt>
<trkpt lat="50.7919059" lon="14.0976556">
	<ele>660.73</ele>
	<time>2020-07-18T13:03:41.913Z</time>
	<hdop>5.03</hdop>
	<extensions>
		<gpxtpx:TrackPointExtension>
			<gpxtpx:course>64.67494</gpxtpx:course>
		</gpxtpx:TrackPointExtension>
	</extensions>
</trkpt>
<trkpt lat="50.7929310" lon="14.0979539">
	<ele>664.39</ele>
	<time>2020-07-18T13:04:25.713Z</time>
	<hdop>5.16</hdop>
	<extensions>
		<gpxtpx:TrackPointExtension>
			<gpxtpx:course>63.96112</gpxtpx:course>
		</gpxtpx:TrackPointExtension>
	</extensions>
</trkpt>
<trkpt lat="50.7939562" lon="14.0976371">
	<ele>668.06</ele>
	<time>2020-07-18T13:05:09.605Z</time>
	<hdop>5.30</hdop>
	<extensions>
		<gpxtpx:TrackPointExtension>
			<gpxtpx:course>63.2458</gpxtpx:course>
		</gpxtpx:TrackPointExtension>
	</extensions>
</trkpt>
<trkpt lat="50.7944197" lon="14.0985308">
	<ele>670.62</ele>
	<time>2020-07-18T13:05:40.311Z</time>
	<hdop>5.40</hdop>
	<extensions>
		<gpxtpx:TrackPointExtension>
			<gpxtpx:course>62.74537</gpxtpx:course>
		</gpxtpx:TrackPointExtension>
	</extensions>
</trkpt>
<trkpt lat="50.7937341" lon="14.0984368">
	<ele>673.04</ele>
	<time>2020-07-18T13:06:09.228Z</time>
	<hdop>5.49</hdop>
	<extensions>
		<gpxtpx:TrackPointExtension>
			<gpxtpx:course>62.274113</gpxtpx:course>
		</gpxtpx:TrackPointExtension>
	</extensions>
</trkpt>
<trkpt lat="50.7930176" lon="14.0990998">
	<ele>675.95</ele>
	<time>2020-07-18T13:06:44.111Z</time>
	<hdop>5.60</hdop>
	<extensions>
		<gpxtpx:TrackPointExtension>
			<gpxtpx:course>61.705612</gpxtpx:course>
		</gpxtpx:TrackPointExtension>
	</extensions>
</trkpt>
<trkpt lat="50.7916044" lon="14.1005016">
	<ele>681.81</ele>
	<time>2020-07-18T13:07:54.202Z</time>
	<hdop>5.82</hdop>
	<extensions>
		<gpxtpx:TrackPointExtension>
			<gpxtpx:course>60.563313</gpxtpx:course>
		</gpxtpx:TrackPointExtension>
	</extensions>
</trkpt>
<trkpt lat="50.7911725" lon="14.1012364">
	<ele>684.03</ele>
	<time>2020-07-18T13:08:20.855Z</time>
	<hdop>5.90</hdop>
	<extensions>
		<gpxtpx:TrackPointExtension>
			<gpxtpx:course>60.128944</gpxtpx:course>
		</gpxtpx:TrackPointExtension>
	</extensions>
</trkpt>
<trkpt lat="50.7908558" lon="14.1023379">
	<ele>686.72</ele>
	<time>2020-07-18T13:08:52.999Z</time>
	<hdop>6.00</hdop>
	<extensions>
		<gpxtpx:TrackPointExtension>
			<gpxtpx:course>59.605095</gpxtpx:course>
		</gpxtpx:TrackPointExtension>
	</extensions>
</trkpt>
<trkpt lat="50.7908506" lon="14.1024887">
	<ele>687.63</ele>
	<time>2020-07-18T13:09:00.999Z</time>
	<hdop>6.00</hdop>
	<extensions>
		<gpxtpx:TrackPointExtension>
			<gpxtpx:course>51.499317</gpxtpx:course>
		</gpxtpx:TrackPointExtension>
	</extensions>
</trkpt>
<trkpt lat="50.7908960" lon="14.1026422">
	<ele>689.53</ele>
	<time>2020-07-18T13:09:16.999Z</time>
	<hdop>3.00</hdop>
	<extensions>
		<gpxtpx:TrackPointExtension>
			<gpxtpx:course>59.558006</gpxtpx:course>
		</gpxtpx:TrackPointExtension>
	</extensions>
</trkpt>
<trkpt lat="50.7909422" lon="14.1027846">
	<ele>690.36</ele>
	<time>2020-07-18T13:09:21.999Z</time>
	<hdop>3.00</hdop>
	<extensions>
		<gpxtpx:TrackPointExtension>
			<gpxtpx:course>68.19453</gpxtpx:course>
		</gpxtpx:TrackPointExtension>
	</extensions>
</trkpt>
<trkpt lat="50.7909799" lon="14.1029649">
	<ele>690.89</ele>
	<time>2020-07-18T13:09:26.999Z</time>
	<hdop>4.00</hdop>
	<extensions>
		<gpxtpx:TrackPointExtension>
			<gpxtpx:course>74.683075</gpxtpx:course>
		</gpxtpx:TrackPointExtension>
	</extensions>
</trkpt>
<trkpt lat="50.7909931" lon="14.1031661">
	<ele>690.97</ele>
	<time>2020-07-18T13:09:31.999Z</time>
	<hdop>4.00</hdop>
	<extensions>
		<gpxtpx:TrackPointExtension>
			<gpxtpx:course>88.23738</gpxtpx:course>
		</gpxtpx:TrackPointExtension>
	</extensions>
</trkpt>
<trkpt lat="50.7910322" lon="14.1034192">
	<ele>691.67</ele>
	<time>2020-07-18T13:09:36.999Z</time>
	<hdop>4.00</hdop>
	<extensions>
		<gpxtpx:TrackPointExtension>
			<gpxtpx:course>78.94369</gpxtpx:course>
		</gpxtpx:TrackPointExtension>
	</extensions>
</trkpt>
<trkpt lat="50.7910510" lon="14.1036322">
	<ele>692.87</ele>
	<time>2020-07-18T13:09:41.999Z</time>
	<hdop>3.00</hdop>
	<extensions>
		<gpxtpx:TrackPointExtension>
			<gpxtpx:course>95.124886</gpxtpx:course>
		</gpxtpx:TrackPointExtension>
	</extensions>
</trkpt>
<trkpt lat="50.7910512" lon="14.1037919">
	<ele>693.51</ele>
	<time>2020-07-18T13:09:46.999Z</time>
	<hdop>3.00</hdop>
	<extensions>
		<gpxtpx:TrackPointExtension>
			<gpxtpx:course>76.59375</gpxtpx:course>
		</gpxtpx:TrackPointExtension>
	</extensions>
</trkpt>
<trkpt lat="50.7910731" lon="14.1040050">
	<ele>694.14</ele>
	<time>2020-07-18T13:09:51.999Z</time>
	<hdop>4.00</hdop>
	<extensions>
		<gpxtpx:TrackPointExtension>
			<gpxtpx:course>95.44141</gpxtpx:course>
		</gpxtpx:TrackPointExtension>
	</extensions>
</trkpt>
<trkpt lat="50.7910817" lon="14.1042196">
	<ele>694.61</ele>
	<time>2020-07-18T13:09:56.999Z</time>
	<hdop>4.00</hdop>
	<extensions>
		<gpxtpx:TrackPointExtension>
			<gpxtpx:course>77.12467</gpxtpx:course>
		</gpxtpx:TrackPointExtension>
	</extensions>
</trkpt>
<trkpt lat="50.7911119" lon="14.1044291">
	<ele>695.01</ele>
	<time>2020-07-18T13:10:01.999Z</time>
	<hdop>4.00</hdop>
	<extensions>
		<gpxtpx:TrackPointExtension>
			<gpxtpx:course>87.58513</gpxtpx:course>
		</gpxtpx:TrackPointExtension>
	</extensions>
</trkpt>
<trkpt lat="50.7910935" lon="14.1046136">
	<ele>694.62</ele>
	<time>2020-07-18T13:10:06.999Z</time>
	<hdop>3.00</hdop>
	<extensions>
		<gpxtpx:TrackPointExtension>
			<gpxtpx:course>100.28201</gpxtpx:course>
		</gpxtpx:TrackPointExtension>
	</extensions>
</trkpt>
<trkpt lat="50.7910865" lon="14.1047814">
	<ele>694.19</ele>
	<time>2020-07-18T13:10:11.999Z</time>
	<hdop>4.00</hdop>
	<extensions>
		<gpxtpx:TrackPointExtension>
			<gpxtpx:course>75.10416</gpxtpx:course>
		</gpxtpx:TrackPointExtension>
	</extensions>
</trkpt>
<trkpt lat="50.7911406" lon="14.1049117">
	<ele>697.62</ele>
	<time>2020-07-18T13:10:42.999Z</time>
	<hdop>3.00</hdop>
	<extensions>
		<gpxtpx:TrackPointExtension>
			<gpxtpx:course>60.612568</gpxtpx:course>
		</gpxtpx:TrackPointExtension>
	</extensions>
</trkpt>
<trkpt lat="50.7912120" lon="14.1050820">
	<ele>698.08</ele>
	<time>2020-07-18T13:10:47.999Z</time>
	<hdop>4.00</hdop>
	<extensions>
		<gpxtpx:TrackPointExtension>
			<gpxtpx:course>54.682373</gpxtpx:course>
		</gpxtpx:TrackPointExtension>
	</extensions>
</trkpt>
<trkpt lat="50.7912449" lon="14.1053212">
	<ele>698.51</ele>
	<time>2020-07-18T13:10:52.999Z</time>
	<hdop>4.00</hdop>
	<extensions>
		<gpxtpx:TrackPointExtension>
			<gpxtpx:course>104.8528</gpxtpx:course>
		</gpxtpx:TrackPointExtension>
	</extensions>
</trkpt>
<trkpt lat="50.7912032" lon="14.1056050">
	<ele>697.47</ele>
	<time>2020-07-18T13:10:57.999Z</time>
	<hdop>8.00</hdop>
	<extensions>
		<gpxtpx:TrackPointExtension>
			<gpxtpx:course>69.73884</gpxtpx:course>
		</gpxtpx:TrackPointExtension>
	</extensions>
</trkpt>
<trkpt lat="50.7912915" lon="14.1059198">
	<ele>697.06</ele>
	<time>2020-07-18T13:11:02.999Z</time>
	<hdop>12.00</hdop>
	<extensions>
		<gpxtpx:TrackPointExtension>
			<gpxtpx:course>68.696175</gpxtpx:course>
		</gpxtpx:TrackPointExtension>
	</extensions>
</trkpt>
<trkpt lat="50.7913770" lon="14.1062565">
	<ele>697.47</ele>
	<time>2020-07-18T13:11:07.999Z</time>
	<hdop>12.00</hdop>
	<extensions>
		<gpxtpx:TrackPointExtension>
			<gpxtpx:course>67.84035</gpxtpx:course>
		</gpxtpx:TrackPointExtension>
	</extensions>
</trkpt>
<trkpt lat="50.7914974" lon="14.1064675">
	<ele>698.98</ele>
	<time>2020-07-18T13:11:12.999Z</time>
	<hdop>12.00</hdop>
	<extensions>
		<gpxtpx:TrackPointExtension>
			<gpxtpx:course>57.710064</gpxtpx:course>
		</gpxtpx:TrackPointExtension>
	</extensions>
</trkpt>
<trkpt lat="50.7916566" lon="14.1066696">
	<ele>700.08</ele>
	<time>2020-07-18T13:11:17.999Z</time>
	<hdop>12.00</hdop>
	<extensions>
		<gpxtpx:TrackPointExtension>
			<gpxtpx:course>35.565384</gpxtpx:course>
		</gpxtpx:TrackPointExtension>
	</extensions>
</trkpt>
<trkpt lat="50.7918150" lon="14.1068115">
	<ele>700.40</ele>
	<time>2020-07-18T13:11:22.999Z</time>
	<hdop>12.00</hdop>
	<extensions>
		<gpxtpx:TrackPointExtension>
			<gpxtpx:course>38.425842</gpxtpx:course>
		</gpxtpx:TrackPointExtension>
	</extensions>
</trkpt>
<trkpt lat="50.7919834" lon="14.1070028">
	<ele>700.63</ele>
	<time>2020-07-18T13:11:27.999Z</time>
	<hdop>12.00</hdop>
	<extensions>
		<gpxtpx:TrackPointExtension>
			<gpxtpx:course>34.14528</gpxtpx:course>
		</gpxtpx:TrackPointExtension>
	</extensions>
</trkpt>
<trkpt lat="50.7922493" lon="14.1071997">
	<ele>701.88</ele>
	<time>2020-07-18T13:11:32.999Z</time>
	<hdop>12.00</hdop>
	<extensions>
		<gpxtpx:TrackPointExtension>
			<gpxtpx:course>32.02945</gpxtpx:course>
		</gpxtpx:TrackPointExtension>
	</extensions>
</trkpt>
<trkpt lat="50.7924345" lon="14.1073698">
	<ele>702.41</ele>
	<time>2020-07-18T13:11:37.999Z</time>
	<hdop>8.00</hdop>
	<extensions>
		<gpxtpx:TrackPointExtension>
			<gpxtpx:course>37.031578</gpxtpx:course>
		</gpxtpx:TrackPointExtension>
	</extensions>
</trkpt>
<trkpt lat="50.7925845" lon="14.1076090">
	<ele>702.90</ele>
	<time>2020-07-18T13:11:42.999Z</time>
	<hdop>6.00</hdop>
	<extensions>
		<gpxtpx:TrackPointExtension>
			<gpxtpx:course>42.34163</gpxtpx:course>
		</gpxtpx:TrackPointExtension>
	</extensions>
</trkpt>
<trkpt lat="50.7927532" lon="14.1078529">
	<ele>703.15</ele>
	<time>2020-07-18T13:11:47.999Z</time>
	<hdop>6.00</hdop>
	<extensions>
		<gpxtpx:TrackPointExtension>
			<gpxtpx:course>43.029858</gpxtpx:course>
		</gpxtpx:TrackPointExtension>
	</extensions>
</trkpt>
<trkpt lat="50.7928955" lon="14.1080229">
	<ele>703.22</ele>
	<time>2020-07-18T13:11:52.999Z</time>
	<hdop>8.00</hdop>
	<extensions>
		<gpxtpx:TrackPointExtension>
			<gpxtpx:course>38.219788</gpxtpx:course>
		</gpxtpx:TrackPointExtension>
	</extensions>
</trkpt>
<trkpt lat="50.7929844" lon="14.1081336">
	<ele>703.49</ele>
	<time>2020-07-18T13:12:13.999Z</time>
	<hdop>4.00</hdop>
	<extensions>
		<gpxtpx:TrackPointExtension>
			<gpxtpx:course>59.73269</gpxtpx:course>
		</gpxtpx:TrackPointExtension>
	</extensions>
</trkpt>
<trkpt lat="50.7930697" lon="14.1084584">
	<ele>702.37</ele>
	<time>2020-07-18T13:12:18.999Z</time>
	<hdop>6.00</hdop>
	<extensions>
		<gpxtpx:TrackPointExtension>
			<gpxtpx:course>35.167114</gpxtpx:course>
		</gpxtpx:TrackPointExtension>
	</extensions>
</trkpt>
<trkpt lat="50.7932568" lon="14.1087938">
	<ele>701.51</ele>
	<time>2020-07-18T13:12:23.999Z</time>
	<hdop>6.00</hdop>
	<extensions>
		<gpxtpx:TrackPointExtension>
			<gpxtpx:course>61.602978</gpxtpx:course>
		</gpxtpx:TrackPointExtension>
	</extensions>
</trkpt>
<trkpt lat="50.7933422" lon="14.1090049">
	<ele>700.77</ele>
	<time>2020-07-18T13:12:28.999Z</time>
	<hdop>4.00</hdop>
	<extensions>
		<gpxtpx:TrackPointExtension>
			<gpxtpx:course>57.5636</gpxtpx:course>
		</gpxtpx:TrackPointExtension>
	</extensions>
</trkpt>
<trkpt lat="50.7934374" lon="14.1089824">
	<ele>704.52</ele>
	<time>2020-07-18T13:13:04.999Z</time>
	<hdop>4.00</hdop>
	<extensions>
		<gpxtpx:TrackPointExtension>
			<gpxtpx:course>115.83578</gpxtpx:course>
		</gpxtpx:TrackPointExtension>
	</extensions>
</trkpt>
<trkpt lat="50.7934641" lon="14.1091315">
	<ele>704.59</ele>
	<time>2020-07-18T13:13:10.000Z</time>
	<hdop>4.00</hdop>
	<extensions>
		<gpxtpx:TrackPointExtension>
			<gpxtpx:course>56.832005</gpxtpx:course>
		</gpxtpx:TrackPointExtension>
	</extensions>
</trkpt>
<trkpt lat="50.7935158" lon="14.1093642">
	<ele>703.99</ele>
	<time>2020-07-18T13:13:15.000Z</time>
	<hdop>4.00</hdop>
	<extensions>
		<gpxtpx:TrackPointExtension>
			<gpxtpx:course>92.50605</gpxtpx:course>
		</gpxtpx:TrackPointExtension>
	</extensions>
</trkpt>
<trkpt lat="50.7935199" lon="14.1095718">
	<ele>702.28</ele>
	<time>2020-07-18T13:13:20.000Z</time>
	<hdop>4.00</hdop>
	<extensions>
		<gpxtpx:TrackPointExtension>
			<gpxtpx:course>93.293175</gpxtpx:course>
		</gpxtpx:TrackPointExtension>
	</extensions>
</trkpt>
<trkpt lat="50.7935830" lon="14.1098490">
	<ele>701.22</ele>
	<time>2020-07-18T13:13:25.000Z</time>
	<hdop>4.00</hdop>
	<extensions>
		<gpxtpx:TrackPointExtension>
			<gpxtpx:course>68.6368</gpxtpx:course>
		</gpxtpx:TrackPointExtension>
	</extensions>
</trkpt>
<trkpt lat="50.7936503" lon="14.1099866">
	<ele>701.66</ele>
	<time>2020-07-18T13:13:30.000Z</time>
	<hdop>4.00</hdop>
	<extensions>
		<gpxtpx:TrackPointExtension>
			<gpxtpx:course>348.65005</gpxtpx:course>
		</gpxtpx:TrackPointExtension>
	</extensions>
</trkpt>
<trkpt lat="50.7937321" lon="14.1100619">
	<ele>704.43</ele>
	<time>2020-07-18T13:13:35.000Z</time>
	<hdop>8.00</hdop>
	<extensions>
		<gpxtpx:TrackPointExtension>
			<gpxtpx:course>55.749126</gpxtpx:course>
		</gpxtpx:TrackPointExtension>
	</extensions>
</trkpt>
<trkpt lat="50.7937999" lon="14.1101849">
	<ele>704.93</ele>
	<time>2020-07-18T13:13:40.000Z</time>
	<hdop>6.00</hdop>
	<extensions>
		<gpxtpx:TrackPointExtension>
			<gpxtpx:course>62.294296</gpxtpx:course>
		</gpxtpx:TrackPointExtension>
	</extensions>
</trkpt>
<trkpt lat="50.7938885" lon="14.1104268">
	<ele>705.01</ele>
	<time>2020-07-18T13:13:45.000Z</time>
	<hdop>6.00</hdop>
	<extensions>
		<gpxtpx:TrackPointExtension>
			<gpxtpx:course>77.28143</gpxtpx:course>
		</gpxtpx:TrackPointExtension>
	</extensions>
</trkpt>
<trkpt lat="50.7938893" lon="14.1105776">
	<ele>705.08</ele>
	<time>2020-07-18T13:13:54.000Z</time>
	<hdop>6.00</hdop>
	<extensions>
		<gpxtpx:TrackPointExtension>
			<gpxtpx:course>80.45169</gpxtpx:course>
		</gpxtpx:TrackPointExtension>
	</extensions>
</trkpt>
<trkpt lat="50.7939489" lon="14.1106915">
	<ele>705.14</ele>
	<time>2020-07-18T13:14:06.000Z</time>
	<hdop>4.00</hdop>
	<extensions>
		<gpxtpx:TrackPointExtension>
			<gpxtpx:course>50.626835</gpxtpx:course>
		</gpxtpx:TrackPointExtension>
	</extensions>
</trkpt>
<trkpt lat="50.7940236" lon="14.1108386">
	<ele>705.16</ele>
	<time>2020-07-18T13:14:11.000Z</time>
	<hdop>4.00</hdop>
	<extensions>
		<gpxtpx:TrackPointExtension>
			<gpxtpx:course>88.94775</gpxtpx:course>
		</gpxtpx:TrackPointExtension>
	</extensions>
</trkpt>
<trkpt lat="50.7940709" lon="14.1110194">
	<ele>705.12</ele>
	<time>2020-07-18T13:14:16.000Z</time>
	<hdop>4.00</hdop>
	<extensions>
		<gpxtpx:TrackPointExtension>
			<gpxtpx:course>27.73489</gpxtpx:course>
		</gpxtpx:TrackPointExtension>
	</extensions>
</trkpt>
<trkpt lat="50.7941135" lon="14.1112346">
	<ele>704.16</ele>
	<time>2020-07-18T13:14:21.000Z</time>
	<hdop>4.00</hdop>
	<extensions>
		<gpxtpx:TrackPointExtension>
			<gpxtpx:course>62.775223</gpxtpx:course>
		</gpxtpx:TrackPointExtension>
	</extensions>
</trkpt>
<trkpt lat="50.7941618" lon="14.1114841">
	<ele>702.24</ele>
	<time>2020-07-18T13:14:26.000Z</time>
	<hdop>4.00</hdop>
	<extensions>
		<gpxtpx:TrackPointExtension>
			<gpxtpx:course>58.20882</gpxtpx:course>
		</gpxtpx:TrackPointExtension>
	</extensions>
</trkpt>
<trkpt lat="50.7942097" lon="14.1117079">
	<ele>700.90</ele>
	<time>2020-07-18T13:14:31.000Z</time>
	<hdop>4.00</hdop>
	<extensions>
		<gpxtpx:TrackPointExtension>
			<gpxtpx:course>93.99368</gpxtpx:course>
		</gpxtpx:TrackPointExtension>
	</extensions>
</trkpt>
<trkpt lat="50.7942331" lon="14.1118561">
	<ele>700.30</ele>
	<time>2020-07-18T13:14:36.000Z</time>
	<hdop>4.00</hdop>
	<extensions>
		<gpxtpx:TrackPointExtension>
			<gpxtpx:course>69.194725</gpxtpx:course>
		</gpxtpx:TrackPointExtension>
	</extensions>
</trkpt>
<trkpt lat="50.7942493" lon="14.1120332">
	<ele>705.26</ele>
	<time>2020-07-18T13:15:03.000Z</time>
	<hdop>4.00</hdop>
	<extensions>
		<gpxtpx:TrackPointExtension>
			<gpxtpx:course>59.970154</gpxtpx:course>
		</gpxtpx:TrackPointExtension>
	</extensions>
</trkpt>
<trkpt lat="50.7943543" lon="14.1122060">
	<ele>705.27</ele>
	<time>2020-07-18T13:15:08.000Z</time>
	<hdop>4.00</hdop>
	<extensions>
		<gpxtpx:TrackPointExtension>
			<gpxtpx:course>38.656174</gpxtpx:course>
		</gpxtpx:TrackPointExtension>
	</extensions>
</trkpt>
<trkpt lat="50.7944368" lon="14.1123861">
	<ele>705.27</ele>
	<time>2020-07-18T13:15:13.000Z</time>
	<hdop>4.00</hdop>
	<extensions>
		<gpxtpx:TrackPointExtension>
			<gpxtpx:course>51.377125</gpxtpx:course>
		</gpxtpx:TrackPointExtension>
	</extensions>
</trkpt>
<trkpt lat="50.7945359" lon="14.1125471">
	<ele>705.27</ele>
	<time>2020-07-18T13:15:18.000Z</time>
	<hdop>4.00</hdop>
	<extensions>
		<gpxtpx:TrackPointExtension>
			<gpxtpx:course>38.31141</gpxtpx:course>
		</gpxtpx:TrackPointExtension>
	</extensions>
</trkpt>
<trkpt lat="50.7946162" lon="14.1126863">
	<ele>705.26</ele>
	<time>2020-07-18T13:15:23.000Z</time>
	<hdop>4.00</hdop>
	<extensions>
		<gpxtpx:TrackPointExtension>
			<gpxtpx:course>335.54007</gpxtpx:course>
		</gpxtpx:TrackPointExtension>
	</extensions>
</trkpt>
<trkpt lat="50.7946932" lon="14.1127972">
	<ele>705.25</ele>
	<time>2020-07-18T13:15:30.000Z</time>
	<hdop>4.00</hdop>
	<extensions>
		<gpxtpx:TrackPointExtension>
			<gpxtpx:course>53.731194</gpxtpx:course>
		</gpxtpx:TrackPointExtension>
	</extensions>
</trkpt>
<trkpt lat="50.7947813" lon="14.1129350">
	<ele>705.23</ele>
	<time>2020-07-18T13:15:35.000Z</time>
	<hdop>4.00</hdop>
	<extensions>
		<gpxtpx:TrackPointExtension>
			<gpxtpx:course>49.14551</gpxtpx:course>
		</gpxtpx:TrackPointExtension>
	</extensions>
</trkpt>
<trkpt lat="50.7949116" lon="14.1130738">
	<ele>705.22</ele>
	<time>2020-07-18T13:15:40.000Z</time>
	<hdop>4.00</hdop>
	<extensions>
		<gpxtpx:TrackPointExtension>
			<gpxtpx:course>337.15027</gpxtpx:course>
		</gpxtpx:TrackPointExtension>
	</extensions>
</trkpt>
<trkpt lat="50.7950019" lon="14.1130946">
	<ele>705.21</ele>
	<time>2020-07-18T13:15:45.000Z</time>
	<hdop>4.00</hdop>
	<extensions>
		<gpxtpx:TrackPointExtension>
			<gpxtpx:course>69.02616</gpxtpx:course>
		</gpxtpx:TrackPointExtension>
	</extensions>
</trkpt>
<trkpt lat="50.7951054" lon="14.1132366">
	<ele>705.19</ele>
	<time>2020-07-18T13:15:50.000Z</time>
	<hdop>6.00</hdop>
	<extensions>
		<gpxtpx:TrackPointExtension>
			<gpxtpx:course>357.78473</gpxtpx:course>
		</gpxtpx:TrackPointExtension>
	</extensions>
</trkpt>
<trkpt lat="50.7952229" lon="14.1133777">
	<ele>705.17</ele>
	<time>2020-07-18T13:15:55.000Z</time>
	<hdop>8.00</hdop>
	<extensions>
		<gpxtpx:TrackPointExtension>
			<gpxtpx:course>60.700855</gpxtpx:course>
		</gpxtpx:TrackPointExtension>
	</extensions>
</trkpt>
<trkpt lat="50.7953810" lon="14.1136431">
	<ele>705.13</ele>
	<time>2020-07-18T13:16:00.000Z</time>
	<hdop>12.00</hdop>
	<extensions>
		<gpxtpx:TrackPointExtension>
			<gpxtpx:course>50.185585</gpxtpx:course>
		</gpxtpx:TrackPointExtension>
	</extensions>
</trkpt>
<trkpt lat="50.7956268" lon="14.1138402">
	<ele>705.07</ele>
	<time>2020-07-18T13:16:05.000Z</time>
	<hdop>8.00</hdop>
	<extensions>
		<gpxtpx:TrackPointExtension>
			<gpxtpx:course>38.535397</gpxtpx:course>
		</gpxtpx:TrackPointExtension>
	</extensions>
</trkpt>
<trkpt lat="50.7957982" lon="14.1140212">
	<ele>705.00</ele>
	<time>2020-07-18T13:16:10.000Z</time>
	<hdop>6.00</hdop>
	<extensions>
		<gpxtpx:TrackPointExtension>
			<gpxtpx:course>27.507254</gpxtpx:course>
		</gpxtpx:TrackPointExtension>
	</extensions>
</trkpt>
<trkpt lat="50.7959833" lon="14.1142532">
	<ele>704.88</ele>
	<time>2020-07-18T13:16:15.000Z</time>
	<hdop>6.00</hdop>
	<extensions>
		<gpxtpx:TrackPointExtension>
			<gpxtpx:course>25.01553</gpxtpx:course>
		</gpxtpx:TrackPointExtension>
	</extensions>
</trkpt>
<trkpt lat="50.7961232" lon="14.1144633">
	<ele>704.85</ele>
	<time>2020-07-18T13:16:20.000Z</time>
	<hdop>6.00</hdop>
	<extensions>
		<gpxtpx:TrackPointExtension>
			<gpxtpx:course>37.99769</gpxtpx:course>
		</gpxtpx:TrackPointExtension>
	</extensions>
</trkpt>
<trkpt lat="50.7962546" lon="14.1147417">
	<ele>704.65</ele>
	<time>2020-07-18T13:16:25.000Z</time>
	<hdop>6.00</hdop>
	<extensions>
		<gpxtpx:TrackPointExtension>
			<gpxtpx:course>74.863464</gpxtpx:course>
		</gpxtpx:TrackPointExtension>
	</extensions>
</trkpt>
<trkpt lat="50.7963662" lon="14.1150587">
	<ele>702.19</ele>
	<time>2020-07-18T13:16:30.000Z</time>
	<hdop>6.00</hdop>
	<extensions>
		<gpxtpx:TrackPointExtension>
			<gpxtpx:course>62.647724</gpxtpx:course>
		</gpxtpx:TrackPointExtension>
	</extensions>
</trkpt>
<trkpt lat="50.7964830" lon="14.1153656">
	<ele>699.35</ele>
	<time>2020-07-18T13:16:35.000Z</time>
	<hdop>6.00</hdop>
	<extensions>
		<gpxtpx:TrackPointExtension>
			<gpxtpx:course>40.861004</gpxtpx:course>
		</gpxtpx:TrackPointExtension>
	</extensions>
</trkpt>
<trkpt lat="50.7966305" lon="14.1156219">
	<ele>698.06</ele>
	<time>2020-07-18T13:16:40.000Z</time>
	<hdop>6.00</hdop>
	<extensions>
		<gpxtpx:TrackPointExtension>
			<gpxtpx:course>55.21012</gpxtpx:course>
		</gpxtpx:TrackPointExtension>
	</extensions>
</trkpt>
<trkpt lat="50.7967309" lon="14.1158484">
	<ele>697.74</ele>
	<time>2020-07-18T13:16:45.000Z</time>
	<hdop>6.00</hdop>
	<extensions>
		<gpxtpx:TrackPointExtension>
			<gpxtpx:course>77.14368</gpxtpx:course>
		</gpxtpx:TrackPointExtension>
	</extensions>
</trkpt>
<trkpt lat="50.7967832" lon="14.1160078">
	<ele>698.22</ele>
	<time>2020-07-18T13:16:50.000Z</time>
	<hdop>6.00</hdop>
	<extensions>
		<gpxtpx:TrackPointExtension>
			<gpxtpx:course>21.955145</gpxtpx:course>
		</gpxtpx:TrackPointExtension>
	</extensions>
</trkpt>
<trkpt lat="50.7968751" lon="14.1160227">
	<ele>703.22</ele>
	<time>2020-07-18T13:16:55.000Z</time>
	<hdop>6.00</hdop>
	<extensions>
		<gpxtpx:TrackPointExtension>
			<gpxtpx:course>21.287912</gpxtpx:course>
		</gpxtpx:TrackPointExtension>
	</extensions>
</trkpt>
<trkpt lat="50.7969702" lon="14.1159922">
	<ele>704.27</ele>
	<time>2020-07-18T13:17:40.000Z</time>
	<hdop>4.00</hdop>
	<extensions>
		<gpxtpx:TrackPointExtension>
			<gpxtpx:course>327.5999</gpxtpx:course>
		</gpxtpx:TrackPointExtension>
	</extensions>
</trkpt>
<trkpt lat="50.7970601" lon="14.1160293">
	<ele>704.15</ele>
	<time>2020-07-18T13:17:51.000Z</time>
	<hdop>6.00</hdop>
	<extensions>
		<gpxtpx:TrackPointExtension>
			<gpxtpx:course>333.31274</gpxtpx:course>
		</gpxtpx:TrackPointExtension>
	</extensions>
</trkpt>
<trkpt lat="50.7971718" lon="14.1160912">
	<ele>704.14</ele>
	<time>2020-07-18T13:17:56.000Z</time>
	<hdop>6.00</hdop>
	<extensions>
		<gpxtpx:TrackPointExtension>
			<gpxtpx:course>19.71999</gpxtpx:course>
		</gpxtpx:TrackPointExtension>
	</extensions>
</trkpt>
<trkpt lat="50.7972813" lon="14.1161268">
	<ele>703.79</ele>
	<time>2020-07-18T13:18:02.000Z</time>
	<hdop>8.00</hdop>
	<extensions>
		<gpxtpx:TrackPointExtension>
			<gpxtpx:course>358.74625</gpxtpx:course>
		</gpxtpx:TrackPointExtension>
	</extensions>
</trkpt>
<trkpt lat="50.7974406" lon="14.1161135">
	<ele>704.72</ele>
	<time>2020-07-18T13:18:07.000Z</time>
	<hdop>8.00</hdop>
	<extensions>
		<gpxtpx:TrackPointExtension>
			<gpxtpx:course>355.65427</gpxtpx:course>
		</gpxtpx:TrackPointExtension>
	</extensions>
</trkpt>
<trkpt lat="50.7977535" lon="14.1160644">
	<ele>705.40</ele>
	<time>2020-07-18T13:18:12.000Z</time>
	<hdop>8.00</hdop>
	<extensions>
		<gpxtpx:TrackPointExtension>
			<gpxtpx:course>349.65118</gpxtpx:course>
		</gpxtpx:TrackPointExtension>
	</extensions>
</trkpt>
<trkpt lat="50.7979811" lon="14.1158803">
	<ele>705.27</ele>
	<time>2020-07-18T13:18:17.000Z</time>
	<hdop>8.00</hdop>
	<extensions>
		<gpxtpx:TrackPointExtension>
			<gpxtpx:course>330.61835</gpxtpx:course>
		</gpxtpx:TrackPointExtension>
	</extensions>
</trkpt>
<trkpt lat="50.7981020" lon="14.1156820">
	<ele>703.64</ele>
	<time>2020-07-18T13:18:22.000Z</time>
	<hdop>6.00</hdop>
	<extensions>
		<gpxtpx:TrackPointExtension>
			<gpxtpx:course>313.8502</gpxtpx:course>
		</gpxtpx:TrackPointExtension>
	</extensions>
</trkpt>
<trkpt lat="50.7981978" lon="14.1155405">
	<ele>702.80</ele>
	<time>2020-07-18T13:18:27.000Z</time>
	<hdop>6.00</hdop>
	<extensions>
		<gpxtpx:TrackPointExtension>
			<gpxtpx:course>332.85846</gpxtpx:course>
		</gpxtpx:TrackPointExtension>
	</extensions>
</trkpt>
<trkpt lat="50.7983351" lon="14.1154280">
	<ele>702.59</ele>
	<time>2020-07-18T13:18:32.000Z</time>
	<hdop>6.00</hdop>
	<extensions>
		<gpxtpx:TrackPointExtension>
			<gpxtpx:course>334.832</gpxtpx:course>
		</gpxtpx:TrackPointExtension>
	</extensions>
</trkpt>
<trkpt lat="50.7984702" lon="14.1154877">
	<ele>702.47</ele>
	<time>2020-07-18T13:18:37.000Z</time>
	<hdop>8.00</hdop>
	<extensions>
		<gpxtpx:TrackPointExtension>
			<gpxtpx:course>39.334812</gpxtpx:course>
		</gpxtpx:TrackPointExtension>
	</extensions>
</trkpt>
<trkpt lat="50.7985629" lon="14.1156027">
	<ele>702.36</ele>
	<time>2020-07-18T13:18:42.000Z</time>
	<hdop>6.00</hdop>
	<extensions>
		<gpxtpx:TrackPointExtension>
			<gpxtpx:course>32.549107</gpxtpx:course>
		</gpxtpx:TrackPointExtension>
	</extensions>
</trkpt>
<trkpt lat="50.7986496" lon="14.1157135">
	<ele>702.24</ele>
	<time>2020-07-18T13:18:47.000Z</time>
	<hdop>6.00</hdop>
	<extensions>
		<gpxtpx:TrackPointExtension>
			<gpxtpx:course>10.458983</gpxtpx:course>
		</gpxtpx:TrackPointExtension>
	</extensions>
</trkpt>
<trkpt lat="50.7988002" lon="14.1156899">
	<ele>702.12</ele>
	<time>2020-07-18T13:18:52.000Z</time>
	<hdop>6.00</hdop>
	<extensions>
		<gpxtpx:TrackPointExtension>
			<gpxtpx:course>359.18988</gpxtpx:course>
		</gpxtpx:TrackPointExtension>
	</extensions>
</trkpt>
<trkpt lat="50.7989788" lon="14.1157368">
	<ele>701.91</ele>
	<time>2020-07-18T13:18:57.000Z</time>
	<hdop>8.00</hdop>
	<extensions>
		<gpxtpx:TrackPointExtension>
			<gpxtpx:course>4.8242216</gpxtpx:course>
		</gpxtpx:TrackPointExtension>
	</extensions>
</trkpt>
<trkpt lat="50.7991685" lon="14.1157905">
	<ele>701.18</ele>
	<time>2020-07-18T13:19:02.000Z</time>
	<hdop>8.00</hdop>
	<extensions>
		<gpxtpx:TrackPointExtension>
			<gpxtpx:course>8.047243</gpxtpx:course>
		</gpxtpx:TrackPointExtension>
	</extensions>
</trkpt>
<trkpt lat="50.7994282" lon="14.1158381">
	<ele>700.97</ele>
	<time>2020-07-18T13:19:07.000Z</time>
	<hdop>8.00</hdop>
	<extensions>
		<gpxtpx:TrackPointExtension>
			<gpxtpx:course>18.366467</gpxtpx:course>
		</gpxtpx:TrackPointExtension>
	</extensions>
</trkpt>
<trkpt lat="50.7997134" lon="14.1159268">
	<ele>700.66</ele>
	<time>2020-07-18T13:19:12.000Z</time>
	<hdop>8.00</hdop>
	<extensions>
		<gpxtpx:TrackPointExtension>
			<gpxtpx:course>34.924854</gpxtpx:course>
		</gpxtpx:TrackPointExtension>
	</extensions>
</trkpt>
<trkpt lat="50.7998381" lon="14.1162132">
	<ele>700.47</ele>
	<time>2020-07-18T13:19:17.000Z</time>
	<hdop>6.00</hdop>
	<extensions>
		<gpxtpx:TrackPointExtension>
			<gpxtpx:course>74.01755</gpxtpx:course>
		</gpxtpx:TrackPointExtension>
	</extensions>
</trkpt>
<trkpt lat="50.7999307" lon="14.1164676">
	<ele>700.37</ele>
	<time>2020-07-18T13:19:22.000Z</time>
	<hdop>6.00</hdop>
	<extensions>
		<gpxtpx:TrackPointExtension>
			<gpxtpx:course>30.760654</gpxtpx:course>
		</gpxtpx:TrackPointExtension>
	</extensions>
</trkpt>
<trkpt lat="50.8001028" lon="14.1167375">
	<ele>699.79</ele>
	<time>2020-07-18T13:19:27.000Z</time>
	<hdop>6.00</hdop>
	<extensions>
		<gpxtpx:TrackPointExtension>
			<gpxtpx:course>71.06038</gpxtpx:course>
		</gpxtpx:TrackPointExtension>
	</extensions>
</trkpt>
<trkpt lat="50.8001410" lon="14.1171433">
	<ele>699.43</ele>
	<time>2020-07-18T13:19:32.000Z</time>
	<hdop>6.00</hdop>
	<extensions>
		<gpxtpx:TrackPointExtension>
			<gpxtpx:course>97.84635</gpxtpx:course>
		</gpxtpx:TrackPointExtension>
	</extensions>
</trkpt>
<trkpt lat="50.8001379" lon="14.1175342">
	<ele>699.24</ele>
	<time>2020-07-18T13:19:37.000Z</time>
	<hdop>6.00</hdop>
	<extensions>
		<gpxtpx:TrackPointExtension>
			<gpxtpx:course>99.99263</gpxtpx:course>
		</gpxtpx:TrackPointExtension>
	</extensions>
</trkpt>
<trkpt lat="50.8000944" lon="14.1179071">
	<ele>698.89</ele>
	<time>2020-07-18T13:19:42.000Z</time>
	<hdop>6.00</hdop>
	<extensions>
		<gpxtpx:TrackPointExtension>
			<gpxtpx:course>86.62143</gpxtpx:course>
		</gpxtpx:TrackPointExtension>
	</extensions>
</trkpt>
<trkpt lat="50.8001711" lon="14.1182449">
	<ele>697.27</ele>
	<time>2020-07-18T13:19:47.000Z</time>
	<hdop>6.00</hdop>
	<extensions>
		<gpxtpx:TrackPointExtension>
			<gpxtpx:course>60.984524</gpxtpx:course>
		</gpxtpx:TrackPointExtension>
	</extensions>
</trkpt>
<trkpt lat="50.8002377" lon="14.1185284">
	<ele>695.42</ele>
	<time>2020-07-18T13:19:52.000Z</time>
	<hdop>6.00</hdop>
	<extensions>
		<gpxtpx:TrackPointExtension>
			<gpxtpx:course>101.46275</gpxtpx:course>
		</gpxtpx:TrackPointExtension>
	</extensions>
</trkpt>
<trkpt lat="50.8002772" lon="14.1186884">
	<ele>695.59</ele>
	<time>2020-07-18T13:19:57.000Z</time>
	<hdop>6.00</hdop>
	<extensions>
		<gpxtpx:TrackPointExtension>
			<gpxtpx:course>58.043358</gpxtpx:course>
		</gpxtpx:TrackPointExtension>
	</extensions>
</trkpt>
<trkpt lat="50.8003875" lon="14.1188844">
	<ele>694.94</ele>
	<time>2020-07-18T13:20:02.000Z</time>
	<hdop>6.00</hdop>
	<extensions>
		<gpxtpx:TrackPointExtension>
			<gpxtpx:course>57.160698</gpxtpx:course>
		</gpxtpx:TrackPointExtension>
	</extensions>
</trkpt>
<trkpt lat="50.8004253" lon="14.1190234">
	<ele>694.92</ele>
	<time>2020-07-18T13:20:07.000Z</time>
	<hdop>6.00</hdop>
	<extensions>
		<gpxtpx:TrackPointExtension>
			<gpxtpx:course>63.368523</gpxtpx:course>
		</gpxtpx:TrackPointExtension>
	</extensions>
</trkpt>
<trkpt lat="50.8004359" lon="14.1191719">
	<ele>696.85</ele>
	<time>2020-07-18T13:20:12.000Z</time>
	<hdop>6.00</hdop>
	<extensions>
		<gpxtpx:TrackPointExtension>
			<gpxtpx:course>99.033806</gpxtpx:course>
		</gpxtpx:TrackPointExtension>
	</extensions>
</trkpt>
<trkpt lat="50.8004502" lon="14.1193147">
	<ele>697.97</ele>
	<time>2020-07-18T13:20:18.000Z</time>
	<hdop>4.00</hdop>
	<extensions>
		<gpxtpx:TrackPointExtension>
			<gpxtpx:course>102.5364</gpxtpx:course>
		</gpxtpx:TrackPointExtension>
	</extensions>
</trkpt>
<trkpt lat="50.8004590" lon="14.1194608">
	<ele>697.95</ele>
	<time>2020-07-18T13:20:43.000Z</time>
	<hdop>4.00</hdop>
	<extensions>
		<gpxtpx:TrackPointExtension>
			<gpxtpx:course>102.97495</gpxtpx:course>
		</gpxtpx:TrackPointExtension>
	</extensions>
</trkpt>
<trkpt lat="50.8004394" lon="14.1196286">
	<ele>697.48</ele>
	<time>2020-07-18T13:20:51.000Z</time>
	<hdop>4.00</hdop>
	<extensions>
		<gpxtpx:TrackPointExtension>
			<gpxtpx:course>101.87384</gpxtpx:course>
		</gpxtpx:TrackPointExtension>
	</extensions>
</trkpt>
<trkpt lat="50.8004803" lon="14.1197668">
	<ele>695.30</ele>
	<time>2020-07-18T13:21:03.000Z</time>
	<hdop>4.00</hdop>
	<extensions>
		<gpxtpx:TrackPointExtension>
			<gpxtpx:course>67.9158</gpxtpx:course>
		</gpxtpx:TrackPointExtension>
	</extensions>
</trkpt>
<trkpt lat="50.8004854" lon="14.1199210">
	<ele>695.06</ele>
	<time>2020-07-18T13:21:16.000Z</time>
	<hdop>4.00</hdop>
	<extensions>
		<gpxtpx:TrackPointExtension>
			<gpxtpx:course>89.23784</gpxtpx:course>
		</gpxtpx:TrackPointExtension>
	</extensions>
</trkpt>
<trkpt lat="50.8004776" lon="14.1200812">
	<ele>695.04</ele>
	<time>2020-07-18T13:21:28.000Z</time>
	<hdop>4.00</hdop>
	<extensions>
		<gpxtpx:TrackPointExtension>
			<gpxtpx:course>93.6914</gpxtpx:course>
		</gpxtpx:TrackPointExtension>
	</extensions>
</trkpt>
<trkpt lat="50.8004229" lon="14.1202033">
	<ele>694.09</ele>
	<time>2020-07-18T13:21:43.000Z</time>
	<hdop>4.00</hdop>
	<extensions>
		<gpxtpx:TrackPointExtension>
			<gpxtpx:course>124.80011</gpxtpx:course>
		</gpxtpx:TrackPointExtension>
	</extensions>
</trkpt>
<trkpt lat="50.8004066" lon="14.1203599">
	<ele>693.05</ele>
	<time>2020-07-18T13:21:58.000Z</time>
	<hdop>4.00</hdop>
	<extensions>
		<gpxtpx:TrackPointExtension>
			<gpxtpx:course>80.798294</gpxtpx:course>
		</gpxtpx:TrackPointExtension>
	</extensions>
</trkpt>
<trkpt lat="50.8004195" lon="14.1205556">
	<ele>690.30</ele>
	<time>2020-07-18T13:22:04.000Z</time>
	<hdop>4.00</hdop>
	<extensions>
		<gpxtpx:TrackPointExtension>
			<gpxtpx:course>69.12509</gpxtpx:course>
		</gpxtpx:TrackPointExtension>
	</extensions>
</trkpt>
<trkpt lat="50.8004151" lon="14.1207271">
	<ele>687.31</ele>
	<time>2020-07-18T13:22:09.000Z</time>
	<hdop>4.00</hdop>
	<extensions>
		<gpxtpx:TrackPointExtension>
			<gpxtpx:course>111.88959</gpxtpx:course>
		</gpxtpx:TrackPointExtension>
	</extensions>
</trkpt>
<trkpt lat="50.8003964" lon="14.1208875">
	<ele>690.98</ele>
	<time>2020-07-18T13:22:26.000Z</time>
	<hdop>4.00</hdop>
	<extensions>
		<gpxtpx:TrackPointExtension>
			<gpxtpx:course>107.56616</gpxtpx:course>
		</gpxtpx:TrackPointExtension>
	</extensions>
</trkpt>
<trkpt lat="50.8003452" lon="14.1210807">
	<ele>690.47</ele>
	<time>2020-07-18T13:22:31.000Z</time>
	<hdop>4.00</hdop>
	<extensions>
		<gpxtpx:TrackPointExtension>
			<gpxtpx:course>106.06712</gpxtpx:course>
		</gpxtpx:TrackPointExtension>
	</extensions>
</trkpt>
<trkpt lat="50.8003325" lon="14.1212361">
	<ele>689.57</ele>
	<time>2020-07-18T13:22:37.000Z</time>
	<hdop>6.00</hdop>
	<extensions>
		<gpxtpx:TrackPointExtension>
			<gpxtpx:course>114.599495</gpxtpx:course>
		</gpxtpx:TrackPointExtension>
	</extensions>
</trkpt>
<trkpt lat="50.8003661" lon="14.1215163">
	<ele>686.35</ele>
	<time>2020-07-18T13:22:42.000Z</time>
	<hdop>6.00</hdop>
	<extensions>
		<gpxtpx:TrackPointExtension>
			<gpxtpx:course>68.054405</gpxtpx:course>
		</gpxtpx:TrackPointExtension>
	</extensions>
</trkpt>
<trkpt lat="50.8003956" lon="14.1217144">
	<ele>684.41</ele>
	<time>2020-07-18T13:22:47.000Z</time>
	<hdop>6.00</hdop>
	<extensions>
		<gpxtpx:TrackPointExtension>
			<gpxtpx:course>75.51719</gpxtpx:course>
		</gpxtpx:TrackPointExtension>
	</extensions>
</trkpt>
<trkpt lat="50.8004516" lon="14.1219395">
	<ele>684.35</ele>
	<time>2020-07-18T13:22:52.000Z</time>
	<hdop>6.00</hdop>
	<extensions>
		<gpxtpx:TrackPointExtension>
			<gpxtpx:course>60.959576</gpxtpx:course>
		</gpxtpx:TrackPointExtension>
	</extensions>
</trkpt>
<trkpt lat="50.8004755" lon="14.1221039">
	<ele>686.86</ele>
	<time>2020-07-18T13:23:06.000Z</time>
	<hdop>4.00</hdop>
	<extensions>
		<gpxtpx:TrackPointExtension>
			<gpxtpx:course>119.11089</gpxtpx:course>
		</gpxtpx:TrackPointExtension>
	</extensions>
</trkpt>
<trkpt lat="50.8004449" lon="14.1222468">
	<ele>685.07</ele>
	<time>2020-07-18T13:23:12.000Z</time>
	<hdop>4.00</hdop>
	<extensions>
		<gpxtpx:TrackPointExtension>
			<gpxtpx:course>60.637913</gpxtpx:course>
		</gpxtpx:TrackPointExtension>
	</extensions>
</trkpt>
<trkpt lat="50.8004524" lon="14.1224369">
	<ele>683.55</ele>
	<time>2020-07-18T13:23:17.000Z</time>
	<hdop>6.00</hdop>
	<extensions>
		<gpxtpx:TrackPointExtension>
			<gpxtpx:course>80.56482</gpxtpx:course>
		</gpxtpx:TrackPointExtension>
	</extensions>
</trkpt>
<trkpt lat="50.8005126" lon="14.1226391">
	<ele>682.00</ele>
	<time>2020-07-18T13:23:22.000Z</time>
	<hdop>6.00</hdop>
	<extensions>
		<gpxtpx:TrackPointExtension>
			<gpxtpx:course>45.699688</gpxtpx:course>
		</gpxtpx:TrackPointExtension>
	</extensions>
</trkpt>
<trkpt lat="50.8005980" lon="14.1229304">
	<ele>678.05</ele>
	<time>2020-07-18T13:23:27.000Z</time>
	<hdop>6.00</hdop>
	<extensions>
		<gpxtpx:TrackPointExtension>
			<gpxtpx:course>64.81323</gpxtpx:course>
		</gpxtpx:TrackPointExtension>
	</extensions>
</trkpt>
<trkpt lat="50.8006776" lon="14.1231827">
	<ele>676.57</ele>
	<time>2020-07-18T13:23:32.000Z</time>
	<hdop>6.00</hdop>
	<extensions>
		<gpxtpx:TrackPointExtension>
			<gpxtpx:course>62.36255</gpxtpx:course>
		</gpxtpx:TrackPointExtension>
	</extensions>
</trkpt>
<trkpt lat="50.8007237" lon="14.1234348">
	<ele>675.23</ele>
	<time>2020-07-18T13:23:37.000Z</time>
	<hdop>6.00</hdop>
	<extensions>
		<gpxtpx:TrackPointExtension>
			<gpxtpx:course>87.69578</gpxtpx:course>
		</gpxtpx:TrackPointExtension>
	</extensions>
</trkpt>
<trkpt lat="50.8007904" lon="14.1237266">
	<ele>673.60</ele>
	<time>2020-07-18T13:23:42.000Z</time>
	<hdop>8.00</hdop>
	<extensions>
		<gpxtpx:TrackPointExtension>
			<gpxtpx:course>72.23269</gpxtpx:course>
		</gpxtpx:TrackPointExtension>
	</extensions>
</trkpt>
<trkpt lat="50.8008288" lon="14.1240002">
	<ele>671.16</ele>
	<time>2020-07-18T13:23:47.000Z</time>
	<hdop>8.00</hdop>
	<extensions>
		<gpxtpx:TrackPointExtension>
			<gpxtpx:course>81.50426</gpxtpx:course>
		</gpxtpx:TrackPointExtension>
	</extensions>
</trkpt>
<trkpt lat="50.8009295" lon="14.1244106">
	<ele>668.89</ele>
	<time>2020-07-18T13:23:52.000Z</time>
	<hdop>8.00</hdop>
	<extensions>
		<gpxtpx:TrackPointExtension>
			<gpxtpx:course>70.45703</gpxtpx:course>
		</gpxtpx:TrackPointExtension>
	</extensions>
</trkpt>
<trkpt lat="50.8010935" lon="14.1248726">
	<ele>662.58</ele>
	<time>2020-07-18T13:23:57.000Z</time>
	<hdop>8.00</hdop>
	<extensions>
		<gpxtpx:TrackPointExtension>
			<gpxtpx:course>79.67288</gpxtpx:course>
		</gpxtpx:TrackPointExtension>
	</extensions>
</trkpt>
<trkpt lat="50.8011367" lon="14.1253550">
	<ele>659.16</ele>
	<time>2020-07-18T13:24:02.000Z</time>
	<hdop>8.00</hdop>
	<extensions>
		<gpxtpx:TrackPointExtension>
			<gpxtpx:course>80.93514</gpxtpx:course>
		</gpxtpx:TrackPointExtension>
	</extensions>
</trkpt>
<trkpt lat="50.8012495" lon="14.1258170">
	<ele>655.11</ele>
	<time>2020-07-18T13:24:07.000Z</time>
	<hdop>8.00</hdop>
	<extensions>
		<gpxtpx:TrackPointExtension>
			<gpxtpx:course>61.964527</gpxtpx:course>
		</gpxtpx:TrackPointExtension>
	</extensions>
</trkpt>
<trkpt lat="50.8013857" lon="14.1262567">
	<ele>647.82</ele>
	<time>2020-07-18T13:24:12.000Z</time>
	<hdop>6.00</hdop>
	<extensions>
		<gpxtpx:TrackPointExtension>
			<gpxtpx:course>61.060783</gpxtpx:course>
		</gpxtpx:TrackPointExtension>
	</extensions>
</trkpt>
<trkpt lat="50.8014911" lon="14.1266213">
	<ele>641.42</ele>
	<time>2020-07-18T13:24:17.000Z</time>
	<hdop>6.00</hdop>
	<extensions>
		<gpxtpx:TrackPointExtension>
			<gpxtpx:course>73.2461</gpxtpx:course>
		</gpxtpx:TrackPointExtension>
	</extensions>
</trkpt>
<trkpt lat="50.8015831" lon="14.1269787">
	<ele>630.10</ele>
	<time>2020-07-18T13:24:22.000Z</time>
	<hdop>6.00</hdop>
	<extensions>
		<gpxtpx:TrackPointExtension>
			<gpxtpx:course>99.956474</gpxtpx:course>
		</gpxtpx:TrackPointExtension>
	</extensions>
</trkpt>
<trkpt lat="50.8015734" lon="14.1272658">
	<ele>623.81</ele>
	<time>2020-07-18T13:24:27.000Z</time>
	<hdop>6.00</hdop>
	<extensions>
		<gpxtpx:TrackPointExtension>
			<gpxtpx:course>97.8522</gpxtpx:course>
		</gpxtpx:TrackPointExtension>
	</extensions>
</trkpt>
<trkpt lat="50.8015573" lon="14.1276922">
	<ele>619.77</ele>
	<time>2020-07-18T13:24:32.000Z</time>
	<hdop>6.00</hdop>
	<extensions>
		<gpxtpx:TrackPointExtension>
			<gpxtpx:course>79.93438</gpxtpx:course>
		</gpxtpx:TrackPointExtension>
	</extensions>
</trkpt>
<trkpt lat="50.8016401" lon="14.1281473">
	<ele>615.66</ele>
	<time>2020-07-18T13:24:37.000Z</time>
	<hdop>6.00</hdop>
	<extensions>
		<gpxtpx:TrackPointExtension>
			<gpxtpx:course>75.90845</gpxtpx:course>
		</gpxtpx:TrackPointExtension>
	</extensions>
</trkpt>
<trkpt lat="50.8016984" lon="14.1284664">
	<ele>613.96</ele>
	<time>2020-07-18T13:24:42.000Z</time>
	<hdop>6.00</hdop>
	<extensions>
		<gpxtpx:TrackPointExtension>
			<gpxtpx:course>86.46333</gpxtpx:course>
		</gpxtpx:TrackPointExtension>
	</extensions>
</trkpt>
<trkpt lat="50.8017543" lon="14.1288691">
	<ele>612.54</ele>
	<time>2020-07-18T13:24:47.000Z</time>
	<hdop>6.00</hdop>
	<extensions>
		<gpxtpx:TrackPointExtension>
			<gpxtpx:course>48.971798</gpxtpx:course>
		</gpxtpx:TrackPointExtension>
	</extensions>
</trkpt>
<trkpt lat="50.8020162" lon="14.1289048">
	<ele>611.28</ele>
	<time>2020-07-18T13:24:52.000Z</time>
	<hdop>6.00</hdop>
	<extensions>
		<gpxtpx:TrackPointExtension>
			<gpxtpx:course>328.0397</gpxtpx:course>
		</gpxtpx:TrackPointExtension>
	</extensions>
</trkpt>
<trkpt lat="50.8022116" lon="14.1287722">
	<ele>609.75</ele>
	<time>2020-07-18T13:24:57.000Z</time>
	<hdop>6.00</hdop>
	<extensions>
		<gpxtpx:TrackPointExtension>
			<gpxtpx:course>329.22266</gpxtpx:course>
		</gpxtpx:TrackPointExtension>
	</extensions>
</trkpt>
<trkpt lat="50.8024037" lon="14.1285704">
	<ele>607.60</ele>
	<time>2020-07-18T13:25:02.000Z</time>
	<hdop>6.00</hdop>
	<extensions>
		<gpxtpx:TrackPointExtension>
			<gpxtpx:course>328.63083</gpxtpx:course>
		</gpxtpx:TrackPointExtension>
	</extensions>
</trkpt>
<trkpt lat="50.8025970" lon="14.1283355">
	<ele>606.68</ele>
	<time>2020-07-18T13:25:07.000Z</time>
	<hdop>6.00</hdop>
	<extensions>
		<gpxtpx:TrackPointExtension>
			<gpxtpx:course>315.63782</gpxtpx:course>
		</gpxtpx:TrackPointExtension>
	</extensions>
</trkpt>
<trkpt lat="50.8028083" lon="14.1280806">
	<ele>605.22</ele>
	<time>2020-07-18T13:25:12.000Z</time>
	<hdop>6.00</hdop>
	<extensions>
		<gpxtpx:TrackPointExtension>
			<gpxtpx:course>325.8721</gpxtpx:course>
		</gpxtpx:TrackPointExtension>
	</extensions>
</trkpt>
<trkpt lat="50.8030569" lon="14.1277779">
	<ele>602.41</ele>
	<time>2020-07-18T13:25:17.000Z</time>
	<hdop>6.00</hdop>
	<extensions>
		<gpxtpx:TrackPointExtension>
			<gpxtpx:course>315.55823</gpxtpx:course>
		</gpxtpx:TrackPointExtension>
	</extensions>
</trkpt>
<trkpt lat="50.8032176" lon="14.1275239">
	<ele>599.62</ele>
	<time>2020-07-18T13:25:22.000Z</time>
	<hdop>6.00</hdop>
	<extensions>
		<gpxtpx:TrackPointExtension>
			<gpxtpx:course>329.38962</gpxtpx:course>
		</gpxtpx:TrackPointExtension>
	</extensions>
</trkpt>
<trkpt lat="50.8034516" lon="14.1272361">
	<ele>597.50</ele>
	<time>2020-07-18T13:25:27.000Z</time>
	<hdop>6.00</hdop>
	<extensions>
		<gpxtpx:TrackPointExtension>
			<gpxtpx:course>319.495</gpxtpx:course>
		</gpxtpx:TrackPointExtension>
	</extensions>
</trkpt>
<trkpt lat="50.8036276" lon="14.1269298">
	<ele>596.32</ele>
	<time>2020-07-18T13:25:32.000Z</time>
	<hdop>6.00</hdop>
	<extensions>
		<gpxtpx:TrackPointExtension>
			<gpxtpx:course>321.57678</gpxtpx:course>
		</gpxtpx:TrackPointExtension>
	</extensions>
</trkpt>
<trkpt lat="50.8038373" lon="14.1267165">
	<ele>594.11</ele>
	<time>2020-07-18T13:25:37.000Z</time>
	<hdop>6.00</hdop>
	<extensions>
		<gpxtpx:TrackPointExtension>
			<gpxtpx:course>358.87897</gpxtpx:course>
		</gpxtpx:TrackPointExtension>
	</extensions>
</trkpt>
<trkpt lat="50.8040877" lon="14.1267059">
	<ele>592.14</ele>
	<time>2020-07-18T13:25:42.000Z</time>
	<hdop>6.00</hdop>
	<extensions>
		<gpxtpx:TrackPointExtension>
			<gpxtpx:course>19.290197</gpxtpx:course>
		</gpxtpx:TrackPointExtension>
	</extensions>
</trkpt>
<trkpt lat="50.8043869" lon="14.1268282">
	<ele>590.62</ele>
	<time>2020-07-18T13:25:47.000Z</time>
	<hdop>6.00</hdop>
	<extensions>
		<gpxtpx:TrackPointExtension>
			<gpxtpx:course>7.4404488</gpxtpx:course>
		</gpxtpx:TrackPointExtension>
	</extensions>
</trkpt>
<trkpt lat="50.8046936" lon="14.1269942">
	<ele>589.19</ele>
	<time>2020-07-18T13:25:52.000Z</time>
	<hdop>6.00</hdop>
	<extensions>
		<gpxtpx:TrackPointExtension>
			<gpxtpx:course>3.9776444</gpxtpx:course>
		</gpxtpx:TrackPointExtension>
	</extensions>
</trkpt>
<trkpt lat="50.8050064" lon="14.1270180">
	<ele>587.94</ele>
	<time>2020-07-18T13:25:57.000Z</time>
	<hdop>8.00</hdop>
	<extensions>
		<gpxtpx:TrackPointExtension>
			<gpxtpx:course>9.51711</gpxtpx:course>
		</gpxtpx:TrackPointExtension>
	</extensions>
</trkpt>
<trkpt lat="50.8053745" lon="14.1271023">
	<ele>586.65</ele>
	<time>2020-07-18T13:26:02.000Z</time>
	<hdop>8.00</hdop>
	<extensions>
		<gpxtpx:TrackPointExtension>
			<gpxtpx:course>3.0495749</gpxtpx:course>
		</gpxtpx:TrackPointExtension>
	</extensions>
</trkpt>
<trkpt lat="50.8056173" lon="14.1270773">
	<ele>585.75</ele>
	<time>2020-07-18T13:26:07.000Z</time>
	<hdop>8.00</hdop>
	<extensions>
		<gpxtpx:TrackPointExtension>
			<gpxtpx:course>346.81158</gpxtpx:course>
		</gpxtpx:TrackPointExtension>
	</extensions>
</trkpt>
<trkpt lat="50.8058274" lon="14.1268148">
	<ele>583.64</ele>
	<time>2020-07-18T13:26:12.000Z</time>
	<hdop>6.00</hdop>
	<extensions>
		<gpxtpx:TrackPointExtension>
			<gpxtpx:course>314.0898</gpxtpx:course>
		</gpxtpx:TrackPointExtension>
	</extensions>
</trkpt>
<trkpt lat="50.8058887" lon="14.1266102">
	<ele>581.51</ele>
	<time>2020-07-18T13:26:17.000Z</time>
	<hdop>6.00</hdop>
	<extensions>
		<gpxtpx:TrackPointExtension>
			<gpxtpx:course>268.67215</gpxtpx:course>
		</gpxtpx:TrackPointExtension>
	</extensions>
</trkpt>
<trkpt lat="50.8060144" lon="14.1263072">
	<ele>579.88</ele>
	<time>2020-07-18T13:26:22.000Z</time>
	<hdop>6.00</hdop>
	<extensions>
		<gpxtpx:TrackPointExtension>
			<gpxtpx:course>336.4749</gpxtpx:course>
		</gpxtpx:TrackPointExtension>
	</extensions>
</trkpt>
<trkpt lat="50.8062735" lon="14.1261876">
	<ele>576.68</ele>
	<time>2020-07-18T13:26:27.000Z</time>
	<hdop>6.00</hdop>
	<extensions>
		<gpxtpx:TrackPointExtension>
			<gpxtpx:course>30.588705</gpxtpx:course>
		</gpxtpx:TrackPointExtension>
	</extensions>
</trkpt>
<trkpt lat="50.8066465" lon="14.1261360">
	<ele>575.14</ele>
	<time>2020-07-18T13:26:32.000Z</time>
	<hdop>12.00</hdop>
	<extensions>
		<gpxtpx:TrackPointExtension>
			<gpxtpx:course>337.802</gpxtpx:course>
		</gpxtpx:TrackPointExtension>
	</extensions>
</trkpt>
<trkpt lat="50.8069028" lon="14.1259180">
	<ele>572.49</ele>
	<time>2020-07-18T13:26:37.000Z</time>
	<hdop>12.00</hdop>
	<extensions>
		<gpxtpx:TrackPointExtension>
			<gpxtpx:course>354.64267</gpxtpx:course>
		</gpxtpx:TrackPointExtension>
	</extensions>
</trkpt>
<trkpt lat="50.8071397" lon="14.1258178">
	<ele>571.26</ele>
	<time>2020-07-18T13:26:42.000Z</time>
	<hdop>12.00</hdop>
	<extensions>
		<gpxtpx:TrackPointExtension>
			<gpxtpx:course>346.6195</gpxtpx:course>
		</gpxtpx:TrackPointExtension>
	</extensions>
</trkpt>
<trkpt lat="50.8074863" lon="14.1258741">
	<ele>567.34</ele>
	<time>2020-07-18T13:26:47.000Z</time>
	<hdop>12.00</hdop>
	<extensions>
		<gpxtpx:TrackPointExtension>
			<gpxtpx:course>29.421131</gpxtpx:course>
		</gpxtpx:TrackPointExtension>
	</extensions>
</trkpt>
<trkpt lat="50.8077946" lon="14.1260056">
	<ele>562.71</ele>
	<time>2020-07-18T13:26:52.000Z</time>
	<hdop>8.00</hdop>
	<extensions>
		<gpxtpx:TrackPointExtension>
			<gpxtpx:course>4.99117</gpxtpx:course>
		</gpxtpx:TrackPointExtension>
	</extensions>
</trkpt>
<trkpt lat="50.8080701" lon="14.1260251">
	<ele>559.02</ele>
	<time>2020-07-18T13:26:57.000Z</time>
	<hdop>12.00</hdop>
	<extensions>
		<gpxtpx:TrackPointExtension>
			<gpxtpx:course>5.834664</gpxtpx:course>
		</gpxtpx:TrackPointExtension>
	</extensions>
</trkpt>
<trkpt lat="50.8083543" lon="14.1261397">
	<ele>552.81</ele>
	<time>2020-07-18T13:27:02.000Z</time>
	<hdop>8.00</hdop>
	<extensions>
		<gpxtpx:TrackPointExtension>
			<gpxtpx:course>8.906955</gpxtpx:course>
		</gpxtpx:TrackPointExtension>
	</extensions>
</trkpt>
<trkpt lat="50.8084658" lon="14.1261798">
	<ele>547.93</ele>
	<time>2020-07-18T13:27:07.000Z</time>
	<hdop>6.00</hdop>
	<extensions>
		<gpxtpx:TrackPointExtension>
			<gpxtpx:course>355.38892</gpxtpx:course>
		</gpxtpx:TrackPointExtension>
	</extensions>
</trkpt>
<trkpt lat="50.8085555" lon="14.1260977">
	<ele>545.18</ele>
	<time>2020-07-18T13:27:15.000Z</time>
	<hdop>6.00</hdop>
	<extensions>
		<gpxtpx:TrackPointExtension>
			<gpxtpx:course>327.7247</gpxtpx:course>
		</gpxtpx:TrackPointExtension>
	</extensions>
</trkpt>
<trkpt lat="50.8086397" lon="14.1260411">
	<ele>544.37</ele>
	<time>2020-07-18T13:27:23.000Z</time>
	<hdop>4.00</hdop>
	<extensions>
		<gpxtpx:TrackPointExtension>
			<gpxtpx:course>348.45172</gpxtpx:course>
		</gpxtpx:TrackPointExtension>
	</extensions>
</trkpt>
<trkpt lat="50.8087291" lon="14.1260055">
	<ele>541.69</ele>
	<time>2020-07-18T13:27:30.000Z</time>
	<hdop>4.00</hdop>
	<extensions>
		<gpxtpx:TrackPointExtension>
			<gpxtpx:course>354.53833</gpxtpx:course>
		</gpxtpx:TrackPointExtension>
	</extensions>
</trkpt>
<trkpt lat="50.8088226" lon="14.1259885">
	<ele>538.31</ele>
	<time>2020-07-18T13:27:38.000Z</time>
	<hdop>4.00</hdop>
	<extensions>
		<gpxtpx:TrackPointExtension>
			<gpxtpx:course>357.70358</gpxtpx:course>
		</gpxtpx:TrackPointExtension>
	</extensions>
</trkpt>
<trkpt lat="50.8089169" lon="14.1259888">
	<ele>536.13</ele>
	<time>2020-07-18T13:27:45.000Z</time>
	<hdop>6.00</hdop>
	<extensions>
		<gpxtpx:TrackPointExtension>
			<gpxtpx:course>0.060491417</gpxtpx:course>
		</gpxtpx:TrackPointExtension>
	</extensions>
</trkpt>
<trkpt lat="50.8090098" lon="14.1260126">
	<ele>534.75</ele>
	<time>2020-07-18T13:27:51.000Z</time>
	<hdop>6.00</hdop>
	<extensions>
		<gpxtpx:TrackPointExtension>
			<gpxtpx:course>359.7733</gpxtpx:course>
		</gpxtpx:TrackPointExtension>
	</extensions>
</trkpt>
<trkpt lat="50.8091026" lon="14.1260151">
	<ele>533.49</ele>
	<time>2020-07-18T13:27:57.000Z</time>
	<hdop>6.00</hdop>
	<extensions>
		<gpxtpx:TrackPointExtension>
			<gpxtpx:course>16.627401</gpxtpx:course>
		</gpxtpx:TrackPointExtension>
	</extensions>
</trkpt>
<trkpt lat="50.8091985" lon="14.1260706">
	<ele>532.54</ele>
	<time>2020-07-18T13:28:02.000Z</time>
	<hdop>6.00</hdop>
	<extensions>
		<gpxtpx:TrackPointExtension>
			<gpxtpx:course>19.549181</gpxtpx:course>
		</gpxtpx:TrackPointExtension>
	</extensions>
</trkpt>
<trkpt lat="50.8092908" lon="14.1261270">
	<ele>531.67</ele>
	<time>2020-07-18T13:28:07.000Z</time>
	<hdop>6.00</hdop>
	<extensions>
		<gpxtpx:TrackPointExtension>
			<gpxtpx:course>25.394743</gpxtpx:course>
		</gpxtpx:TrackPointExtension>
	</extensions>
</trkpt>
<trkpt lat="50.8093746" lon="14.1262468">
	<ele>530.85</ele>
	<time>2020-07-18T13:28:12.000Z</time>
	<hdop>6.00</hdop>
	<extensions>
		<gpxtpx:TrackPointExtension>
			<gpxtpx:course>49.80667</gpxtpx:course>
		</gpxtpx:TrackPointExtension>
	</extensions>
</trkpt>
<trkpt lat="50.8095022" lon="14.1263536">
	<ele>530.09</ele>
	<time>2020-07-18T13:28:17.000Z</time>
	<hdop>6.00</hdop>
	<extensions>
		<gpxtpx:TrackPointExtension>
			<gpxtpx:course>14.406358</gpxtpx:course>
		</gpxtpx:TrackPointExtension>
	</extensions>
</trkpt>
<trkpt lat="50.8096848" lon="14.1264154">
	<ele>529.39</ele>
	<time>2020-07-18T13:28:22.000Z</time>
	<hdop>8.00</hdop>
	<extensions>
		<gpxtpx:TrackPointExtension>
			<gpxtpx:course>9.598913</gpxtpx:course>
		</gpxtpx:TrackPointExtension>
	</extensions>
</trkpt>
<trkpt lat="50.8099358" lon="14.1264909">
	<ele>528.73</ele>
	<time>2020-07-18T13:28:27.000Z</time>
	<hdop>8.00</hdop>
	<extensions>
		<gpxtpx:TrackPointExtension>
			<gpxtpx:course>11.998793</gpxtpx:course>
		</gpxtpx:TrackPointExtension>
	</extensions>
</trkpt>
<trkpt lat="50.8101329" lon="14.1265906">
	<ele>528.14</ele>
	<time>2020-07-18T13:28:32.000Z</time>
	<hdop>8.00</hdop>
	<extensions>
		<gpxtpx:TrackPointExtension>
			<gpxtpx:course>37.34559</gpxtpx:course>
		</gpxtpx:TrackPointExtension>
	</extensions>
</trkpt>
<trkpt lat="50.8103329" lon="14.1267164">
	<ele>527.59</ele>
	<time>2020-07-18T13:28:37.000Z</time>
	<hdop>8.00</hdop>
	<extensions>
		<gpxtpx:TrackPointExtension>
			<gpxtpx:course>1.4769408</gpxtpx:course>
		</gpxtpx:TrackPointExtension>
	</extensions>
</trkpt>
<trkpt lat="50.8104911" lon="14.1266994">
	<ele>527.09</ele>
	<time>2020-07-18T13:28:42.000Z</time>
	<hdop>6.00</hdop>
	<extensions>
		<gpxtpx:TrackPointExtension>
			<gpxtpx:course>341.85318</gpxtpx:course>
		</gpxtpx:TrackPointExtension>
	</extensions>
</trkpt>
<trkpt lat="50.8106361" lon="14.1266331">
	<ele>526.91</ele>
	<time>2020-07-18T13:28:47.000Z</time>
	<hdop>6.00</hdop>
	<extensions>
		<gpxtpx:TrackPointExtension>
			<gpxtpx:course>351.78406</gpxtpx:course>
		</gpxtpx:TrackPointExtension>
	</extensions>
</trkpt>
<trkpt lat="50.8108290" lon="14.1266442">
	<ele>526.35</ele>
	<time>2020-07-18T13:28:52.000Z</time>
	<hdop>6.00</hdop>
	<extensions>
		<gpxtpx:TrackPointExtension>
			<gpxtpx:course>13.782201</gpxtpx:course>
		</gpxtpx:TrackPointExtension>
	</extensions>
</trkpt>
<trkpt lat="50.8110156" lon="14.1267802">
	<ele>525.83</ele>
	<time>2020-07-18T13:28:57.000Z</time>
	<hdop>6.00</hdop>
	<extensions>
		<gpxtpx:TrackPointExtension>
			<gpxtpx:course>38.111233</gpxtpx:course>
		</gpxtpx:TrackPointExtension>
	</extensions>
</trkpt>
<trkpt lat="50.8111633" lon="14.1271317">
	<ele>523.77</ele>
	<time>2020-07-18T13:29:02.000Z</time>
	<hdop>6.00</hdop>
	<extensions>
		<gpxtpx:TrackPointExtension>
			<gpxtpx:course>72.18491</gpxtpx:course>
		</gpxtpx:TrackPointExtension>
	</extensions>
</trkpt>
<trkpt lat="50.8112622" lon="14.1275129">
	<ele>522.51</ele>
	<time>2020-07-18T13:29:07.000Z</time>
	<hdop>4.00</hdop>
	<extensions>
		<gpxtpx:TrackPointExtension>
			<gpxtpx:course>78.22614</gpxtpx:course>
		</gpxtpx:TrackPointExtension>
	</extensions>
</trkpt>
<trkpt lat="50.8113338" lon="14.1280262">
	<ele>521.96</ele>
	<time>2020-07-18T13:29:12.000Z</time>
	<hdop>6.00</hdop>
	<extensions>
		<gpxtpx:TrackPointExtension>
			<gpxtpx:course>68.49249</gpxtpx:course>
		</gpxtpx:TrackPointExtension>
	</extensions>
</trkpt>
<trkpt lat="50.8114786" lon="14.1285180">
	<ele>521.69</ele>
	<time>2020-07-18T13:29:17.000Z</time>
	<hdop>6.00</hdop>
	<extensions>
		<gpxtpx:TrackPointExtension>
			<gpxtpx:course>63.584225</gpxtpx:course>
		</gpxtpx:TrackPointExtension>
	</extensions>
</trkpt>
<trkpt lat="50.8116218" lon="14.1289765">
	<ele>521.53</ele>
	<time>2020-07-18T13:29:22.000Z</time>
	<hdop>6.00</hdop>
	<extensions>
		<gpxtpx:TrackPointExtension>
			<gpxtpx:course>69.76824</gpxtpx:course>
		</gpxtpx:TrackPointExtension>
	</extensions>
</trkpt>
<trkpt lat="50.8117249" lon="14.1294152">
	<ele>521.37</ele>
	<time>2020-07-18T13:29:27.000Z</time>
	<hdop>6.00</hdop>
	<extensions>
		<gpxtpx:TrackPointExtension>
			<gpxtpx:course>71.418045</gpxtpx:course>
		</gpxtpx:TrackPointExtension>
	</extensions>
</trkpt>
<trkpt lat="50.8118087" lon="14.1298825">
	<ele>521.60</ele>
	<time>2020-07-18T13:29:32.000Z</time>
	<hdop>6.00</hdop>
	<extensions>
		<gpxtpx:TrackPointExtension>
			<gpxtpx:course>79.6462</gpxtpx:course>
		</gpxtpx:TrackPointExtension>
	</extensions>
</trkpt>
<trkpt lat="50.8118794" lon="14.1302902">
	<ele>521.32</ele>
	<time>2020-07-18T13:29:37.000Z</time>
	<hdop>6.00</hdop>
	<extensions>
		<gpxtpx:TrackPointExtension>
			<gpxtpx:course>67.03743</gpxtpx:course>
		</gpxtpx:TrackPointExtension>
	</extensions>
</trkpt>
<trkpt lat="50.8119391" lon="14.1306971">
	<ele>521.26</ele>
	<time>2020-07-18T13:29:42.000Z</time>
	<hdop>6.00</hdop>
	<extensions>
		<gpxtpx:TrackPointExtension>
			<gpxtpx:course>59.61777</gpxtpx:course>
		</gpxtpx:TrackPointExtension>
	</extensions>
</trkpt>
<trkpt lat="50.8120634" lon="14.1311646">
	<ele>521.27</ele>
	<time>2020-07-18T13:29:47.000Z</time>
	<hdop>6.00</hdop>
	<extensions>
		<gpxtpx:TrackPointExtension>
			<gpxtpx:course>71.89192</gpxtpx:course>
		</gpxtpx:TrackPointExtension>
	</extensions>
</trkpt>
<trkpt lat="50.8121769" lon="14.1316451">
	<ele>521.26</ele>
	<time>2020-07-18T13:29:52.000Z</time>
	<hdop>6.00</hdop>
	<extensions>
		<gpxtpx:TrackPointExtension>
			<gpxtpx:course>64.44334</gpxtpx:course>
		</gpxtpx:TrackPointExtension>
	</extensions>
</trkpt>
<trkpt lat="50.8122608" lon="14.1321972">
	<ele>521.23</ele>
	<time>2020-07-18T13:29:57.000Z</time>
	<hdop>6.00</hdop>
	<extensions>
		<gpxtpx:TrackPointExtension>
			<gpxtpx:course>88.59745</gpxtpx:course>
		</gpxtpx:TrackPointExtension>
	</extensions>
</trkpt>
<trkpt lat="50.8122527" lon="14.1326886">
	<ele>521.18</ele>
	<time>2020-07-18T13:30:02.000Z</time>
	<hdop>6.00</hdop>
	<extensions>
		<gpxtpx:TrackPointExtension>
			<gpxtpx:course>83.273056</gpxtpx:course>
		</gpxtpx:TrackPointExtension>
	</extensions>
</trkpt>
<trkpt lat="50.8122666" lon="14.1331485">
	<ele>522.10</ele>
	<time>2020-07-18T13:30:07.000Z</time>
	<hdop>6.00</hdop>
	<extensions>
		<gpxtpx:TrackPointExtension>
			<gpxtpx:course>92.727936</gpxtpx:course>
		</gpxtpx:TrackPointExtension>
	</extensions>
</trkpt>
<trkpt lat="50.8122708" lon="14.1336649">
	<ele>522.47</ele>
	<time>2020-07-18T13:30:12.000Z</time>
	<hdop>6.00</hdop>
	<extensions>
		<gpxtpx:TrackPointExtension>
			<gpxtpx:course>98.118225</gpxtpx:course>
		</gpxtpx:TrackPointExtension>
	</extensions>
</trkpt>
<trkpt lat="50.8122726" lon="14.1341657">
	<ele>521.15</ele>
	<time>2020-07-18T13:30:17.000Z</time>
	<hdop>6.00</hdop>
	<extensions>
		<gpxtpx:TrackPointExtension>
			<gpxtpx:course>89.503746</gpxtpx:course>
		</gpxtpx:TrackPointExtension>
	</extensions>
</trkpt>
<trkpt lat="50.8122768" lon="14.1346524">
	<ele>520.64</ele>
	<time>2020-07-18T13:30:22.000Z</time>
	<hdop>6.00</hdop>
	<extensions>
		<gpxtpx:TrackPointExtension>
			<gpxtpx:course>91.36727</gpxtpx:course>
		</gpxtpx:TrackPointExtension>
	</extensions>
</trkpt>
<trkpt lat="50.8122880" lon="14.1351738">
	<ele>519.72</ele>
	<time>2020-07-18T13:30:27.000Z</time>
	<hdop>6.00</hdop>
	<extensions>
		<gpxtpx:TrackPointExtension>
			<gpxtpx:course>89.61452</gpxtpx:course>
		</gpxtpx:TrackPointExtension>
	</extensions>
</trkpt>
<trkpt lat="50.8122871" lon="14.1356515">
	<ele>518.13</ele>
	<time>2020-07-18T13:30:32.000Z</time>
	<hdop>6.00</hdop>
	<extensions>
		<gpxtpx:TrackPointExtension>
			<gpxtpx:course>91.8209</gpxtpx:course>
		</gpxtpx:TrackPointExtension>
	</extensions>
</trkpt>
<trkpt lat="50.8123004" lon="14.1360898">
	<ele>517.71</ele>
	<time>2020-07-18T13:30:37.000Z</time>
	<hdop>6.00</hdop>
	<extensions>
		<gpxtpx:TrackPointExtension>
			<gpxtpx:course>82.74308</gpxtpx:course>
		</gpxtpx:TrackPointExtension>
	</extensions>
</trkpt>
<trkpt lat="50.8123465" lon="14.1364872">
	<ele>519.12</ele>
	<time>2020-07-18T13:30:42.000Z</time>
	<hdop>6.00</hdop>
	<extensions>
		<gpxtpx:TrackPointExtension>
			<gpxtpx:course>75.55712</gpxtpx:course>
		</gpxtpx:TrackPointExtension>
	</extensions>
</trkpt>
<trkpt lat="50.8123941" lon="14.1368511">
	<ele>519.74</ele>
	<time>2020-07-18T13:30:47.000Z</time>
	<hdop>3.00</hdop>
	<extensions>
		<gpxtpx:TrackPointExtension>
			<gpxtpx:course>75.987404</gpxtpx:course>
		</gpxtpx:TrackPointExtension>
	</extensions>
</trkpt>
<trkpt lat="50.8124279" lon="14.1372057">
	<ele>519.90</ele>
	<time>2020-07-18T13:30:52.000Z</time>
	<hdop>4.00</hdop>
	<extensions>
		<gpxtpx:TrackPointExtension>
			<gpxtpx:course>95.6837</gpxtpx:course>
		</gpxtpx:TrackPointExtension>
	</extensions>
</trkpt>
<trkpt lat="50.8123850" lon="14.1374792">
	<ele>519.93</ele>
	<time>2020-07-18T13:30:57.000Z</time>
	<hdop>4.00</hdop>
	<extensions>
		<gpxtpx:TrackPointExtension>
			<gpxtpx:course>110.35615</gpxtpx:course>
		</gpxtpx:TrackPointExtension>
	</extensions>
</trkpt>
<trkpt lat="50.8123337" lon="14.1377062">
	<ele>519.93</ele>
	<time>2020-07-18T13:31:02.000Z</time>
	<hdop>4.00</hdop>
	<extensions>
		<gpxtpx:TrackPointExtension>
			<gpxtpx:course>114.877144</gpxtpx:course>
		</gpxtpx:TrackPointExtension>
	</extensions>
</trkpt>
<trkpt lat="50.8122998" lon="14.1379291">
	<ele>519.94</ele>
	<time>2020-07-18T13:31:07.000Z</time>
	<hdop>6.00</hdop>
	<extensions>
		<gpxtpx:TrackPointExtension>
			<gpxtpx:course>91.5625</gpxtpx:course>
		</gpxtpx:TrackPointExtension>
	</extensions>
</trkpt>
<trkpt lat="50.8123115" lon="14.1381651">
	<ele>519.95</ele>
	<time>2020-07-18T13:31:12.000Z</time>
	<hdop>6.00</hdop>
	<extensions>
		<gpxtpx:TrackPointExtension>
			<gpxtpx:course>75.290985</gpxtpx:course>
		</gpxtpx:TrackPointExtension>
	</extensions>
</trkpt>
<trkpt lat="50.8123659" lon="14.1383784">
	<ele>519.97</ele>
	<time>2020-07-18T13:31:17.000Z</time>
	<hdop>6.00</hdop>
	<extensions>
		<gpxtpx:TrackPointExtension>
			<gpxtpx:course>71.99034</gpxtpx:course>
		</gpxtpx:TrackPointExtension>
	</extensions>
</trkpt>
<trkpt lat="50.8123905" lon="14.1385787">
	<ele>519.99</ele>
	<time>2020-07-18T13:31:22.000Z</time>
	<hdop>6.00</hdop>
	<extensions>
		<gpxtpx:TrackPointExtension>
			<gpxtpx:course>89.824455</gpxtpx:course>
		</gpxtpx:TrackPointExtension>
	</extensions>
</trkpt>
<trkpt lat="50.8124257" lon="14.1387852">
	<ele>520.03</ele>
	<time>2020-07-18T13:31:27.000Z</time>
	<hdop>6.00</hdop>
	<extensions>
		<gpxtpx:TrackPointExtension>
			<gpxtpx:course>85.89842</gpxtpx:course>
		</gpxtpx:TrackPointExtension>
	</extensions>
</trkpt>
<trkpt lat="50.8124621" lon="14.1390573">
	<ele>520.09</ele>
	<time>2020-07-18T13:31:32.000Z</time>
	<hdop>8.00</hdop>
	<extensions>
		<gpxtpx:TrackPointExtension>
			<gpxtpx:course>69.273544</gpxtpx:course>
		</gpxtpx:TrackPointExtension>
	</extensions>
</trkpt>
<trkpt lat="50.8126489" lon="14.1394971">
	<ele>520.95</ele>
	<time>2020-07-18T13:31:37.000Z</time>
	<hdop>8.00</hdop>
	<extensions>
		<gpxtpx:TrackPointExtension>
			<gpxtpx:course>69.81231</gpxtpx:course>
		</gpxtpx:TrackPointExtension>
	</extensions>
</trkpt>
<trkpt lat="50.8127343" lon="14.1398734">
	<ele>522.37</ele>
	<time>2020-07-18T13:31:42.000Z</time>
	<hdop>6.00</hdop>
	<extensions>
		<gpxtpx:TrackPointExtension>
			<gpxtpx:course>45.29784</gpxtpx:course>
		</gpxtpx:TrackPointExtension>
	</extensions>
</trkpt>
<trkpt lat="50.8128980" lon="14.1401104">
	<ele>522.87</ele>
	<time>2020-07-18T13:31:47.000Z</time>
	<hdop>6.00</hdop>
	<extensions>
		<gpxtpx:TrackPointExtension>
			<gpxtpx:course>37.830547</gpxtpx:course>
		</gpxtpx:TrackPointExtension>
	</extensions>
</trkpt>
<trkpt lat="50.8130983" lon="14.1402676">
	<ele>522.32</ele>
	<time>2020-07-18T13:31:52.000Z</time>
	<hdop>6.00</hdop>
	<extensions>
		<gpxtpx:TrackPointExtension>
			<gpxtpx:course>20.565722</gpxtpx:course>
		</gpxtpx:TrackPointExtension>
	</extensions>
</trkpt>
<trkpt lat="50.8133350" lon="14.1404617">
	<ele>520.78</ele>
	<time>2020-07-18T13:31:57.000Z</time>
	<hdop>6.00</hdop>
	<extensions>
		<gpxtpx:TrackPointExtension>
			<gpxtpx:course>30.012402</gpxtpx:course>
		</gpxtpx:TrackPointExtension>
	</extensions>
</trkpt>
<trkpt lat="50.8136003" lon="14.1406905">
	<ele>519.84</ele>
	<time>2020-07-18T13:32:02.000Z</time>
	<hdop>6.00</hdop>
	<extensions>
		<gpxtpx:TrackPointExtension>
			<gpxtpx:course>28.680542</gpxtpx:course>
		</gpxtpx:TrackPointExtension>
	</extensions>
</trkpt>
<trkpt lat="50.8138678" lon="14.1409296">
	<ele>519.65</ele>
	<time>2020-07-18T13:32:07.000Z</time>
	<hdop>6.00</hdop>
	<extensions>
		<gpxtpx:TrackPointExtension>
			<gpxtpx:course>41.11661</gpxtpx:course>
		</gpxtpx:TrackPointExtension>
	</extensions>
</trkpt>
<trkpt lat="50.8140600" lon="14.1412170">
	<ele>519.58</ele>
	<time>2020-07-18T13:32:12.000Z</time>
	<hdop>6.00</hdop>
	<extensions>
		<gpxtpx:TrackPointExtension>
			<gpxtpx:course>58.55819</gpxtpx:course>
		</gpxtpx:TrackPointExtension>
	</extensions>
</trkpt>
<trkpt lat="50.8142227" lon="14.1416481">
	<ele>519.50</ele>
	<time>2020-07-18T13:32:17.000Z</time>
	<hdop>8.00</hdop>
	<extensions>
		<gpxtpx:TrackPointExtension>
			<gpxtpx:course>68.48898</gpxtpx:course>
		</gpxtpx:TrackPointExtension>
	</extensions>
</trkpt>
<trkpt lat="50.8142995" lon="14.1420641">
	<ele>519.43</ele>
	<time>2020-07-18T13:32:22.000Z</time>
	<hdop>6.00</hdop>
	<extensions>
		<gpxtpx:TrackPointExtension>
			<gpxtpx:course>81.13401</gpxtpx:course>
		</gpxtpx:TrackPointExtension>
	</extensions>
</trkpt>
<trkpt lat="50.8143488" lon="14.1425153">
	<ele>519.39</ele>
	<time>2020-07-18T13:32:27.000Z</time>
	<hdop>6.00</hdop>
	<extensions>
		<gpxtpx:TrackPointExtension>
			<gpxtpx:course>80.394684</gpxtpx:course>
		</gpxtpx:TrackPointExtension>
	</extensions>
</trkpt>
<trkpt lat="50.8143828" lon="14.1429857">
	<ele>519.10</ele>
	<time>2020-07-18T13:32:32.000Z</time>
	<hdop>4.00</hdop>
	<extensions>
		<gpxtpx:TrackPointExtension>
			<gpxtpx:course>87.12526</gpxtpx:course>
		</gpxtpx:TrackPointExtension>
	</extensions>
</trkpt>
<trkpt lat="50.8145149" lon="14.1433947">
	<ele>518.61</ele>
	<time>2020-07-18T13:32:37.000Z</time>
	<hdop>4.00</hdop>
	<extensions>
		<gpxtpx:TrackPointExtension>
			<gpxtpx:course>45.154293</gpxtpx:course>
		</gpxtpx:TrackPointExtension>
	</extensions>
</trkpt>
<trkpt lat="50.8147352" lon="14.1437824">
	<ele>518.99</ele>
	<time>2020-07-18T13:32:42.000Z</time>
	<hdop>6.00</hdop>
	<extensions>
		<gpxtpx:TrackPointExtension>
			<gpxtpx:course>50.30784</gpxtpx:course>
		</gpxtpx:TrackPointExtension>
	</extensions>
</trkpt>
<trkpt lat="50.8148550" lon="14.1441864">
	<ele>518.95</ele>
	<time>2020-07-18T13:32:47.000Z</time>
	<hdop>6.00</hdop>
	<extensions>
		<gpxtpx:TrackPointExtension>
			<gpxtpx:course>88.242714</gpxtpx:course>
		</gpxtpx:TrackPointExtension>
	</extensions>
</trkpt>
<trkpt lat="50.8149010" lon="14.1446561">
	<ele>518.82</ele>
	<time>2020-07-18T13:32:52.000Z</time>
	<hdop>6.00</hdop>
	<extensions>
		<gpxtpx:TrackPointExtension>
			<gpxtpx:course>84.18167</gpxtpx:course>
		</gpxtpx:TrackPointExtension>
	</extensions>
</trkpt>
<trkpt lat="50.8149505" lon="14.1451629">
	<ele>518.74</ele>
	<time>2020-07-18T13:32:57.000Z</time>
	<hdop>6.00</hdop>
	<extensions>
		<gpxtpx:TrackPointExtension>
			<gpxtpx:course>76.95755</gpxtpx:course>
		</gpxtpx:TrackPointExtension>
	</extensions>
</trkpt>
<trkpt lat="50.8150533" lon="14.1456784">
	<ele>518.66</ele>
	<time>2020-07-18T13:33:02.000Z</time>
	<hdop>4.00</hdop>
	<extensions>
		<gpxtpx:TrackPointExtension>
			<gpxtpx:course>65.99675</gpxtpx:course>
		</gpxtpx:TrackPointExtension>
	</extensions>
</trkpt>
<trkpt lat="50.8151947" lon="14.1461124">
	<ele>518.60</ele>
	<time>2020-07-18T13:33:07.000Z</time>
	<hdop>6.00</hdop>
	<extensions>
		<gpxtpx:TrackPointExtension>
			<gpxtpx:course>55.278915</gpxtpx:course>
		</gpxtpx:TrackPointExtension>
	</extensions>
</trkpt>
<trkpt lat="50.8154020" lon="14.1465589">
	<ele>518.24</ele>
	<time>2020-07-18T13:33:12.000Z</time>
	<hdop>8.00</hdop>
	<extensions>
		<gpxtpx:TrackPointExtension>
			<gpxtpx:course>47.98937</gpxtpx:course>
		</gpxtpx:TrackPointExtension>
	</extensions>
</trkpt>
<trkpt lat="50.8156388" lon="14.1469938">
	<ele>517.69</ele>
	<time>2020-07-18T13:33:17.000Z</time>
	<hdop>12.00</hdop>
	<extensions>
		<gpxtpx:TrackPointExtension>
			<gpxtpx:course>72.72374</gpxtpx:course>
		</gpxtpx:TrackPointExtension>
	</extensions>
</trkpt>
<trkpt lat="50.8157273" lon="14.1475110">
	<ele>516.96</ele>
	<time>2020-07-18T13:33:22.000Z</time>
	<hdop>16.00</hdop>
	<extensions>
		<gpxtpx:TrackPointExtension>
			<gpxtpx:course>81.08374</gpxtpx:course>
		</gpxtpx:TrackPointExtension>
	</extensions>
</trkpt>
<trkpt lat="50.8158150" lon="14.1482125">
	<ele>517.01</ele>
	<time>2020-07-18T13:33:27.000Z</time>
	<hdop>12.00</hdop>
	<extensions>
		<gpxtpx:TrackPointExtension>
			<gpxtpx:course>66.57442</gpxtpx:course>
		</gpxtpx:TrackPointExtension>
	</extensions>
</trkpt>
<trkpt lat="50.8159359" lon="14.1487489">
	<ele>516.45</ele>
	<time>2020-07-18T13:33:32.000Z</time>
	<hdop>8.00</hdop>
	<extensions>
		<gpxtpx:TrackPointExtension>
			<gpxtpx:course>67.563065</gpxtpx:course>
		</gpxtpx:TrackPointExtension>
	</extensions>
</trkpt>
<trkpt lat="50.8160404" lon="14.1493519">
	<ele>514.12</ele>
	<time>2020-07-18T13:33:37.000Z</time>
	<hdop>8.00</hdop>
	<extensions>
		<gpxtpx:TrackPointExtension>
			<gpxtpx:course>76.122345</gpxtpx:course>
		</gpxtpx:TrackPointExtension>
	</extensions>
</trkpt>
<trkpt lat="50.8160128" lon="14.1498863">
	<ele>513.12</ele>
	<time>2020-07-18T13:33:42.000Z</time>
	<hdop>8.00</hdop>
	<extensions>
		<gpxtpx:TrackPointExtension>
			<gpxtpx:course>82.710785</gpxtpx:course>
		</gpxtpx:TrackPointExtension>
	</extensions>
</trkpt>
<trkpt lat="50.8160908" lon="14.1502944">
	<ele>514.56</ele>
	<time>2020-07-18T13:33:47.000Z</time>
	<hdop>4.00</hdop>
	<extensions>
		<gpxtpx:TrackPointExtension>
			<gpxtpx:course>61.516815</gpxtpx:course>
		</gpxtpx:TrackPointExtension>
	</extensions>
</trkpt>
<trkpt lat="50.8161729" lon="14.1507043">
	<ele>516.12</ele>
	<time>2020-07-18T13:33:52.000Z</time>
	<hdop>6.00</hdop>
	<extensions>
		<gpxtpx:TrackPointExtension>
			<gpxtpx:course>84.792625</gpxtpx:course>
		</gpxtpx:TrackPointExtension>
	</extensions>
</trkpt>
<trkpt lat="50.8161625" lon="14.1511792">
	<ele>516.14</ele>
	<time>2020-07-18T13:33:57.000Z</time>
	<hdop>8.00</hdop>
	<extensions>
		<gpxtpx:TrackPointExtension>
			<gpxtpx:course>96.59174</gpxtpx:course>
		</gpxtpx:TrackPointExtension>
	</extensions>
</trkpt>
<trkpt lat="50.8160686" lon="14.1516643">
	<ele>515.33</ele>
	<time>2020-07-18T13:34:02.000Z</time>
	<hdop>6.00</hdop>
	<extensions>
		<gpxtpx:TrackPointExtension>
			<gpxtpx:course>110.756905</gpxtpx:course>
		</gpxtpx:TrackPointExtension>
	</extensions>
</trkpt>
<trkpt lat="50.8158952" lon="14.1521581">
	<ele>514.63</ele>
	<time>2020-07-18T13:34:07.000Z</time>
	<hdop>6.00</hdop>
	<extensions>
		<gpxtpx:TrackPointExtension>
			<gpxtpx:course>119.95965</gpxtpx:course>
		</gpxtpx:TrackPointExtension>
	</extensions>
</trkpt>
<trkpt lat="50.8157114" lon="14.1525163">
	<ele>513.90</ele>
	<time>2020-07-18T13:34:12.000Z</time>
	<hdop>6.00</hdop>
	<extensions>
		<gpxtpx:TrackPointExtension>
			<gpxtpx:course>119.99962</gpxtpx:course>
		</gpxtpx:TrackPointExtension>
	</extensions>
</trkpt>
<trkpt lat="50.8155405" lon="14.1528712">
	<ele>512.84</ele>
	<time>2020-07-18T13:34:17.000Z</time>
	<hdop>4.00</hdop>
	<extensions>
		<gpxtpx:TrackPointExtension>
			<gpxtpx:course>120.88483</gpxtpx:course>
		</gpxtpx:TrackPointExtension>
	</extensions>
</trkpt>
<trkpt lat="50.8153895" lon="14.1532443">
	<ele>511.80</ele>
	<time>2020-07-18T13:34:22.000Z</time>
	<hdop>4.00</hdop>
	<extensions>
		<gpxtpx:TrackPointExtension>
			<gpxtpx:course>119.67005</gpxtpx:course>
		</gpxtpx:TrackPointExtension>
	</extensions>
</trkpt>
<trkpt lat="50.8152264" lon="14.1537241">
	<ele>510.49</ele>
	<time>2020-07-18T13:34:27.000Z</time>
	<hdop>8.00</hdop>
	<extensions>
		<gpxtpx:TrackPointExtension>
			<gpxtpx:course>105.11602</gpxtpx:course>
		</gpxtpx:TrackPointExtension>
	</extensions>
</trkpt>
<trkpt lat="50.8151376" lon="14.1544188">
	<ele>509.13</ele>
	<time>2020-07-18T13:34:32.000Z</time>
	<hdop>12.00</hdop>
	<extensions>
		<gpxtpx:TrackPointExtension>
			<gpxtpx:course>98.46999</gpxtpx:course>
		</gpxtpx:TrackPointExtension>
	</extensions>
</trkpt>
<trkpt lat="50.8149882" lon="14.1553149">
	<ele>505.76</ele>
	<time>2020-07-18T13:34:37.000Z</time>
	<hdop>6.00</hdop>
	<extensions>
		<gpxtpx:TrackPointExtension>
			<gpxtpx:course>112.79542</gpxtpx:course>
		</gpxtpx:TrackPointExtension>
	</extensions>
</trkpt>
<trkpt lat="50.8147310" lon="14.1560225">
	<ele>502.96</ele>
	<time>2020-07-18T13:34:42.000Z</time>
	<hdop>8.00</hdop>
	<extensions>
		<gpxtpx:TrackPointExtension>
			<gpxtpx:course>115.150566</gpxtpx:course>
		</gpxtpx:TrackPointExtension>
	</extensions>
</trkpt>
<trkpt lat="50.8145378" lon="14.1567165">
	<ele>500.19</ele>
	<time>2020-07-18T13:34:47.000Z</time>
	<hdop>4.00</hdop>
	<extensions>
		<gpxtpx:TrackPointExtension>
			<gpxtpx:course>109.19004</gpxtpx:course>
		</gpxtpx:TrackPointExtension>
	</extensions>
</trkpt>
<trkpt lat="50.8144486" lon="14.1573551">
	<ele>501.19</ele>
	<time>2020-07-18T13:34:52.000Z</time>
	<hdop>6.00</hdop>
	<extensions>
		<gpxtpx:TrackPointExtension>
			<gpxtpx:course>100.10126</gpxtpx:course>
		</gpxtpx:TrackPointExtension>
	</extensions>
</trkpt>
<trkpt lat="50.8144969" lon="14.1579968">
	<ele>503.16</ele>
	<time>2020-07-18T13:34:57.000Z</time>
	<hdop>8.00</hdop>
	<extensions>
		<gpxtpx:TrackPointExtension>
			<gpxtpx:course>87.84813</gpxtpx:course>
		</gpxtpx:TrackPointExtension>
	</extensions>
</trkpt>
<trkpt lat="50.8144964" lon="14.1586265">
	<ele>501.75</ele>
	<time>2020-07-18T13:35:02.000Z</time>
	<hdop>8.00</hdop>
	<extensions>
		<gpxtpx:TrackPointExtension>
			<gpxtpx:course>91.657684</gpxtpx:course>
		</gpxtpx:TrackPointExtension>
	</extensions>
</trkpt>
<trkpt lat="50.8145017" lon="14.1592320">
	<ele>498.80</ele>
	<time>2020-07-18T13:35:07.000Z</time>
	<hdop>6.00</hdop>
	<extensions>
		<gpxtpx:TrackPointExtension>
			<gpxtpx:course>87.152626</gpxtpx:course>
		</gpxtpx:TrackPointExtension>
	</extensions>
</trkpt>
<trkpt lat="50.8145670" lon="14.1598295">
	<ele>497.22</ele>
	<time>2020-07-18T13:35:12.000Z</time>
	<hdop>8.00</hdop>
	<extensions>
		<gpxtpx:TrackPointExtension>
			<gpxtpx:course>82.45758</gpxtpx:course>
		</gpxtpx:TrackPointExtension>
	</extensions>
</trkpt>
<trkpt lat="50.8145332" lon="14.1604110">
	<ele>494.72</ele>
	<time>2020-07-18T13:35:17.000Z</time>
	<hdop>8.00</hdop>
	<extensions>
		<gpxtpx:TrackPointExtension>
			<gpxtpx:course>98.8465</gpxtpx:course>
		</gpxtpx:TrackPointExtension>
	</extensions>
</trkpt>
<trkpt lat="50.8145049" lon="14.1609459">
	<ele>492.42</ele>
	<time>2020-07-18T13:35:22.000Z</time>
	<hdop>8.00</hdop>
	<extensions>
		<gpxtpx:TrackPointExtension>
			<gpxtpx:course>91.38115</gpxtpx:course>
		</gpxtpx:TrackPointExtension>
	</extensions>
</trkpt>
<trkpt lat="50.8145349" lon="14.1614460">
	<ele>492.70</ele>
	<time>2020-07-18T13:35:27.000Z</time>
	<hdop>8.00</hdop>
	<extensions>
		<gpxtpx:TrackPointExtension>
			<gpxtpx:course>81.157684</gpxtpx:course>
		</gpxtpx:TrackPointExtension>
	</extensions>
</trkpt>
<trkpt lat="50.8145478" lon="14.1619393">
	<ele>493.20</ele>
	<time>2020-07-18T13:35:32.000Z</time>
	<hdop>6.00</hdop>
	<extensions>
		<gpxtpx:TrackPointExtension>
			<gpxtpx:course>92.30375</gpxtpx:course>
		</gpxtpx:TrackPointExtension>
	</extensions>
</trkpt>
<trkpt lat="50.8145234" lon="14.1624859">
	<ele>493.15</ele>
	<time>2020-07-18T13:35:37.000Z</time>
	<hdop>8.00</hdop>
	<extensions>
		<gpxtpx:TrackPointExtension>
			<gpxtpx:course>102.29895</gpxtpx:course>
		</gpxtpx:TrackPointExtension>
	</extensions>
</trkpt>
<trkpt lat="50.8144180" lon="14.1630275">
	<ele>493.41</ele>
	<time>2020-07-18T13:35:42.000Z</time>
	<hdop>6.00</hdop>
	<extensions>
		<gpxtpx:TrackPointExtension>
			<gpxtpx:course>105.61145</gpxtpx:course>
		</gpxtpx:TrackPointExtension>
	</extensions>
</trkpt>
<trkpt lat="50.8143316" lon="14.1634986">
	<ele>490.59</ele>
	<time>2020-07-18T13:35:47.000Z</time>
	<hdop>8.00</hdop>
	<extensions>
		<gpxtpx:TrackPointExtension>
			<gpxtpx:course>105.43814</gpxtpx:course>
		</gpxtpx:TrackPointExtension>
	</extensions>
</trkpt>
<trkpt lat="50.8142433" lon="14.1640510">
	<ele>487.90</ele>
	<time>2020-07-18T13:35:52.000Z</time>
	<hdop>6.00</hdop>
	<extensions>
		<gpxtpx:TrackPointExtension>
			<gpxtpx:course>99.21394</gpxtpx:course>
		</gpxtpx:TrackPointExtension>
	</extensions>
</trkpt>
<trkpt lat="50.8141543" lon="14.1645504">
	<ele>486.55</ele>
	<time>2020-07-18T13:35:57.000Z</time>
	<hdop>8.00</hdop>
	<extensions>
		<gpxtpx:TrackPointExtension>
			<gpxtpx:course>105.34556</gpxtpx:course>
		</gpxtpx:TrackPointExtension>
	</extensions>
</trkpt>
<trkpt lat="50.8140741" lon="14.1650133">
	<ele>484.77</ele>
	<time>2020-07-18T13:36:02.000Z</time>
	<hdop>6.00</hdop>
	<extensions>
		<gpxtpx:TrackPointExtension>
			<gpxtpx:course>100.825424</gpxtpx:course>
		</gpxtpx:TrackPointExtension>
	</extensions>
</trkpt>
<trkpt lat="50.8140081" lon="14.1654363">
	<ele>482.91</ele>
	<time>2020-07-18T13:36:07.000Z</time>
	<hdop>6.00</hdop>
	<extensions>
		<gpxtpx:TrackPointExtension>
			<gpxtpx:course>96.455246</gpxtpx:course>
		</gpxtpx:TrackPointExtension>
	</extensions>
</trkpt>
<trkpt lat="50.8139822" lon="14.1659451">
	<ele>480.39</ele>
	<time>2020-07-18T13:36:12.000Z</time>
	<hdop>8.00</hdop>
	<extensions>
		<gpxtpx:TrackPointExtension>
			<gpxtpx:course>101.68989</gpxtpx:course>
		</gpxtpx:TrackPointExtension>
	</extensions>
</trkpt>
<trkpt lat="50.8138477" lon="14.1664480">
	<ele>481.86</ele>
	<time>2020-07-18T13:36:17.000Z</time>
	<hdop>4.00</hdop>
	<extensions>
		<gpxtpx:TrackPointExtension>
			<gpxtpx:course>121.3803</gpxtpx:course>
		</gpxtpx:TrackPointExtension>
	</extensions>
</trkpt>
<trkpt lat="50.8137216" lon="14.1669347">
	<ele>482.31</ele>
	<time>2020-07-18T13:36:22.000Z</time>
	<hdop>8.00</hdop>
	<extensions>
		<gpxtpx:TrackPointExtension>
			<gpxtpx:course>99.659164</gpxtpx:course>
		</gpxtpx:TrackPointExtension>
	</extensions>
</trkpt>
<trkpt lat="50.8136774" lon="14.1674292">
	<ele>481.27</ele>
	<time>2020-07-18T13:36:27.000Z</time>
	<hdop>8.00</hdop>
	<extensions>
		<gpxtpx:TrackPointExtension>
			<gpxtpx:course>90.815</gpxtpx:course>
		</gpxtpx:TrackPointExtension>
	</extensions>
</trkpt>
<trkpt lat="50.8136756" lon="14.1678964">
	<ele>478.78</ele>
	<time>2020-07-18T13:36:32.000Z</time>
	<hdop>4.00</hdop>
	<extensions>
		<gpxtpx:TrackPointExtension>
			<gpxtpx:course>87.1426</gpxtpx:course>
		</gpxtpx:TrackPointExtension>
	</extensions>
</trkpt>
<trkpt lat="50.8137217" lon="14.1684315">
	<ele>477.40</ele>
	<time>2020-07-18T13:36:37.000Z</time>
	<hdop>4.00</hdop>
	<extensions>
		<gpxtpx:TrackPointExtension>
			<gpxtpx:course>72.79684</gpxtpx:course>
		</gpxtpx:TrackPointExtension>
	</extensions>
</trkpt>
<trkpt lat="50.8138295" lon="14.1689768">
	<ele>475.26</ele>
	<time>2020-07-18T13:36:42.000Z</time>
	<hdop>6.00</hdop>
	<extensions>
		<gpxtpx:TrackPointExtension>
			<gpxtpx:course>68.644966</gpxtpx:course>
		</gpxtpx:TrackPointExtension>
	</extensions>
</trkpt>
<trkpt lat="50.8140026" lon="14.1694868">
	<ele>472.36</ele>
	<time>2020-07-18T13:36:47.000Z</time>
	<hdop>6.00</hdop>
	<extensions>
		<gpxtpx:TrackPointExtension>
			<gpxtpx:course>67.82873</gpxtpx:course>
		</gpxtpx:TrackPointExtension>
	</extensions>
</trkpt>
<trkpt lat="50.8141051" lon="14.1700175">
	<ele>470.40</ele>
	<time>2020-07-18T13:36:52.000Z</time>
	<hdop>6.00</hdop>
	<extensions>
		<gpxtpx:TrackPointExtension>
			<gpxtpx:course>85.84007</gpxtpx:course>
		</gpxtpx:TrackPointExtension>
	</extensions>
</trkpt>
<trkpt lat="50.8141915" lon="14.1704967">
	<ele>470.11</ele>
	<time>2020-07-18T13:36:57.000Z</time>
	<hdop>6.00</hdop>
	<extensions>
		<gpxtpx:TrackPointExtension>
			<gpxtpx:course>72.055725</gpxtpx:course>
		</gpxtpx:TrackPointExtension>
	</extensions>
</trkpt>
<trkpt lat="50.8142901" lon="14.1710148">
	<ele>471.34</ele>
	<time>2020-07-18T13:37:02.000Z</time>
	<hdop>6.00</hdop>
	<extensions>
		<gpxtpx:TrackPointExtension>
			<gpxtpx:course>73.430214</gpxtpx:course>
		</gpxtpx:TrackPointExtension>
	</extensions>
</trkpt>
<trkpt lat="50.8143931" lon="14.1714521">
	<ele>471.68</ele>
	<time>2020-07-18T13:37:07.000Z</time>
	<hdop>6.00</hdop>
	<extensions>
		<gpxtpx:TrackPointExtension>
			<gpxtpx:course>66.90198</gpxtpx:course>
		</gpxtpx:TrackPointExtension>
	</extensions>
</trkpt>
<trkpt lat="50.8145406" lon="14.1719767">
	<ele>470.95</ele>
	<time>2020-07-18T13:37:12.000Z</time>
	<hdop>8.00</hdop>
	<extensions>
		<gpxtpx:TrackPointExtension>
			<gpxtpx:course>60.292763</gpxtpx:course>
		</gpxtpx:TrackPointExtension>
	</extensions>
</trkpt>
<trkpt lat="50.8146980" lon="14.1725061">
	<ele>469.72</ele>
	<time>2020-07-18T13:37:17.000Z</time>
	<hdop>6.00</hdop>
	<extensions>
		<gpxtpx:TrackPointExtension>
			<gpxtpx:course>67.510574</gpxtpx:course>
		</gpxtpx:TrackPointExtension>
	</extensions>
</trkpt>
<trkpt lat="50.8148400" lon="14.1729292">
	<ele>468.63</ele>
	<time>2020-07-18T13:37:22.000Z</time>
	<hdop>8.00</hdop>
	<extensions>
		<gpxtpx:TrackPointExtension>
			<gpxtpx:course>68.284676</gpxtpx:course>
		</gpxtpx:TrackPointExtension>
	</extensions>
</trkpt>
<trkpt lat="50.8148594" lon="14.1732831">
	<ele>468.37</ele>
	<time>2020-07-18T13:37:27.000Z</time>
	<hdop>12.00</hdop>
	<extensions>
		<gpxtpx:TrackPointExtension>
			<gpxtpx:course>67.17863</gpxtpx:course>
		</gpxtpx:TrackPointExtension>
	</extensions>
</trkpt>
<trkpt lat="50.8149481" lon="14.1738508">
	<ele>469.83</ele>
	<time>2020-07-18T13:37:32.000Z</time>
	<hdop>12.00</hdop>
	<extensions>
		<gpxtpx:TrackPointExtension>
			<gpxtpx:course>87.48201</gpxtpx:course>
		</gpxtpx:TrackPointExtension>
	</extensions>
</trkpt>
<trkpt lat="50.8149500" lon="14.1744005">
	<ele>470.20</ele>
	<time>2020-07-18T13:37:37.000Z</time>
	<hdop>12.00</hdop>
	<extensions>
		<gpxtpx:TrackPointExtension>
			<gpxtpx:course>87.918434</gpxtpx:course>
		</gpxtpx:TrackPointExtension>
	</extensions>
</trkpt>
<trkpt lat="50.8148846" lon="14.1749591">
	<ele>468.26</ele>
	<time>2020-07-18T13:37:42.000Z</time>
	<hdop>12.00</hdop>
	<extensions>
		<gpxtpx:TrackPointExtension>
			<gpxtpx:course>100.27476</gpxtpx:course>
		</gpxtpx:TrackPointExtension>
	</extensions>
</trkpt>
<trkpt lat="50.8147004" lon="14.1757690">
	<ele>467.10</ele>
	<time>2020-07-18T13:37:47.000Z</time>
	<hdop>12.00</hdop>
	<extensions>
		<gpxtpx:TrackPointExtension>
			<gpxtpx:course>105.78502</gpxtpx:course>
		</gpxtpx:TrackPointExtension>
	</extensions>
</trkpt>
<trkpt lat="50.8144051" lon="14.1763073">
	<ele>468.00</ele>
	<time>2020-07-18T13:37:52.000Z</time>
	<hdop>6.00</hdop>
	<extensions>
		<gpxtpx:TrackPointExtension>
			<gpxtpx:course>132.50098</gpxtpx:course>
		</gpxtpx:TrackPointExtension>
	</extensions>
</trkpt>
<trkpt lat="50.8142198" lon="14.1769398">
	<ele>469.34</ele>
	<time>2020-07-18T13:37:57.000Z</time>
	<hdop>4.00</hdop>
	<extensions>
		<gpxtpx:TrackPointExtension>
			<gpxtpx:course>93.56532</gpxtpx:course>
		</gpxtpx:TrackPointExtension>
	</extensions>
</trkpt>
<trkpt lat="50.8141877" lon="14.1776329">
	<ele>468.02</ele>
	<time>2020-07-18T13:38:02.000Z</time>
	<hdop>6.00</hdop>
	<extensions>
		<gpxtpx:TrackPointExtension>
			<gpxtpx:course>105.61962</gpxtpx:course>
		</gpxtpx:TrackPointExtension>
	</extensions>
</trkpt>
<trkpt lat="50.8139941" lon="14.1782593">
	<ele>467.07</ele>
	<time>2020-07-18T13:38:07.000Z</time>
	<hdop>6.00</hdop>
	<extensions>
		<gpxtpx:TrackPointExtension>
			<gpxtpx:course>125.234</gpxtpx:course>
		</gpxtpx:TrackPointExtension>
	</extensions>
</trkpt>
<trkpt lat="50.8136487" lon="14.1789301">
	<ele>462.52</ele>
	<time>2020-07-18T13:38:12.000Z</time>
	<hdop>8.00</hdop>
	<extensions>
		<gpxtpx:TrackPointExtension>
			<gpxtpx:course>121.53674</gpxtpx:course>
		</gpxtpx:TrackPointExtension>
	</extensions>
</trkpt>
<trkpt lat="50.8134093" lon="14.1796484">
	<ele>457.48</ele>
	<time>2020-07-18T13:38:17.000Z</time>
	<hdop>6.00</hdop>
	<extensions>
		<gpxtpx:TrackPointExtension>
			<gpxtpx:course>113.24733</gpxtpx:course>
		</gpxtpx:TrackPointExtension>
	</extensions>
</trkpt>
<trkpt lat="50.8133990" lon="14.1801840">
	<ele>453.75</ele>
	<time>2020-07-18T13:38:22.000Z</time>
	<hdop>12.00</hdop>
	<extensions>
		<gpxtpx:TrackPointExtension>
			<gpxtpx:course>57.717945</gpxtpx:course>
		</gpxtpx:TrackPointExtension>
	</extensions>
</trkpt>
<trkpt lat="50.8135097" lon="14.1803383">
	<ele>452.10</ele>
	<time>2020-07-18T13:38:27.000Z</time>
	<hdop>6.00</hdop>
	<extensions>
		<gpxtpx:TrackPointExtension>
			<gpxtpx:course>29.906652</gpxtpx:course>
		</gpxtpx:TrackPointExtension>
	</extensions>
</trkpt>
<trkpt lat="50.8136868" lon="14.1802720">
	<ele>451.53</ele>
	<time>2020-07-18T13:38:32.000Z</time>
	<hdop>6.00</hdop>
	<extensions>
		<gpxtpx:TrackPointExtension>
			<gpxtpx:course>341.22922</gpxtpx:course>
		</gpxtpx:TrackPointExtension>
	</extensions>
</trkpt>
<trkpt lat="50.8138894" lon="14.1801635">
	<ele>449.93</ele>
	<time>2020-07-18T13:38:37.000Z</time>
	<hdop>6.00</hdop>
	<extensions>
		<gpxtpx:TrackPointExtension>
			<gpxtpx:course>344.40265</gpxtpx:course>
		</gpxtpx:TrackPointExtension>
	</extensions>
</trkpt>
<trkpt lat="50.8140777" lon="14.1800667">
	<ele>449.52</ele>
	<time>2020-07-18T13:38:42.000Z</time>
	<hdop>6.00</hdop>
	<extensions>
		<gpxtpx:TrackPointExtension>
			<gpxtpx:course>349.51743</gpxtpx:course>
		</gpxtpx:TrackPointExtension>
	</extensions>
</trkpt>
<trkpt lat="50.8142498" lon="14.1800422">
	<ele>449.62</ele>
	<time>2020-07-18T13:38:47.000Z</time>
	<hdop>4.00</hdop>
	<extensions>
		<gpxtpx:TrackPointExtension>
			<gpxtpx:course>4.347115</gpxtpx:course>
		</gpxtpx:TrackPointExtension>
	</extensions>
</trkpt>
<trkpt lat="50.8144203" lon="14.1800912">
	<ele>449.89</ele>
	<time>2020-07-18T13:38:52.000Z</time>
	<hdop>3.00</hdop>
	<extensions>
		<gpxtpx:TrackPointExtension>
			<gpxtpx:course>16.252836</gpxtpx:course>
		</gpxtpx:TrackPointExtension>
	</extensions>
</trkpt>
<trkpt lat="50.8146279" lon="14.1802501">
	<ele>450.97</ele>
	<time>2020-07-18T13:38:57.000Z</time>
	<hdop>4.00</hdop>
	<extensions>
		<gpxtpx:TrackPointExtension>
			<gpxtpx:course>26.175426</gpxtpx:course>
		</gpxtpx:TrackPointExtension>
	</extensions>
</trkpt>
<trkpt lat="50.8148953" lon="14.1805148">
	<ele>451.35</ele>
	<time>2020-07-18T13:39:02.000Z</time>
	<hdop>4.00</hdop>
	<extensions>
		<gpxtpx:TrackPointExtension>
			<gpxtpx:course>30.352753</gpxtpx:course>
		</gpxtpx:TrackPointExtension>
	</extensions>
</trkpt>
<trkpt lat="50.8150973" lon="14.1807013">
	<ele>451.07</ele>
	<time>2020-07-18T13:39:07.000Z</time>
	<hdop>4.00</hdop>
	<extensions>
		<gpxtpx:TrackPointExtension>
			<gpxtpx:course>29.85554</gpxtpx:course>
		</gpxtpx:TrackPointExtension>
	</extensions>
</trkpt>
<trkpt lat="50.8152750" lon="14.1808664">
	<ele>451.16</ele>
	<time>2020-07-18T13:39:12.000Z</time>
	<hdop>4.00</hdop>
	<extensions>
		<gpxtpx:TrackPointExtension>
			<gpxtpx:course>30.12399</gpxtpx:course>
		</gpxtpx:TrackPointExtension>
	</extensions>
</trkpt>
<trkpt lat="50.8154425" lon="14.1810326">
	<ele>452.05</ele>
	<time>2020-07-18T13:39:17.000Z</time>
	<hdop>4.00</hdop>
	<extensions>
		<gpxtpx:TrackPointExtension>
			<gpxtpx:course>31.383917</gpxtpx:course>
		</gpxtpx:TrackPointExtension>
	</extensions>
</trkpt>
<trkpt lat="50.8156203" lon="14.1812141">
	<ele>453.38</ele>
	<time>2020-07-18T13:39:22.000Z</time>
	<hdop>4.00</hdop>
	<extensions>
		<gpxtpx:TrackPointExtension>
			<gpxtpx:course>30.076221</gpxtpx:course>
		</gpxtpx:TrackPointExtension>
	</extensions>
</trkpt>
<trkpt lat="50.8157803" lon="14.1813466">
	<ele>453.29</ele>
	<time>2020-07-18T13:39:27.000Z</time>
	<hdop>4.00</hdop>
	<extensions>
		<gpxtpx:TrackPointExtension>
			<gpxtpx:course>17.461288</gpxtpx:course>
		</gpxtpx:TrackPointExtension>
	</extensions>
</trkpt>
<trkpt lat="50.8159543" lon="14.1814130">
	<ele>451.91</ele>
	<time>2020-07-18T13:39:32.000Z</time>
	<hdop>4.00</hdop>
	<extensions>
		<gpxtpx:TrackPointExtension>
			<gpxtpx:course>18.031261</gpxtpx:course>
		</gpxtpx:TrackPointExtension>
	</extensions>
</trkpt>
<trkpt lat="50.8160970" lon="14.1814715">
	<ele>450.86</ele>
	<time>2020-07-18T13:39:37.000Z</time>
	<hdop>4.00</hdop>
	<extensions>
		<gpxtpx:TrackPointExtension>
			<gpxtpx:course>13.750629</gpxtpx:course>
		</gpxtpx:TrackPointExtension>
	</extensions>
</trkpt>
<trkpt lat="50.8162408" lon="14.1815235">
	<ele>450.50</ele>
	<time>2020-07-18T13:39:42.000Z</time>
	<hdop>4.00</hdop>
	<extensions>
		<gpxtpx:TrackPointExtension>
			<gpxtpx:course>11.24207</gpxtpx:course>
		</gpxtpx:TrackPointExtension>
	</extensions>
</trkpt>
<trkpt lat="50.8163501" lon="14.1815586">
	<ele>450.15</ele>
	<time>2020-07-18T13:39:47.000Z</time>
	<hdop>4.00</hdop>
	<extensions>
		<gpxtpx:TrackPointExtension>
			<gpxtpx:course>10.529573</gpxtpx:course>
		</gpxtpx:TrackPointExtension>
	</extensions>
</trkpt>
<trkpt lat="50.8164522" lon="14.1815918">
	<ele>449.75</ele>
	<time>2020-07-18T13:39:52.000Z</time>
	<hdop>4.00</hdop>
	<extensions>
		<gpxtpx:TrackPointExtension>
			<gpxtpx:course>18.993866</gpxtpx:course>
		</gpxtpx:TrackPointExtension>
	</extensions>
</trkpt>
<trkpt lat="50.8165529" lon="14.1816541">
	<ele>449.67</ele>
	<time>2020-07-18T13:39:57.000Z</time>
	<hdop>4.00</hdop>
	<extensions>
		<gpxtpx:TrackPointExtension>
			<gpxtpx:course>8.051123</gpxtpx:course>
		</gpxtpx:TrackPointExtension>
	</extensions>
</trkpt>
<trkpt lat="50.8166717" lon="14.1817142">
	<ele>449.64</ele>
	<time>2020-07-18T13:40:02.000Z</time>
	<hdop>6.00</hdop>
	<extensions>
		<gpxtpx:TrackPointExtension>
			<gpxtpx:course>32.1282</gpxtpx:course>
		</gpxtpx:TrackPointExtension>
	</extensions>
</trkpt>
<trkpt lat="50.8167760" lon="14.1817766">
	<ele>449.62</ele>
	<time>2020-07-18T13:40:07.000Z</time>
	<hdop>6.00</hdop>
	<extensions>
		<gpxtpx:TrackPointExtension>
			<gpxtpx:course>30.215155</gpxtpx:course>
		</gpxtpx:TrackPointExtension>
	</extensions>
</trkpt>
<trkpt lat="50.8168732" lon="14.1818168">
	<ele>449.52</ele>
	<time>2020-07-18T13:40:13.000Z</time>
	<hdop>6.00</hdop>
	<extensions>
		<gpxtpx:TrackPointExtension>
			<gpxtpx:course>3.8125105</gpxtpx:course>
		</gpxtpx:TrackPointExtension>
	</extensions>
</trkpt>
<trkpt lat="50.8169713" lon="14.1818820">
	<ele>449.44</ele>
	<time>2020-07-18T13:40:19.000Z</time>
	<hdop>6.00</hdop>
	<extensions>
		<gpxtpx:TrackPointExtension>
			<gpxtpx:course>33.08603</gpxtpx:course>
		</gpxtpx:TrackPointExtension>
	</extensions>
</trkpt>
<trkpt lat="50.8170555" lon="14.1819492">
	<ele>449.37</ele>
	<time>2020-07-18T13:40:24.000Z</time>
	<hdop>6.00</hdop>
	<extensions>
		<gpxtpx:TrackPointExtension>
			<gpxtpx:course>34.14044</gpxtpx:course>
		</gpxtpx:TrackPointExtension>
	</extensions>
</trkpt>
<trkpt lat="50.8171537" lon="14.1819984">
	<ele>449.30</ele>
	<time>2020-07-18T13:40:29.000Z</time>
	<hdop>6.00</hdop>
	<extensions>
		<gpxtpx:TrackPointExtension>
			<gpxtpx:course>29.876572</gpxtpx:course>
		</gpxtpx:TrackPointExtension>
	</extensions>
</trkpt>
<trkpt lat="50.8172534" lon="14.1820346">
	<ele>449.24</ele>
	<time>2020-07-18T13:40:34.000Z</time>
	<hdop>6.00</hdop>
	<extensions>
		<gpxtpx:TrackPointExtension>
			<gpxtpx:course>24.918802</gpxtpx:course>
		</gpxtpx:TrackPointExtension>
	</extensions>
</trkpt>
<trkpt lat="50.8173516" lon="14.1820552">
	<ele>449.18</ele>
	<time>2020-07-18T13:40:39.000Z</time>
	<hdop>6.00</hdop>
	<extensions>
		<gpxtpx:TrackPointExtension>
			<gpxtpx:course>21.222357</gpxtpx:course>
		</gpxtpx:TrackPointExtension>
	</extensions>
</trkpt>
<trkpt lat="50.8174560" lon="14.1820761">
	<ele>449.13</ele>
	<time>2020-07-18T13:40:44.000Z</time>
	<hdop>6.00</hdop>
	<extensions>
		<gpxtpx:TrackPointExtension>
			<gpxtpx:course>14.224709</gpxtpx:course>
		</gpxtpx:TrackPointExtension>
	</extensions>
</trkpt>
<trkpt lat="50.8175750" lon="14.1820897">
	<ele>449.08</ele>
	<time>2020-07-18T13:40:49.000Z</time>
	<hdop>6.00</hdop>
	<extensions>
		<gpxtpx:TrackPointExtension>
			<gpxtpx:course>358.54965</gpxtpx:course>
		</gpxtpx:TrackPointExtension>
	</extensions>
</trkpt>
<trkpt lat="50.8176680" lon="14.1820940">
	<ele>449.04</ele>
	<time>2020-07-18T13:40:54.000Z</time>
	<hdop>6.00</hdop>
	<extensions>
		<gpxtpx:TrackPointExtension>
			<gpxtpx:course>359.05554</gpxtpx:course>
		</gpxtpx:TrackPointExtension>
	</extensions>
</trkpt>
<trkpt lat="50.8177739" lon="14.1821112">
	<ele>449.01</ele>
	<time>2020-07-18T13:41:00.000Z</time>
	<hdop>6.00</hdop>
	<extensions>
		<gpxtpx:TrackPointExtension>
			<gpxtpx:course>358.35226</gpxtpx:course>
		</gpxtpx:TrackPointExtension>
	</extensions>
</trkpt>
<trkpt lat="50.8178790" lon="14.1821273">
	<ele>448.98</ele>
	<time>2020-07-18T13:41:06.000Z</time>
	<hdop>6.00</hdop>
	<extensions>
		<gpxtpx:TrackPointExtension>
			<gpxtpx:course>355.3612</gpxtpx:course>
		</gpxtpx:TrackPointExtension>
	</extensions>
</trkpt>
<trkpt lat="50.8179824" lon="14.1821643">
	<ele>448.95</ele>
	<time>2020-07-18T13:41:13.000Z</time>
	<hdop>6.00</hdop>
	<extensions>
		<gpxtpx:TrackPointExtension>
			<gpxtpx:course>31.836468</gpxtpx:course>
		</gpxtpx:TrackPointExtension>
	</extensions>
</trkpt>
<trkpt lat="50.8180711" lon="14.1822547">
	<ele>448.93</ele>
	<time>2020-07-18T13:41:18.000Z</time>
	<hdop>6.00</hdop>
	<extensions>
		<gpxtpx:TrackPointExtension>
			<gpxtpx:course>15.795374</gpxtpx:course>
		</gpxtpx:TrackPointExtension>
	</extensions>
</trkpt>
<trkpt lat="50.8181769" lon="14.1823007">
	<ele>448.93</ele>
	<time>2020-07-18T13:41:23.000Z</time>
	<hdop>8.00</hdop>
	<extensions>
		<gpxtpx:TrackPointExtension>
			<gpxtpx:course>5.7893186</gpxtpx:course>
		</gpxtpx:TrackPointExtension>
	</extensions>
</trkpt>
<trkpt lat="50.8183197" lon="14.1823852">
	<ele>448.96</ele>
	<time>2020-07-18T13:41:28.000Z</time>
	<hdop>8.00</hdop>
	<extensions>
		<gpxtpx:TrackPointExtension>
			<gpxtpx:course>24.443953</gpxtpx:course>
		</gpxtpx:TrackPointExtension>
	</extensions>
</trkpt>
<trkpt lat="50.8184519" lon="14.1824948">
	<ele>448.98</ele>
	<time>2020-07-18T13:41:33.000Z</time>
	<hdop>6.00</hdop>
	<extensions>
		<gpxtpx:TrackPointExtension>
			<gpxtpx:course>28.330507</gpxtpx:course>
		</gpxtpx:TrackPointExtension>
	</extensions>
</trkpt>
<trkpt lat="50.8185368" lon="14.1825727">
	<ele>448.96</ele>
	<time>2020-07-18T13:41:38.000Z</time>
	<hdop>6.00</hdop>
	<extensions>
		<gpxtpx:TrackPointExtension>
			<gpxtpx:course>43.0545</gpxtpx:course>
		</gpxtpx:TrackPointExtension>
	</extensions>
</trkpt>
<trkpt lat="50.8186509" lon="14.1827110">
	<ele>448.97</ele>
	<time>2020-07-18T13:41:43.000Z</time>
	<hdop>6.00</hdop>
	<extensions>
		<gpxtpx:TrackPointExtension>
			<gpxtpx:course>45.456913</gpxtpx:course>
		</gpxtpx:TrackPointExtension>
	</extensions>
</trkpt>
<trkpt lat="50.8187581" lon="14.1828642">
	<ele>448.99</ele>
	<time>2020-07-18T13:41:48.000Z</time>
	<hdop>6.00</hdop>
	<extensions>
		<gpxtpx:TrackPointExtension>
			<gpxtpx:course>47.856903</gpxtpx:course>
		</gpxtpx:TrackPointExtension>
	</extensions>
</trkpt>
<trkpt lat="50.8188675" lon="14.1830323">
	<ele>449.05</ele>
	<time>2020-07-18T13:41:53.000Z</time>
	<hdop>6.00</hdop>
	<extensions>
		<gpxtpx:TrackPointExtension>
			<gpxtpx:course>34.589573</gpxtpx:course>
		</gpxtpx:TrackPointExtension>
	</extensions>
</trkpt>
<trkpt lat="50.8190625" lon="14.1832261">
	<ele>449.26</ele>
	<time>2020-07-18T13:41:58.000Z</time>
	<hdop>6.00</hdop>
	<extensions>
		<gpxtpx:TrackPointExtension>
			<gpxtpx:course>31.294342</gpxtpx:course>
		</gpxtpx:TrackPointExtension>
	</extensions>
</trkpt>
<trkpt lat="50.8192591" lon="14.1833769">
	<ele>449.38</ele>
	<time>2020-07-18T13:42:03.000Z</time>
	<hdop>6.00</hdop>
	<extensions>
		<gpxtpx:TrackPointExtension>
			<gpxtpx:course>1.7644333</gpxtpx:course>
		</gpxtpx:TrackPointExtension>
	</extensions>
</trkpt>
<trkpt lat="50.8195398" lon="14.1833251">
	<ele>449.48</ele>
	<time>2020-07-18T13:42:08.000Z</time>
	<hdop>6.00</hdop>
	<extensions>
		<gpxtpx:TrackPointExtension>
			<gpxtpx:course>343.2718</gpxtpx:course>
		</gpxtpx:TrackPointExtension>
	</extensions>
</trkpt>
<trkpt lat="50.8198632" lon="14.1832434">
	<ele>449.25</ele>
	<time>2020-07-18T13:42:13.000Z</time>
	<hdop>8.00</hdop>
	<extensions>
		<gpxtpx:TrackPointExtension>
			<gpxtpx:course>350.71347</gpxtpx:course>
		</gpxtpx:TrackPointExtension>
	</extensions>
</trkpt>
<trkpt lat="50.8201281" lon="14.1831432">
	<ele>449.14</ele>
	<time>2020-07-18T13:42:18.000Z</time>
	<hdop>8.00</hdop>
	<extensions>
		<gpxtpx:TrackPointExtension>
			<gpxtpx:course>337.8164</gpxtpx:course>
		</gpxtpx:TrackPointExtension>
	</extensions>
</trkpt>
<trkpt lat="50.8203278" lon="14.1829826">
	<ele>449.77</ele>
	<time>2020-07-18T13:42:23.000Z</time>
	<hdop>8.00</hdop>
	<extensions>
		<gpxtpx:TrackPointExtension>
			<gpxtpx:course>322.3564</gpxtpx:course>
		</gpxtpx:TrackPointExtension>
	</extensions>
</trkpt>
<trkpt lat="50.8205188" lon="14.1827852">
	<ele>450.02</ele>
	<time>2020-07-18T13:42:28.000Z</time>
	<hdop>8.00</hdop>
	<extensions>
		<gpxtpx:TrackPointExtension>
			<gpxtpx:course>335.35913</gpxtpx:course>
		</gpxtpx:TrackPointExtension>
	</extensions>
</trkpt>
<trkpt lat="50.8207334" lon="14.1826420">
	<ele>450.16</ele>
	<time>2020-07-18T13:42:33.000Z</time>
	<hdop>8.00</hdop>
	<extensions>
		<gpxtpx:TrackPointExtension>
			<gpxtpx:course>339.6144</gpxtpx:course>
		</gpxtpx:TrackPointExtension>
	</extensions>
</trkpt>
<trkpt lat="50.8209713" lon="14.1825549">
	<ele>450.48</ele>
	<time>2020-07-18T13:42:38.000Z</time>
	<hdop>8.00</hdop>
	<extensions>
		<gpxtpx:TrackPointExtension>
			<gpxtpx:course>356.73425</gpxtpx:course>
		</gpxtpx:TrackPointExtension>
	</extensions>
</trkpt>
<trkpt lat="50.8212489" lon="14.1825350">
	<ele>451.52</ele>
	<time>2020-07-18T13:42:43.000Z</time>
	<hdop>6.00</hdop>
	<extensions>
		<gpxtpx:TrackPointExtension>
			<gpxtpx:course>5.418025</gpxtpx:course>
		</gpxtpx:TrackPointExtension>
	</extensions>
</trkpt>
<trkpt lat="50.8214728" lon="14.1824996">
	<ele>451.98</ele>
	<time>2020-07-18T13:42:48.000Z</time>
	<hdop>6.00</hdop>
	<extensions>
		<gpxtpx:TrackPointExtension>
			<gpxtpx:course>354.62833</gpxtpx:course>
		</gpxtpx:TrackPointExtension>
	</extensions>
</trkpt>
<trkpt lat="50.8216773" lon="14.1824770">
	<ele>451.72</ele>
	<time>2020-07-18T13:42:53.000Z</time>
	<hdop>6.00</hdop>
	<extensions>
		<gpxtpx:TrackPointExtension>
			<gpxtpx:course>2.80881</gpxtpx:course>
		</gpxtpx:TrackPointExtension>
	</extensions>
</trkpt>
<trkpt lat="50.8218570" lon="14.1824779">
	<ele>451.45</ele>
	<time>2020-07-18T13:42:58.000Z</time>
	<hdop>6.00</hdop>
	<extensions>
		<gpxtpx:TrackPointExtension>
			<gpxtpx:course>356.33984</gpxtpx:course>
		</gpxtpx:TrackPointExtension>
	</extensions>
</trkpt>
<trkpt lat="50.8220736" lon="14.1825157">
	<ele>451.54</ele>
	<time>2020-07-18T13:43:03.000Z</time>
	<hdop>8.00</hdop>
	<extensions>
		<gpxtpx:TrackPointExtension>
			<gpxtpx:course>3.7275822</gpxtpx:course>
		</gpxtpx:TrackPointExtension>
	</extensions>
</trkpt>
<trkpt lat="50.8224253" lon="14.1825997">
	<ele>451.79</ele>
	<time>2020-07-18T13:43:08.000Z</time>
	<hdop>6.00</hdop>
	<extensions>
		<gpxtpx:TrackPointExtension>
			<gpxtpx:course>6.663369</gpxtpx:course>
		</gpxtpx:TrackPointExtension>
	</extensions>
</trkpt>
<trkpt lat="50.8228505" lon="14.1827158">
	<ele>452.32</ele>
	<time>2020-07-18T13:43:13.000Z</time>
	<hdop>6.00</hdop>
	<extensions>
		<gpxtpx:TrackPointExtension>
			<gpxtpx:course>6.6836853</gpxtpx:course>
		</gpxtpx:TrackPointExtension>
	</extensions>
</trkpt>
<trkpt lat="50.8232305" lon="14.1828004">
	<ele>453.25</ele>
	<time>2020-07-18T13:43:18.000Z</time>
	<hdop>8.00</hdop>
	<extensions>
		<gpxtpx:TrackPointExtension>
			<gpxtpx:course>8.548185</gpxtpx:course>
		</gpxtpx:TrackPointExtension>
	</extensions>
</trkpt>
<trkpt lat="50.8236220" lon="14.1829119">
	<ele>454.39</ele>
	<time>2020-07-18T13:43:23.000Z</time>
	<hdop>4.00</hdop>
	<extensions>
		<gpxtpx:TrackPointExtension>
			<gpxtpx:course>6.6644764</gpxtpx:course>
		</gpxtpx:TrackPointExtension>
	</extensions>
</trkpt>
<trkpt lat="50.8239223" lon="14.1828818">
	<ele>455.07</ele>
	<time>2020-07-18T13:43:28.000Z</time>
	<hdop>6.00</hdop>
	<extensions>
		<gpxtpx:TrackPointExtension>
			<gpxtpx:course>355.50885</gpxtpx:course>
		</gpxtpx:TrackPointExtension>
	</extensions>
</trkpt>
<trkpt lat="50.8242516" lon="14.1828261">
	<ele>454.81</ele>
	<time>2020-07-18T13:43:33.000Z</time>
	<hdop>6.00</hdop>
	<extensions>
		<gpxtpx:TrackPointExtension>
			<gpxtpx:course>342.54517</gpxtpx:course>
		</gpxtpx:TrackPointExtension>
	</extensions>
</trkpt>
<trkpt lat="50.8245541" lon="14.1827371">
	<ele>456.57</ele>
	<time>2020-07-18T13:43:38.000Z</time>
	<hdop>6.00</hdop>
	<extensions>
		<gpxtpx:TrackPointExtension>
			<gpxtpx:course>345.79807</gpxtpx:course>
		</gpxtpx:TrackPointExtension>
	</extensions>
</trkpt>
<trkpt lat="50.8248248" lon="14.1826600">
	<ele>458.70</ele>
	<time>2020-07-18T13:43:43.000Z</time>
	<hdop>6.00</hdop>
	<extensions>
		<gpxtpx:TrackPointExtension>
			<gpxtpx:course>343.0748</gpxtpx:course>
		</gpxtpx:TrackPointExtension>
	</extensions>
</trkpt>
<trkpt lat="50.8250826" lon="14.1825648">
	<ele>459.84</ele>
	<time>2020-07-18T13:43:48.000Z</time>
	<hdop>6.00</hdop>
	<extensions>
		<gpxtpx:TrackPointExtension>
			<gpxtpx:course>337.9597</gpxtpx:course>
		</gpxtpx:TrackPointExtension>
	</extensions>
</trkpt>
<trkpt lat="50.8253251" lon="14.1824362">
	<ele>460.61</ele>
	<time>2020-07-18T13:43:53.000Z</time>
	<hdop>6.00</hdop>
	<extensions>
		<gpxtpx:TrackPointExtension>
			<gpxtpx:course>336.31506</gpxtpx:course>
		</gpxtpx:TrackPointExtension>
	</extensions>
</trkpt>
<trkpt lat="50.8256229" lon="14.1822188">
	<ele>461.11</ele>
	<time>2020-07-18T13:43:58.000Z</time>
	<hdop>4.00</hdop>
	<extensions>
		<gpxtpx:TrackPointExtension>
			<gpxtpx:course>331.12033</gpxtpx:course>
		</gpxtpx:TrackPointExtension>
	</extensions>
</trkpt>
<trkpt lat="50.8259441" lon="14.1819337">
	<ele>461.44</ele>
	<time>2020-07-18T13:44:03.000Z</time>
	<hdop>8.00</hdop>
	<extensions>
		<gpxtpx:TrackPointExtension>
			<gpxtpx:course>324.95517</gpxtpx:course>
		</gpxtpx:TrackPointExtension>
	</extensions>
</trkpt>
<trkpt lat="50.8263027" lon="14.1815077">
	<ele>461.79</ele>
	<time>2020-07-18T13:44:08.000Z</time>
	<hdop>8.00</hdop>
	<extensions>
		<gpxtpx:TrackPointExtension>
			<gpxtpx:course>320.35745</gpxtpx:course>
		</gpxtpx:TrackPointExtension>
	</extensions>
</trkpt>
<trkpt lat="50.8266767" lon="14.1811201">
	<ele>461.31</ele>
	<time>2020-07-18T13:44:13.000Z</time>
	<hdop>8.00</hdop>
	<extensions>
		<gpxtpx:TrackPointExtension>
			<gpxtpx:course>323.7193</gpxtpx:course>
		</gpxtpx:TrackPointExtension>
	</extensions>
</trkpt>
<trkpt lat="50.8269561" lon="14.1808638">
	<ele>459.99</ele>
	<time>2020-07-18T13:44:18.000Z</time>
	<hdop>8.00</hdop>
	<extensions>
		<gpxtpx:TrackPointExtension>
			<gpxtpx:course>327.444</gpxtpx:course>
		</gpxtpx:TrackPointExtension>
	</extensions>
</trkpt>
<trkpt lat="50.8273087" lon="14.1805582">
	<ele>458.87</ele>
	<time>2020-07-18T13:44:23.000Z</time>
	<hdop>6.00</hdop>
	<extensions>
		<gpxtpx:TrackPointExtension>
			<gpxtpx:course>331.3385</gpxtpx:course>
		</gpxtpx:TrackPointExtension>
	</extensions>
</trkpt>
<trkpt lat="50.8276844" lon="14.1802724">
	<ele>458.84</ele>
	<time>2020-07-18T13:44:28.000Z</time>
	<hdop>8.00</hdop>
	<extensions>
		<gpxtpx:TrackPointExtension>
			<gpxtpx:course>336.59238</gpxtpx:course>
		</gpxtpx:TrackPointExtension>
	</extensions>
</trkpt>
<trkpt lat="50.8280624" lon="14.1799752">
	<ele>460.78</ele>
	<time>2020-07-18T13:44:33.000Z</time>
	<hdop>12.00</hdop>
	<extensions>
		<gpxtpx:TrackPointExtension>
			<gpxtpx:course>331.90823</gpxtpx:course>
		</gpxtpx:TrackPointExtension>
	</extensions>
</trkpt>
<trkpt lat="50.8283883" lon="14.1797565">
	<ele>463.16</ele>
	<time>2020-07-18T13:44:38.000Z</time>
	<hdop>12.00</hdop>
	<extensions>
		<gpxtpx:TrackPointExtension>
			<gpxtpx:course>332.50192</gpxtpx:course>
		</gpxtpx:TrackPointExtension>
	</extensions>
</trkpt>
<trkpt lat="50.8287473" lon="14.1795344">
	<ele>463.74</ele>
	<time>2020-07-18T13:44:43.000Z</time>
	<hdop>12.00</hdop>
	<extensions>
		<gpxtpx:TrackPointExtension>
			<gpxtpx:course>339.57663</gpxtpx:course>
		</gpxtpx:TrackPointExtension>
	</extensions>
</trkpt>
<trkpt lat="50.8292125" lon="14.1792785">
	<ele>462.49</ele>
	<time>2020-07-18T13:44:48.000Z</time>
	<hdop>8.00</hdop>
	<extensions>
		<gpxtpx:TrackPointExtension>
			<gpxtpx:course>334.51523</gpxtpx:course>
		</gpxtpx:TrackPointExtension>
	</extensions>
</trkpt>
<trkpt lat="50.8296685" lon="14.1790952">
	<ele>461.11</ele>
	<time>2020-07-18T13:44:53.000Z</time>
	<hdop>12.00</hdop>
	<extensions>
		<gpxtpx:TrackPointExtension>
			<gpxtpx:course>342.15933</gpxtpx:course>
		</gpxtpx:TrackPointExtension>
	</extensions>
</trkpt>
<trkpt lat="50.8301023" lon="14.1789831">
	<ele>459.90</ele>
	<time>2020-07-18T13:44:58.000Z</time>
	<hdop>8.00</hdop>
	<extensions>
		<gpxtpx:TrackPointExtension>
			<gpxtpx:course>337.83594</gpxtpx:course>
		</gpxtpx:TrackPointExtension>
	</extensions>
</trkpt>
<trkpt lat="50.8304834" lon="14.1788457">
	<ele>458.71</ele>
	<time>2020-07-18T13:45:03.000Z</time>
	<hdop>8.00</hdop>
	<extensions>
		<gpxtpx:TrackPointExtension>
			<gpxtpx:course>341.78754</gpxtpx:course>
		</gpxtpx:TrackPointExtension>
	</extensions>
</trkpt>
<trkpt lat="50.8308656" lon="14.1787074">
	<ele>458.02</ele>
	<time>2020-07-18T13:45:08.000Z</time>
	<hdop>8.00</hdop>
	<extensions>
		<gpxtpx:TrackPointExtension>
			<gpxtpx:course>341.00482</gpxtpx:course>
		</gpxtpx:TrackPointExtension>
	</extensions>
</trkpt>
<trkpt lat="50.8312460" lon="14.1785565">
	<ele>458.05</ele>
	<time>2020-07-18T13:45:13.000Z</time>
	<hdop>6.00</hdop>
	<extensions>
		<gpxtpx:TrackPointExtension>
			<gpxtpx:course>343.17957</gpxtpx:course>
		</gpxtpx:TrackPointExtension>
	</extensions>
</trkpt>
<trkpt lat="50.8316167" lon="14.1784211">
	<ele>458.18</ele>
	<time>2020-07-18T13:45:18.000Z</time>
	<hdop>6.00</hdop>
	<extensions>
		<gpxtpx:TrackPointExtension>
			<gpxtpx:course>339.40915</gpxtpx:course>
		</gpxtpx:TrackPointExtension>
	</extensions>
</trkpt>
<trkpt lat="50.8319706" lon="14.1782472">
	<ele>457.83</ele>
	<time>2020-07-18T13:45:23.000Z</time>
	<hdop>6.00</hdop>
	<extensions>
		<gpxtpx:TrackPointExtension>
			<gpxtpx:course>341.55957</gpxtpx:course>
		</gpxtpx:TrackPointExtension>
	</extensions>
</trkpt>
<trkpt lat="50.8323460" lon="14.1781758">
	<ele>457.47</ele>
	<time>2020-07-18T13:45:28.000Z</time>
	<hdop>6.00</hdop>
	<extensions>
		<gpxtpx:TrackPointExtension>
			<gpxtpx:course>345.94287</gpxtpx:course>
		</gpxtpx:TrackPointExtension>
	</extensions>
</trkpt>
<trkpt lat="50.8327313" lon="14.1781182">
	<ele>456.68</ele>
	<time>2020-07-18T13:45:33.000Z</time>
	<hdop>4.00</hdop>
	<extensions>
		<gpxtpx:TrackPointExtension>
			<gpxtpx:course>352.40674</gpxtpx:course>
		</gpxtpx:TrackPointExtension>
	</extensions>
</trkpt>
<trkpt lat="50.8330635" lon="14.1780134">
	<ele>456.04</ele>
	<time>2020-07-18T13:45:38.000Z</time>
	<hdop>6.00</hdop>
	<extensions>
		<gpxtpx:TrackPointExtension>
			<gpxtpx:course>344.87897</gpxtpx:course>
		</gpxtpx:TrackPointExtension>
	</extensions>
</trkpt>
<trkpt lat="50.8334062" lon="14.1779018">
	<ele>456.55</ele>
	<time>2020-07-18T13:45:43.000Z</time>
	<hdop>6.00</hdop>
	<extensions>
		<gpxtpx:TrackPointExtension>
			<gpxtpx:course>341.0908</gpxtpx:course>
		</gpxtpx:TrackPointExtension>
	</extensions>
</trkpt>
<trkpt lat="50.8336871" lon="14.1777684">
	<ele>458.68</ele>
	<time>2020-07-18T13:45:48.000Z</time>
	<hdop>4.00</hdop>
	<extensions>
		<gpxtpx:TrackPointExtension>
			<gpxtpx:course>343.41757</gpxtpx:course>
		</gpxtpx:TrackPointExtension>
	</extensions>
</trkpt>
<trkpt lat="50.8340087" lon="14.1776222">
	<ele>459.98</ele>
	<time>2020-07-18T13:45:53.000Z</time>
	<hdop>4.00</hdop>
	<extensions>
		<gpxtpx:TrackPointExtension>
			<gpxtpx:course>332.18994</gpxtpx:course>
		</gpxtpx:TrackPointExtension>
	</extensions>
</trkpt>
<trkpt lat="50.8343423" lon="14.1774548">
	<ele>459.52</ele>
	<time>2020-07-18T13:45:58.000Z</time>
	<hdop>4.00</hdop>
	<extensions>
		<gpxtpx:TrackPointExtension>
			<gpxtpx:course>335.68747</gpxtpx:course>
		</gpxtpx:TrackPointExtension>
	</extensions>
</trkpt>
<trkpt lat="50.8346533" lon="14.1773188">
	<ele>457.82</ele>
	<time>2020-07-18T13:46:03.000Z</time>
	<hdop>4.00</hdop>
	<extensions>
		<gpxtpx:TrackPointExtension>
			<gpxtpx:course>353.05072</gpxtpx:course>
		</gpxtpx:TrackPointExtension>
	</extensions>
</trkpt>
<trkpt lat="50.8350127" lon="14.1772374">
	<ele>456.68</ele>
	<time>2020-07-18T13:46:08.000Z</time>
	<hdop>6.00</hdop>
	<extensions>
		<gpxtpx:TrackPointExtension>
			<gpxtpx:course>349.49713</gpxtpx:course>
		</gpxtpx:TrackPointExtension>
	</extensions>
</trkpt>
<trkpt lat="50.8353411" lon="14.1773653">
	<ele>458.68</ele>
	<time>2020-07-18T13:46:13.000Z</time>
	<hdop>8.00</hdop>
	<extensions>
		<gpxtpx:TrackPointExtension>
			<gpxtpx:course>35.820293</gpxtpx:course>
		</gpxtpx:TrackPointExtension>
	</extensions>
</trkpt>
<trkpt lat="50.8356099" lon="14.1778855">
	<ele>458.16</ele>
	<time>2020-07-18T13:46:18.000Z</time>
	<hdop>12.00</hdop>
	<extensions>
		<gpxtpx:TrackPointExtension>
			<gpxtpx:course>52.850624</gpxtpx:course>
		</gpxtpx:TrackPointExtension>
	</extensions>
</trkpt>
<trkpt lat="50.8359056" lon="14.1784433">
	<ele>455.81</ele>
	<time>2020-07-18T13:46:23.000Z</time>
	<hdop>8.00</hdop>
	<extensions>
		<gpxtpx:TrackPointExtension>
			<gpxtpx:course>50.63239</gpxtpx:course>
		</gpxtpx:TrackPointExtension>
	</extensions>
</trkpt>
<trkpt lat="50.8361380" lon="14.1789443">
	<ele>453.40</ele>
	<time>2020-07-18T13:46:28.000Z</time>
	<hdop>8.00</hdop>
	<extensions>
		<gpxtpx:TrackPointExtension>
			<gpxtpx:course>35.60587</gpxtpx:course>
		</gpxtpx:TrackPointExtension>
	</extensions>
</trkpt>
<trkpt lat="50.8365136" lon="14.1791008">
	<ele>451.70</ele>
	<time>2020-07-18T13:46:33.000Z</time>
	<hdop>6.00</hdop>
	<extensions>
		<gpxtpx:TrackPointExtension>
			<gpxtpx:course>345.26663</gpxtpx:course>
		</gpxtpx:TrackPointExtension>
	</extensions>
</trkpt>
<trkpt lat="50.8369704" lon="14.1788013">
	<ele>450.52</ele>
	<time>2020-07-18T13:46:38.000Z</time>
	<hdop>8.00</hdop>
	<extensions>
		<gpxtpx:TrackPointExtension>
			<gpxtpx:course>336.12854</gpxtpx:course>
		</gpxtpx:TrackPointExtension>
	</extensions>
</trkpt>
<trkpt lat="50.8374935" lon="14.1785185">
	<ele>449.66</ele>
	<time>2020-07-18T13:46:43.000Z</time>
	<hdop>12.00</hdop>
	<extensions>
		<gpxtpx:TrackPointExtension>
			<gpxtpx:course>345.9667</gpxtpx:course>
		</gpxtpx:TrackPointExtension>
	</extensions>
</trkpt>
<trkpt lat="50.8379710" lon="14.1785916">
	<ele>448.81</ele>
	<time>2020-07-18T13:46:48.000Z</time>
	<hdop>12.00</hdop>
	<extensions>
		<gpxtpx:TrackPointExtension>
			<gpxtpx:course>26.345764</gpxtpx:course>
		</gpxtpx:TrackPointExtension>
	</extensions>
</trkpt>
<trkpt lat="50.8381746" lon="14.1790196">
	<ele>446.78</ele>
	<time>2020-07-18T13:46:53.000Z</time>
	<hdop>16.00</hdop>
	<extensions>
		<gpxtpx:TrackPointExtension>
			<gpxtpx:course>101.65378</gpxtpx:course>
		</gpxtpx:TrackPointExtension>
	</extensions>
</trkpt>
<trkpt lat="50.8381741" lon="14.1791666">
	<ele>446.01</ele>
	<time>2020-07-18T13:47:21.000Z</time>
	<hdop>3.00</hdop>
	<extensions>
		<gpxtpx:TrackPointExtension>
			<gpxtpx:course>52.15481</gpxtpx:course>
		</gpxtpx:TrackPointExtension>
	</extensions>
</trkpt>
<trkpt lat="50.8382227" lon="14.1794026">
	<ele>444.34</ele>
	<time>2020-07-18T13:47:26.000Z</time>
	<hdop>4.00</hdop>
	<extensions>
		<gpxtpx:TrackPointExtension>
			<gpxtpx:course>83.61513</gpxtpx:course>
		</gpxtpx:TrackPointExtension>
	</extensions>
</trkpt>
<trkpt lat="50.8382686" lon="14.1799965">
	<ele>440.86</ele>
	<time>2020-07-18T13:47:31.000Z</time>
	<hdop>4.00</hdop>
	<extensions>
		<gpxtpx:TrackPointExtension>
			<gpxtpx:course>86.00073</gpxtpx:course>
		</gpxtpx:TrackPointExtension>
	</extensions>
</trkpt>
<trkpt lat="50.8383621" lon="14.1807558">
	<ele>438.26</ele>
	<time>2020-07-18T13:47:36.000Z</time>
	<hdop>6.00</hdop>
	<extensions>
		<gpxtpx:TrackPointExtension>
			<gpxtpx:course>84.06264</gpxtpx:course>
		</gpxtpx:TrackPointExtension>
	</extensions>
</trkpt>
<trkpt lat="50.8382766" lon="14.1814945">
	<ele>436.09</ele>
	<time>2020-07-18T13:47:41.000Z</time>
	<hdop>6.00</hdop>
	<extensions>
		<gpxtpx:TrackPointExtension>
			<gpxtpx:course>135.48323</gpxtpx:course>
		</gpxtpx:TrackPointExtension>
	</extensions>
</trkpt>
<trkpt lat="50.8377686" lon="14.1817632">
	<ele>432.19</ele>
	<time>2020-07-18T13:47:46.000Z</time>
	<hdop>6.00</hdop>
	<extensions>
		<gpxtpx:TrackPointExtension>
			<gpxtpx:course>188.64244</gpxtpx:course>
		</gpxtpx:TrackPointExtension>
	</extensions>
</trkpt>
<trkpt lat="50.8372692" lon="14.1815732">
	<ele>422.38</ele>
	<time>2020-07-18T13:47:51.000Z</time>
	<hdop>6.00</hdop>
	<extensions>
		<gpxtpx:TrackPointExtension>
			<gpxtpx:course>189.28429</gpxtpx:course>
		</gpxtpx:TrackPointExtension>
	</extensions>
</trkpt>
<trkpt lat="50.8368308" lon="14.1818104">
	<ele>418.76</ele>
	<time>2020-07-18T13:47:56.000Z</time>
	<hdop>8.00</hdop>
	<extensions>
		<gpxtpx:TrackPointExtension>
			<gpxtpx:course>144.81485</gpxtpx:course>
		</gpxtpx:TrackPointExtension>
	</extensions>
</trkpt>
<trkpt lat="50.8363577" lon="14.1823592">
	<ele>422.27</ele>
	<time>2020-07-18T13:48:01.000Z</time>
	<hdop>8.00</hdop>
	<extensions>
		<gpxtpx:TrackPointExtension>
			<gpxtpx:course>144.50885</gpxtpx:course>
		</gpxtpx:TrackPointExtension>
	</extensions>
</trkpt>
<trkpt lat="50.8359556" lon="14.1829355">
	<ele>422.28</ele>
	<time>2020-07-18T13:48:06.000Z</time>
	<hdop>6.00</hdop>
	<extensions>
		<gpxtpx:TrackPointExtension>
			<gpxtpx:course>126.15836</gpxtpx:course>
		</gpxtpx:TrackPointExtension>
	</extensions>
</trkpt>
<trkpt lat="50.8356793" lon="14.1838326">
	<ele>413.28</ele>
	<time>2020-07-18T13:48:11.000Z</time>
	<hdop>6.00</hdop>
	<extensions>
		<gpxtpx:TrackPointExtension>
			<gpxtpx:course>112.650955</gpxtpx:course>
		</gpxtpx:TrackPointExtension>
	</extensions>
</trkpt>
<trkpt lat="50.8355018" lon="14.1846884">
	<ele>403.52</ele>
	<time>2020-07-18T13:48:16.000Z</time>
	<hdop>6.00</hdop>
	<extensions>
		<gpxtpx:TrackPointExtension>
			<gpxtpx:course>109.00234</gpxtpx:course>
		</gpxtpx:TrackPointExtension>
	</extensions>
</trkpt>
<trkpt lat="50.8355150" lon="14.1854893">
	<ele>397.13</ele>
	<time>2020-07-18T13:48:21.000Z</time>
	<hdop>8.00</hdop>
	<extensions>
		<gpxtpx:TrackPointExtension>
			<gpxtpx:course>69.28082</gpxtpx:course>
		</gpxtpx:TrackPointExtension>
	</extensions>
</trkpt>
<trkpt lat="50.8357917" lon="14.1859896">
	<ele>393.77</ele>
	<time>2020-07-18T13:48:26.000Z</time>
	<hdop>6.00</hdop>
	<extensions>
		<gpxtpx:TrackPointExtension>
			<gpxtpx:course>39.298153</gpxtpx:course>
		</gpxtpx:TrackPointExtension>
	</extensions>
</trkpt>
<trkpt lat="50.8361552" lon="14.1862883">
	<ele>390.11</ele>
	<time>2020-07-18T13:48:31.000Z</time>
	<hdop>6.00</hdop>
	<extensions>
		<gpxtpx:TrackPointExtension>
			<gpxtpx:course>28.939371</gpxtpx:course>
		</gpxtpx:TrackPointExtension>
	</extensions>
</trkpt>
<trkpt lat="50.8365258" lon="14.1865054">
	<ele>384.88</ele>
	<time>2020-07-18T13:48:36.000Z</time>
	<hdop>6.00</hdop>
	<extensions>
		<gpxtpx:TrackPointExtension>
			<gpxtpx:course>29.878838</gpxtpx:course>
		</gpxtpx:TrackPointExtension>
	</extensions>
</trkpt>
<trkpt lat="50.8368661" lon="14.1868289">
	<ele>380.09</ele>
	<time>2020-07-18T13:48:41.000Z</time>
	<hdop>8.00</hdop>
	<extensions>
		<gpxtpx:TrackPointExtension>
			<gpxtpx:course>42.0989</gpxtpx:course>
		</gpxtpx:TrackPointExtension>
	</extensions>
</trkpt>
<trkpt lat="50.8369267" lon="14.1869445">
	<ele>378.37</ele>
	<time>2020-07-18T13:49:15.000Z</time>
	<hdop>2.00</hdop>
	<extensions>
		<gpxtpx:TrackPointExtension>
			<gpxtpx:course>66.32228</gpxtpx:course>
		</gpxtpx:TrackPointExtension>
	</extensions>
</trkpt>
<trkpt lat="50.8369822" lon="14.1871134">
	<ele>377.85</ele>
	<time>2020-07-18T13:49:21.000Z</time>
	<hdop>3.00</hdop>
	<extensions>
		<gpxtpx:TrackPointExtension>
			<gpxtpx:course>49.738262</gpxtpx:course>
		</gpxtpx:TrackPointExtension>
	</extensions>
</trkpt>
<trkpt lat="50.8371490" lon="14.1874082">
	<ele>376.78</ele>
	<time>2020-07-18T13:49:26.000Z</time>
	<hdop>3.00</hdop>
	<extensions>
		<gpxtpx:TrackPointExtension>
			<gpxtpx:course>54.731987</gpxtpx:course>
		</gpxtpx:TrackPointExtension>
	</extensions>
</trkpt>
<trkpt lat="50.8373570" lon="14.1878233">
	<ele>376.14</ele>
	<time>2020-07-18T13:49:31.000Z</time>
	<hdop>4.00</hdop>
	<extensions>
		<gpxtpx:TrackPointExtension>
			<gpxtpx:course>60.102413</gpxtpx:course>
		</gpxtpx:TrackPointExtension>
	</extensions>
</trkpt>
<trkpt lat="50.8375994" lon="14.1883173">
	<ele>374.91</ele>
	<time>2020-07-18T13:49:36.000Z</time>
	<hdop>6.00</hdop>
	<extensions>
		<gpxtpx:TrackPointExtension>
			<gpxtpx:course>42.824253</gpxtpx:course>
		</gpxtpx:TrackPointExtension>
	</extensions>
</trkpt>
<trkpt lat="50.8378999" lon="14.1887863">
	<ele>371.43</ele>
	<time>2020-07-18T13:49:41.000Z</time>
	<hdop>8.00</hdop>
	<extensions>
		<gpxtpx:TrackPointExtension>
			<gpxtpx:course>50.686478</gpxtpx:course>
		</gpxtpx:TrackPointExtension>
	</extensions>
</trkpt>
<trkpt lat="50.8380738" lon="14.1894590">
	<ele>368.85</ele>
	<time>2020-07-18T13:49:46.000Z</time>
	<hdop>6.00</hdop>
	<extensions>
		<gpxtpx:TrackPointExtension>
			<gpxtpx:course>82.71041</gpxtpx:course>
		</gpxtpx:TrackPointExtension>
	</extensions>
</trkpt>
<trkpt lat="50.8381785" lon="14.1902353">
	<ele>367.31</ele>
	<time>2020-07-18T13:49:51.000Z</time>
	<hdop>6.00</hdop>
	<extensions>
		<gpxtpx:TrackPointExtension>
			<gpxtpx:course>83.127205</gpxtpx:course>
		</gpxtpx:TrackPointExtension>
	</extensions>
</trkpt>
<trkpt lat="50.8382883" lon="14.1910031">
	<ele>364.60</ele>
	<time>2020-07-18T13:49:56.000Z</time>
	<hdop>8.00</hdop>
	<extensions>
		<gpxtpx:TrackPointExtension>
			<gpxtpx:course>77.186195</gpxtpx:course>
		</gpxtpx:TrackPointExtension>
	</extensions>
</trkpt>
<trkpt lat="50.8384286" lon="14.1917320">
	<ele>362.95</ele>
	<time>2020-07-18T13:50:01.000Z</time>
	<hdop>8.00</hdop>
	<extensions>
		<gpxtpx:TrackPointExtension>
			<gpxtpx:course>74.47953</gpxtpx:course>
		</gpxtpx:TrackPointExtension>
	</extensions>
</trkpt>
<trkpt lat="50.8384433" lon="14.1924885">
	<ele>357.14</ele>
	<time>2020-07-18T13:50:06.000Z</time>
	<hdop>8.00</hdop>
	<extensions>
		<gpxtpx:TrackPointExtension>
			<gpxtpx:course>99.31357</gpxtpx:course>
		</gpxtpx:TrackPointExtension>
	</extensions>
</trkpt>
<trkpt lat="50.8382776" lon="14.1931661">
	<ele>351.34</ele>
	<time>2020-07-18T13:50:11.000Z</time>
	<hdop>6.00</hdop>
	<extensions>
		<gpxtpx:TrackPointExtension>
			<gpxtpx:course>107.64282</gpxtpx:course>
		</gpxtpx:TrackPointExtension>
	</extensions>
</trkpt>
<trkpt lat="50.8380702" lon="14.1938359">
	<ele>346.82</ele>
	<time>2020-07-18T13:50:16.000Z</time>
	<hdop>6.00</hdop>
	<extensions>
		<gpxtpx:TrackPointExtension>
			<gpxtpx:course>110.128746</gpxtpx:course>
		</gpxtpx:TrackPointExtension>
	</extensions>
</trkpt>
<trkpt lat="50.8379078" lon="14.1944575">
	<ele>343.31</ele>
	<time>2020-07-18T13:50:21.000Z</time>
	<hdop>6.00</hdop>
	<extensions>
		<gpxtpx:TrackPointExtension>
			<gpxtpx:course>113.534584</gpxtpx:course>
		</gpxtpx:TrackPointExtension>
	</extensions>
</trkpt>
<trkpt lat="50.8377650" lon="14.1950577">
	<ele>341.75</ele>
	<time>2020-07-18T13:50:26.000Z</time>
	<hdop>6.00</hdop>
	<extensions>
		<gpxtpx:TrackPointExtension>
			<gpxtpx:course>125.24877</gpxtpx:course>
		</gpxtpx:TrackPointExtension>
	</extensions>
</trkpt>
<trkpt lat="50.8376807" lon="14.1951477">
	<ele>341.35</ele>
	<time>2020-07-18T13:50:31.000Z</time>
	<hdop>6.00</hdop>
	<extensions>
		<gpxtpx:TrackPointExtension>
			<gpxtpx:course>168.17924</gpxtpx:course>
		</gpxtpx:TrackPointExtension>
	</extensions>
</trkpt>
<trkpt lat="50.8375590" lon="14.1952600">
	<ele>337.65</ele>
	<time>2020-07-18T13:51:05.000Z</time>
	<hdop>6.00</hdop>
	<extensions>
		<gpxtpx:TrackPointExtension>
			<gpxtpx:course>126.16953</gpxtpx:course>
		</gpxtpx:TrackPointExtension>
	</extensions>
</trkpt>
<trkpt lat="50.8374087" lon="14.1955276">
	<ele>334.98</ele>
	<time>2020-07-18T13:51:10.000Z</time>
	<hdop>6.00</hdop>
	<extensions>
		<gpxtpx:TrackPointExtension>
			<gpxtpx:course>137.48932</gpxtpx:course>
		</gpxtpx:TrackPointExtension>
	</extensions>
</trkpt>
<trkpt lat="50.8373185" lon="14.1957023">
	<ele>334.03</ele>
	<time>2020-07-18T13:51:15.000Z</time>
	<hdop>6.00</hdop>
	<extensions>
		<gpxtpx:TrackPointExtension>
			<gpxtpx:course>120.710915</gpxtpx:course>
		</gpxtpx:TrackPointExtension>
	</extensions>
</trkpt>
<trkpt lat="50.8373082" lon="14.1958489">
	<ele>333.48</ele>
	<time>2020-07-18T13:51:25.000Z</time>
	<hdop>6.00</hdop>
	<extensions>
		<gpxtpx:TrackPointExtension>
			<gpxtpx:course>77.92107</gpxtpx:course>
		</gpxtpx:TrackPointExtension>
	</extensions>
</trkpt>
<trkpt lat="50.8372799" lon="14.1960064">
	<ele>332.89</ele>
	<time>2020-07-18T13:51:38.000Z</time>
	<hdop>6.00</hdop>
	<extensions>
		<gpxtpx:TrackPointExtension>
			<gpxtpx:course>110.99566</gpxtpx:course>
		</gpxtpx:TrackPointExtension>
	</extensions>
</trkpt>
<trkpt lat="50.8372099" lon="14.1962198">
	<ele>332.77</ele>
	<time>2020-07-18T13:51:43.000Z</time>
	<hdop>8.00</hdop>
	<extensions>
		<gpxtpx:TrackPointExtension>
			<gpxtpx:course>121.37973</gpxtpx:course>
		</gpxtpx:TrackPointExtension>
	</extensions>
</trkpt>
<trkpt lat="50.8371346" lon="14.1963514">
	<ele>333.65</ele>
	<time>2020-07-18T13:51:48.000Z</time>
	<hdop>8.00</hdop>
	<extensions>
		<gpxtpx:TrackPointExtension>
			<gpxtpx:course>117.708916</gpxtpx:course>
		</gpxtpx:TrackPointExtension>
	</extensions>
</trkpt>
<trkpt lat="50.8371160" lon="14.1965130">
	<ele>332.98</ele>
	<time>2020-07-18T13:51:54.000Z</time>
	<hdop>6.00</hdop>
	<extensions>
		<gpxtpx:TrackPointExtension>
			<gpxtpx:course>112.15112</gpxtpx:course>
		</gpxtpx:TrackPointExtension>
	</extensions>
</trkpt>
<trkpt lat="50.8370898" lon="14.1966503">
	<ele>332.77</ele>
	<time>2020-07-18T13:51:59.000Z</time>
	<hdop>6.00</hdop>
	<extensions>
		<gpxtpx:TrackPointExtension>
			<gpxtpx:course>106.651535</gpxtpx:course>
		</gpxtpx:TrackPointExtension>
	</extensions>
</trkpt>
<trkpt lat="50.8370602" lon="14.1968534">
	<ele>332.57</ele>
	<time>2020-07-18T13:52:04.000Z</time>
	<hdop>8.00</hdop>
	<extensions>
		<gpxtpx:TrackPointExtension>
			<gpxtpx:course>115.042366</gpxtpx:course>
		</gpxtpx:TrackPointExtension>
	</extensions>
</trkpt>
<trkpt lat="50.8370019" lon="14.1970277">
	<ele>332.62</ele>
	<time>2020-07-18T13:52:09.000Z</time>
	<hdop>8.00</hdop>
	<extensions>
		<gpxtpx:TrackPointExtension>
			<gpxtpx:course>108.539505</gpxtpx:course>
		</gpxtpx:TrackPointExtension>
	</extensions>
</trkpt>
<trkpt lat="50.8369799" lon="14.1972291">
	<ele>332.16</ele>
	<time>2020-07-18T13:52:14.000Z</time>
	<hdop>8.00</hdop>
	<extensions>
		<gpxtpx:TrackPointExtension>
			<gpxtpx:course>112.68791</gpxtpx:course>
		</gpxtpx:TrackPointExtension>
	</extensions>
</trkpt>
<trkpt lat="50.8369459" lon="14.1974076">
	<ele>332.02</ele>
	<time>2020-07-18T13:52:19.000Z</time>
	<hdop>8.00</hdop>
	<extensions>
		<gpxtpx:TrackPointExtension>
			<gpxtpx:course>119.67249</gpxtpx:course>
		</gpxtpx:TrackPointExtension>
	</extensions>
</trkpt>
<trkpt lat="50.8369231" lon="14.1976373">
	<ele>331.94</ele>
	<time>2020-07-18T13:52:24.000Z</time>
	<hdop>8.00</hdop>
	<extensions>
		<gpxtpx:TrackPointExtension>
			<gpxtpx:course>91.89176</gpxtpx:course>
		</gpxtpx:TrackPointExtension>
	</extensions>
</trkpt>
<trkpt lat="50.8368790" lon="14.1979437">
	<ele>331.87</ele>
	<time>2020-07-18T13:52:29.000Z</time>
	<hdop>8.00</hdop>
	<extensions>
		<gpxtpx:TrackPointExtension>
			<gpxtpx:course>102.10608</gpxtpx:course>
		</gpxtpx:TrackPointExtension>
	</extensions>
</trkpt>
<trkpt lat="50.8368561" lon="14.1982304">
	<ele>330.24</ele>
	<time>2020-07-18T13:52:34.000Z</time>
	<hdop>6.00</hdop>
	<extensions>
		<gpxtpx:TrackPointExtension>
			<gpxtpx:course>95.52799</gpxtpx:course>
		</gpxtpx:TrackPointExtension>
	</extensions>
</trkpt>
<trkpt lat="50.8368325" lon="14.1984378">
	<ele>328.15</ele>
	<time>2020-07-18T13:52:39.000Z</time>
	<hdop>6.00</hdop>
	<extensions>
		<gpxtpx:TrackPointExtension>
			<gpxtpx:course>98.17955</gpxtpx:course>
		</gpxtpx:TrackPointExtension>
	</extensions>
</trkpt>
<trkpt lat="50.8368258" lon="14.1985880">
	<ele>327.55</ele>
	<time>2020-07-18T13:52:44.000Z</time>
	<hdop>6.00</hdop>
	<extensions>
		<gpxtpx:TrackPointExtension>
			<gpxtpx:course>106.253296</gpxtpx:course>
		</gpxtpx:TrackPointExtension>
	</extensions>
</trkpt>
<trkpt lat="50.8368261" lon="14.1987407">
	<ele>331.35</ele>
	<time>2020-07-18T13:53:01.000Z</time>
	<hdop>6.00</hdop>
	<extensions>
		<gpxtpx:TrackPointExtension>
			<gpxtpx:course>103.672905</gpxtpx:course>
		</gpxtpx:TrackPointExtension>
	</extensions>
</trkpt>
<trkpt lat="50.8368201" lon="14.1988898">
	<ele>331.18</ele>
	<time>2020-07-18T13:53:07.000Z</time>
	<hdop>6.00</hdop>
	<extensions>
		<gpxtpx:TrackPointExtension>
			<gpxtpx:course>129.47664</gpxtpx:course>
		</gpxtpx:TrackPointExtension>
	</extensions>
</trkpt>
<trkpt lat="50.8368078" lon="14.1990439">
	<ele>331.04</ele>
	<time>2020-07-18T13:53:12.000Z</time>
	<hdop>6.00</hdop>
	<extensions>
		<gpxtpx:TrackPointExtension>
			<gpxtpx:course>96.59358</gpxtpx:course>
		</gpxtpx:TrackPointExtension>
	</extensions>
</trkpt>
<trkpt lat="50.8368028" lon="14.1991899">
	<ele>330.90</ele>
	<time>2020-07-18T13:53:17.000Z</time>
	<hdop>6.00</hdop>
	<extensions>
		<gpxtpx:TrackPointExtension>
			<gpxtpx:course>114.51963</gpxtpx:course>
		</gpxtpx:TrackPointExtension>
	</extensions>
</trkpt>
<trkpt lat="50.8367581" lon="14.1993553">
	<ele>330.71</ele>
	<time>2020-07-18T13:53:22.000Z</time>
	<hdop>6.00</hdop>
	<extensions>
		<gpxtpx:TrackPointExtension>
			<gpxtpx:course>106.803116</gpxtpx:course>
		</gpxtpx:TrackPointExtension>
	</extensions>
</trkpt>
<trkpt lat="50.8367384" lon="14.1995190">
	<ele>330.12</ele>
	<time>2020-07-18T13:53:27.000Z</time>
	<hdop>6.00</hdop>
	<extensions>
		<gpxtpx:TrackPointExtension>
			<gpxtpx:course>109.47549</gpxtpx:course>
		</gpxtpx:TrackPointExtension>
	</extensions>
</trkpt>
<trkpt lat="50.8367205" lon="14.1996723">
	<ele>329.95</ele>
	<time>2020-07-18T13:53:32.000Z</time>
	<hdop>6.00</hdop>
	<extensions>
		<gpxtpx:TrackPointExtension>
			<gpxtpx:course>99.74117</gpxtpx:course>
		</gpxtpx:TrackPointExtension>
	</extensions>
</trkpt>
<trkpt lat="50.8367041" lon="14.1998321">
	<ele>330.14</ele>
	<time>2020-07-18T13:53:38.000Z</time>
	<hdop>6.00</hdop>
	<extensions>
		<gpxtpx:TrackPointExtension>
			<gpxtpx:course>109.328735</gpxtpx:course>
		</gpxtpx:TrackPointExtension>
	</extensions>
</trkpt>
<trkpt lat="50.8366940" lon="14.2000577">
	<ele>330.25</ele>
	<time>2020-07-18T13:53:43.000Z</time>
	<hdop>6.00</hdop>
	<extensions>
		<gpxtpx:TrackPointExtension>
			<gpxtpx:course>102.5391</gpxtpx:course>
		</gpxtpx:TrackPointExtension>
	</extensions>
</trkpt>
<trkpt lat="50.8366894" lon="14.2002928">
	<ele>330.13</ele>
	<time>2020-07-18T13:53:48.000Z</time>
	<hdop>6.00</hdop>
	<extensions>
		<gpxtpx:TrackPointExtension>
			<gpxtpx:course>78.35517</gpxtpx:course>
		</gpxtpx:TrackPointExtension>
	</extensions>
</trkpt>
<trkpt lat="50.8367094" lon="14.2004888">
	<ele>329.98</ele>
	<time>2020-07-18T13:53:53.000Z</time>
	<hdop>6.00</hdop>
	<extensions>
		<gpxtpx:TrackPointExtension>
			<gpxtpx:course>97.791664</gpxtpx:course>
		</gpxtpx:TrackPointExtension>
	</extensions>
</trkpt>
<trkpt lat="50.8367056" lon="14.2006542">
	<ele>329.80</ele>
	<time>2020-07-18T13:53:59.000Z</time>
	<hdop>6.00</hdop>
	<extensions>
		<gpxtpx:TrackPointExtension>
			<gpxtpx:course>94.300186</gpxtpx:course>
		</gpxtpx:TrackPointExtension>
	</extensions>
</trkpt>
<trkpt lat="50.8367183" lon="14.2008299">
	<ele>329.61</ele>
	<time>2020-07-18T13:54:05.000Z</time>
	<hdop>6.00</hdop>
	<extensions>
		<gpxtpx:TrackPointExtension>
			<gpxtpx:course>80.982445</gpxtpx:course>
		</gpxtpx:TrackPointExtension>
	</extensions>
</trkpt>
<trkpt lat="50.8367540" lon="14.2010431">
	<ele>329.42</ele>
	<time>2020-07-18T13:54:10.000Z</time>
	<hdop>6.00</hdop>
	<extensions>
		<gpxtpx:TrackPointExtension>
			<gpxtpx:course>77.8405</gpxtpx:course>
		</gpxtpx:TrackPointExtension>
	</extensions>
</trkpt>
<trkpt lat="50.8367827" lon="14.2012013">
	<ele>329.45</ele>
	<time>2020-07-18T13:54:15.000Z</time>
	<hdop>6.00</hdop>
	<extensions>
		<gpxtpx:TrackPointExtension>
			<gpxtpx:course>80.15624</gpxtpx:course>
		</gpxtpx:TrackPointExtension>
	</extensions>
</trkpt>
<trkpt lat="50.8368607" lon="14.2013730">
	<ele>330.02</ele>
	<time>2020-07-18T13:54:20.000Z</time>
	<hdop>6.00</hdop>
	<extensions>
		<gpxtpx:TrackPointExtension>
			<gpxtpx:course>55.46352</gpxtpx:course>
		</gpxtpx:TrackPointExtension>
	</extensions>
</trkpt>
<trkpt lat="50.8369003" lon="14.2015089">
	<ele>328.24</ele>
	<time>2020-07-18T13:54:44.000Z</time>
	<hdop>6.00</hdop>
	<extensions>
		<gpxtpx:TrackPointExtension>
			<gpxtpx:course>73.43836</gpxtpx:course>
		</gpxtpx:TrackPointExtension>
	</extensions>
</trkpt>
<trkpt lat="50.8369259" lon="14.2016519">
	<ele>327.58</ele>
	<time>2020-07-18T13:54:55.000Z</time>
	<hdop>6.00</hdop>
	<extensions>
		<gpxtpx:TrackPointExtension>
			<gpxtpx:course>54.324425</gpxtpx:course>
		</gpxtpx:TrackPointExtension>
	</extensions>
</trkpt>
<trkpt lat="50.8369779" lon="14.2017904">
	<ele>327.59</ele>
	<time>2020-07-18T13:55:01.000Z</time>
	<hdop>6.00</hdop>
	<extensions>
		<gpxtpx:TrackPointExtension>
			<gpxtpx:course>65.63407</gpxtpx:course>
		</gpxtpx:TrackPointExtension>
	</extensions>
</trkpt>
<trkpt lat="50.8370313" lon="14.2019552">
	<ele>327.74</ele>
	<time>2020-07-18T13:55:07.000Z</time>
	<hdop>6.00</hdop>
	<extensions>
		<gpxtpx:TrackPointExtension>
			<gpxtpx:course>55.82658</gpxtpx:course>
		</gpxtpx:TrackPointExtension>
	</extensions>
</trkpt>
<trkpt lat="50.8370743" lon="14.2021281">
	<ele>327.51</ele>
	<time>2020-07-18T13:55:12.000Z</time>
	<hdop>6.00</hdop>
	<extensions>
		<gpxtpx:TrackPointExtension>
			<gpxtpx:course>90.24247</gpxtpx:course>
		</gpxtpx:TrackPointExtension>
	</extensions>
</trkpt>
<trkpt lat="50.8371293" lon="14.2022564">
	<ele>326.51</ele>
	<time>2020-07-18T13:55:17.000Z</time>
	<hdop>6.00</hdop>
	<extensions>
		<gpxtpx:TrackPointExtension>
			<gpxtpx:course>52.30925</gpxtpx:course>
		</gpxtpx:TrackPointExtension>
	</extensions>
</trkpt>
<trkpt lat="50.8371872" lon="14.2024288">
	<ele>325.68</ele>
	<time>2020-07-18T13:55:22.000Z</time>
	<hdop>6.00</hdop>
	<extensions>
		<gpxtpx:TrackPointExtension>
			<gpxtpx:course>60.781654</gpxtpx:course>
		</gpxtpx:TrackPointExtension>
	</extensions>
</trkpt>
<trkpt lat="50.8371933" lon="14.2025711">
	<ele>324.35</ele>
	<time>2020-07-18T13:55:42.000Z</time>
	<hdop>6.00</hdop>
	<extensions>
		<gpxtpx:TrackPointExtension>
			<gpxtpx:course>75.99803</gpxtpx:course>
		</gpxtpx:TrackPointExtension>
	</extensions>
</trkpt>
<trkpt lat="50.8371869" lon="14.2027143">
	<ele>323.82</ele>
	<time>2020-07-18T13:55:50.000Z</time>
	<hdop>6.00</hdop>
	<extensions>
		<gpxtpx:TrackPointExtension>
			<gpxtpx:course>46.539032</gpxtpx:course>
		</gpxtpx:TrackPointExtension>
	</extensions>
</trkpt>
<trkpt lat="50.8372639" lon="14.2028325">
	<ele>323.46</ele>
	<time>2020-07-18T13:55:55.000Z</time>
	<hdop>4.00</hdop>
	<extensions>
		<gpxtpx:TrackPointExtension>
			<gpxtpx:course>77.776634</gpxtpx:course>
		</gpxtpx:TrackPointExtension>
	</extensions>
</trkpt>
<trkpt lat="50.8373353" lon="14.2029584">
	<ele>322.99</ele>
	<time>2020-07-18T13:56:00.000Z</time>
	<hdop>4.00</hdop>
	<extensions>
		<gpxtpx:TrackPointExtension>
			<gpxtpx:course>48.359936</gpxtpx:course>
		</gpxtpx:TrackPointExtension>
	</extensions>
</trkpt>
<trkpt lat="50.8373987" lon="14.2030672">
	<ele>321.49</ele>
	<time>2020-07-18T13:56:05.000Z</time>
	<hdop>4.00</hdop>
	<extensions>
		<gpxtpx:TrackPointExtension>
			<gpxtpx:course>43.441868</gpxtpx:course>
		</gpxtpx:TrackPointExtension>
	</extensions>
</trkpt>
<trkpt lat="50.8374836" lon="14.2031951">
	<ele>320.12</ele>
	<time>2020-07-18T13:56:11.000Z</time>
	<hdop>4.00</hdop>
	<extensions>
		<gpxtpx:TrackPointExtension>
			<gpxtpx:course>22.841536</gpxtpx:course>
		</gpxtpx:TrackPointExtension>
	</extensions>
</trkpt>
<trkpt lat="50.8375544" lon="14.2033800">
	<ele>319.60</ele>
	<time>2020-07-18T13:56:16.000Z</time>
	<hdop>4.00</hdop>
	<extensions>
		<gpxtpx:TrackPointExtension>
			<gpxtpx:course>98.90288</gpxtpx:course>
		</gpxtpx:TrackPointExtension>
	</extensions>
</trkpt>
<trkpt lat="50.8376419" lon="14.2036251">
	<ele>320.28</ele>
	<time>2020-07-18T13:56:21.000Z</time>
	<hdop>4.00</hdop>
	<extensions>
		<gpxtpx:TrackPointExtension>
			<gpxtpx:course>63.36919</gpxtpx:course>
		</gpxtpx:TrackPointExtension>
	</extensions>
</trkpt>
<trkpt lat="50.8377524" lon="14.2038496">
	<ele>320.82</ele>
	<time>2020-07-18T13:56:26.000Z</time>
	<hdop>4.00</hdop>
	<extensions>
		<gpxtpx:TrackPointExtension>
			<gpxtpx:course>44.48451</gpxtpx:course>
		</gpxtpx:TrackPointExtension>
	</extensions>
</trkpt>
<trkpt lat="50.8378179" lon="14.2040607">
	<ele>319.87</ele>
	<time>2020-07-18T13:56:31.000Z</time>
	<hdop>4.00</hdop>
	<extensions>
		<gpxtpx:TrackPointExtension>
			<gpxtpx:course>74.91029</gpxtpx:course>
		</gpxtpx:TrackPointExtension>
	</extensions>
</trkpt>
<trkpt lat="50.8378890" lon="14.2042360">
	<ele>318.50</ele>
	<time>2020-07-18T13:56:36.000Z</time>
	<hdop>4.00</hdop>
	<extensions>
		<gpxtpx:TrackPointExtension>
			<gpxtpx:course>71.33884</gpxtpx:course>
		</gpxtpx:TrackPointExtension>
	</extensions>
</trkpt>
<trkpt lat="50.8379501" lon="14.2043835">
	<ele>316.91</ele>
	<time>2020-07-18T13:56:41.000Z</time>
	<hdop>4.00</hdop>
	<extensions>
		<gpxtpx:TrackPointExtension>
			<gpxtpx:course>66.81924</gpxtpx:course>
		</gpxtpx:TrackPointExtension>
	</extensions>
</trkpt>
<trkpt lat="50.8380319" lon="14.2045766">
	<ele>315.20</ele>
	<time>2020-07-18T13:56:46.000Z</time>
	<hdop>4.00</hdop>
	<extensions>
		<gpxtpx:TrackPointExtension>
			<gpxtpx:course>75.8974</gpxtpx:course>
		</gpxtpx:TrackPointExtension>
	</extensions>
</trkpt>
<trkpt lat="50.8381025" lon="14.2048096">
	<ele>313.42</ele>
	<time>2020-07-18T13:56:51.000Z</time>
	<hdop>4.00</hdop>
	<extensions>
		<gpxtpx:TrackPointExtension>
			<gpxtpx:course>60.05668</gpxtpx:course>
		</gpxtpx:TrackPointExtension>
	</extensions>
</trkpt>
<trkpt lat="50.8381486" lon="14.2049822">
	<ele>311.69</ele>
	<time>2020-07-18T13:56:56.000Z</time>
	<hdop>4.00</hdop>
	<extensions>
		<gpxtpx:TrackPointExtension>
			<gpxtpx:course>89.1778</gpxtpx:course>
		</gpxtpx:TrackPointExtension>
	</extensions>
</trkpt>
<trkpt lat="50.8381369" lon="14.2052579">
	<ele>310.03</ele>
	<time>2020-07-18T13:57:01.000Z</time>
	<hdop>4.00</hdop>
	<extensions>
		<gpxtpx:TrackPointExtension>
			<gpxtpx:course>90.04447</gpxtpx:course>
		</gpxtpx:TrackPointExtension>
	</extensions>
</trkpt>
<trkpt lat="50.8381591" lon="14.2055436">
	<ele>305.98</ele>
	<time>2020-07-18T13:57:06.000Z</time>
	<hdop>6.00</hdop>
	<extensions>
		<gpxtpx:TrackPointExtension>
			<gpxtpx:course>80.812874</gpxtpx:course>
		</gpxtpx:TrackPointExtension>
	</extensions>
</trkpt>
<trkpt lat="50.8382224" lon="14.2057331">
	<ele>303.18</ele>
	<time>2020-07-18T13:57:11.000Z</time>
	<hdop>6.00</hdop>
	<extensions>
		<gpxtpx:TrackPointExtension>
			<gpxtpx:course>50.267246</gpxtpx:course>
		</gpxtpx:TrackPointExtension>
	</extensions>
</trkpt>
<trkpt lat="50.8383657" lon="14.2060246">
	<ele>300.96</ele>
	<time>2020-07-18T13:57:16.000Z</time>
	<hdop>6.00</hdop>
	<extensions>
		<gpxtpx:TrackPointExtension>
			<gpxtpx:course>52.05427</gpxtpx:course>
		</gpxtpx:TrackPointExtension>
	</extensions>
</trkpt>
<trkpt lat="50.8385245" lon="14.2063711">
	<ele>295.42</ele>
	<time>2020-07-18T13:57:21.000Z</time>
	<hdop>6.00</hdop>
	<extensions>
		<gpxtpx:TrackPointExtension>
			<gpxtpx:course>63.487038</gpxtpx:course>
		</gpxtpx:TrackPointExtension>
	</extensions>
</trkpt>
<trkpt lat="50.8386824" lon="14.2066771">
	<ele>292.75</ele>
	<time>2020-07-18T13:57:26.000Z</time>
	<hdop>6.00</hdop>
	<extensions>
		<gpxtpx:TrackPointExtension>
			<gpxtpx:course>38.78879</gpxtpx:course>
		</gpxtpx:TrackPointExtension>
	</extensions>
</trkpt>
<trkpt lat="50.8388008" lon="14.2069098">
	<ele>291.40</ele>
	<time>2020-07-18T13:57:31.000Z</time>
	<hdop>6.00</hdop>
	<extensions>
		<gpxtpx:TrackPointExtension>
			<gpxtpx:course>48.547985</gpxtpx:course>
		</gpxtpx:TrackPointExtension>
	</extensions>
</trkpt>
<trkpt lat="50.8389374" lon="14.2070748">
	<ele>291.14</ele>
	<time>2020-07-18T13:57:36.000Z</time>
	<hdop>8.00</hdop>
	<extensions>
		<gpxtpx:TrackPointExtension>
			<gpxtpx:course>27.652018</gpxtpx:course>
		</gpxtpx:TrackPointExtension>
	</extensions>
</trkpt>
<trkpt lat="50.8391210" lon="14.2071971">
	<ele>290.70</ele>
	<time>2020-07-18T13:57:41.000Z</time>
	<hdop>8.00</hdop>
	<extensions>
		<gpxtpx:TrackPointExtension>
			<gpxtpx:course>21.737032</gpxtpx:course>
		</gpxtpx:TrackPointExtension>
	</extensions>
</trkpt>
<trkpt lat="50.8392595" lon="14.2073347">
	<ele>289.52</ele>
	<time>2020-07-18T13:57:46.000Z</time>
	<hdop>8.00</hdop>
	<extensions>
		<gpxtpx:TrackPointExtension>
			<gpxtpx:course>37.25286</gpxtpx:course>
		</gpxtpx:TrackPointExtension>
	</extensions>
</trkpt>
<trkpt lat="50.8394499" lon="14.2075651">
	<ele>287.82</ele>
	<time>2020-07-18T13:57:51.000Z</time>
	<hdop>8.00</hdop>
	<extensions>
		<gpxtpx:TrackPointExtension>
			<gpxtpx:course>39.874912</gpxtpx:course>
		</gpxtpx:TrackPointExtension>
	</extensions>
</trkpt>
<trkpt lat="50.8396176" lon="14.2078544">
	<ele>285.53</ele>
	<time>2020-07-18T13:57:56.000Z</time>
	<hdop>8.00</hdop>
	<extensions>
		<gpxtpx:TrackPointExtension>
			<gpxtpx:course>62.171864</gpxtpx:course>
		</gpxtpx:TrackPointExtension>
	</extensions>
</trkpt>
<trkpt lat="50.8397370" lon="14.2080981">
	<ele>283.86</ele>
	<time>2020-07-18T13:58:01.000Z</time>
	<hdop>8.00</hdop>
	<extensions>
		<gpxtpx:TrackPointExtension>
			<gpxtpx:course>38.606213</gpxtpx:course>
		</gpxtpx:TrackPointExtension>
	</extensions>
</trkpt>
<trkpt lat="50.8398325" lon="14.2082298">
	<ele>284.91</ele>
	<time>2020-07-18T13:58:06.000Z</time>
	<hdop>8.00</hdop>
	<extensions>
		<gpxtpx:TrackPointExtension>
			<gpxtpx:course>52.983475</gpxtpx:course>
		</gpxtpx:TrackPointExtension>
	</extensions>
</trkpt>
<trkpt lat="50.8398887" lon="14.2084072">
	<ele>285.35</ele>
	<time>2020-07-18T13:58:11.000Z</time>
	<hdop>6.00</hdop>
	<extensions>
		<gpxtpx:TrackPointExtension>
			<gpxtpx:course>67.979866</gpxtpx:course>
		</gpxtpx:TrackPointExtension>
	</extensions>
</trkpt>
<trkpt lat="50.8399531" lon="14.2085840">
	<ele>285.98</ele>
	<time>2020-07-18T13:58:16.000Z</time>
	<hdop>6.00</hdop>
	<extensions>
		<gpxtpx:TrackPointExtension>
			<gpxtpx:course>27.277678</gpxtpx:course>
		</gpxtpx:TrackPointExtension>
	</extensions>
</trkpt>
<trkpt lat="50.8400929" lon="14.2086841">
	<ele>286.87</ele>
	<time>2020-07-18T13:58:21.000Z</time>
	<hdop>6.00</hdop>
	<extensions>
		<gpxtpx:TrackPointExtension>
			<gpxtpx:course>38.48305</gpxtpx:course>
		</gpxtpx:TrackPointExtension>
	</extensions>
</trkpt>
<trkpt lat="50.8401870" lon="14.2087789">
	<ele>287.94</ele>
	<time>2020-07-18T13:58:26.000Z</time>
	<hdop>6.00</hdop>
	<extensions>
		<gpxtpx:TrackPointExtension>
			<gpxtpx:course>17.107912</gpxtpx:course>
		</gpxtpx:TrackPointExtension>
	</extensions>
</trkpt>
<trkpt lat="50.8402732" lon="14.2089475">
	<ele>287.74</ele>
	<time>2020-07-18T13:58:31.000Z</time>
	<hdop>6.00</hdop>
	<extensions>
		<gpxtpx:TrackPointExtension>
			<gpxtpx:course>36.80807</gpxtpx:course>
		</gpxtpx:TrackPointExtension>
	</extensions>
</trkpt>
<trkpt lat="50.8404436" lon="14.2090771">
	<ele>287.36</ele>
	<time>2020-07-18T13:58:36.000Z</time>
	<hdop>8.00</hdop>
	<extensions>
		<gpxtpx:TrackPointExtension>
			<gpxtpx:course>14.393959</gpxtpx:course>
		</gpxtpx:TrackPointExtension>
	</extensions>
</trkpt>
<trkpt lat="50.8405523" lon="14.2091006">
	<ele>286.92</ele>
	<time>2020-07-18T13:58:41.000Z</time>
	<hdop>8.00</hdop>
	<extensions>
		<gpxtpx:TrackPointExtension>
			<gpxtpx:course>1.339127</gpxtpx:course>
		</gpxtpx:TrackPointExtension>
	</extensions>
</trkpt>
<trkpt lat="50.8406197" lon="14.2091996">
	<ele>285.25</ele>
	<time>2020-07-18T13:58:56.000Z</time>
	<hdop>6.00</hdop>
	<extensions>
		<gpxtpx:TrackPointExtension>
			<gpxtpx:course>2.7506266</gpxtpx:course>
		</gpxtpx:TrackPointExtension>
	</extensions>
</trkpt>
<trkpt lat="50.8406935" lon="14.2092942">
	<ele>283.15</ele>
	<time>2020-07-18T13:59:07.000Z</time>
	<hdop>6.00</hdop>
	<extensions>
		<gpxtpx:TrackPointExtension>
			<gpxtpx:course>99.74043</gpxtpx:course>
		</gpxtpx:TrackPointExtension>
	</extensions>
</trkpt>
<trkpt lat="50.8407649" lon="14.2094194">
	<ele>281.74</ele>
	<time>2020-07-18T13:59:13.000Z</time>
	<hdop>6.00</hdop>
	<extensions>
		<gpxtpx:TrackPointExtension>
			<gpxtpx:course>37.69142</gpxtpx:course>
		</gpxtpx:TrackPointExtension>
	</extensions>
</trkpt>
<trkpt lat="50.8408412" lon="14.2095493">
	<ele>280.58</ele>
	<time>2020-07-18T13:59:18.000Z</time>
	<hdop>6.00</hdop>
	<extensions>
		<gpxtpx:TrackPointExtension>
			<gpxtpx:course>32.001625</gpxtpx:course>
		</gpxtpx:TrackPointExtension>
	</extensions>
</trkpt>
<trkpt lat="50.8409345" lon="14.2096885">
	<ele>279.45</ele>
	<time>2020-07-18T13:59:23.000Z</time>
	<hdop>6.00</hdop>
	<extensions>
		<gpxtpx:TrackPointExtension>
			<gpxtpx:course>63.949203</gpxtpx:course>
		</gpxtpx:TrackPointExtension>
	</extensions>
</trkpt>
<trkpt lat="50.8409904" lon="14.2098438">
	<ele>278.31</ele>
	<time>2020-07-18T13:59:28.000Z</time>
	<hdop>6.00</hdop>
	<extensions>
		<gpxtpx:TrackPointExtension>
			<gpxtpx:course>43.29745</gpxtpx:course>
		</gpxtpx:TrackPointExtension>
	</extensions>
</trkpt>
<trkpt lat="50.8410858" lon="14.2100146">
	<ele>277.11</ele>
	<time>2020-07-18T13:59:33.000Z</time>
	<hdop>6.00</hdop>
	<extensions>
		<gpxtpx:TrackPointExtension>
			<gpxtpx:course>87.057526</gpxtpx:course>
		</gpxtpx:TrackPointExtension>
	</extensions>
</trkpt>
<trkpt lat="50.8411124" lon="14.2101653">
	<ele>275.73</ele>
	<time>2020-07-18T13:59:39.000Z</time>
	<hdop>6.00</hdop>
	<extensions>
		<gpxtpx:TrackPointExtension>
			<gpxtpx:course>67.78959</gpxtpx:course>
		</gpxtpx:TrackPointExtension>
	</extensions>
</trkpt>
<trkpt lat="50.8411515" lon="14.2103384">
	<ele>273.21</ele>
	<time>2020-07-18T13:59:44.000Z</time>
	<hdop>6.00</hdop>
	<extensions>
		<gpxtpx:TrackPointExtension>
			<gpxtpx:course>82.62346</gpxtpx:course>
		</gpxtpx:TrackPointExtension>
	</extensions>
</trkpt>
<trkpt lat="50.8411809" lon="14.2105721">
	<ele>268.75</ele>
	<time>2020-07-18T13:59:49.000Z</time>
	<hdop>6.00</hdop>
	<extensions>
		<gpxtpx:TrackPointExtension>
			<gpxtpx:course>66.180046</gpxtpx:course>
		</gpxtpx:TrackPointExtension>
	</extensions>
</trkpt>
<trkpt lat="50.8412222" lon="14.2107808">
	<ele>265.60</ele>
	<time>2020-07-18T13:59:54.000Z</time>
	<hdop>6.00</hdop>
	<extensions>
		<gpxtpx:TrackPointExtension>
			<gpxtpx:course>42.392155</gpxtpx:course>
		</gpxtpx:TrackPointExtension>
	</extensions>
</trkpt>
<trkpt lat="50.8412491" lon="14.2109463">
	<ele>265.88</ele>
	<time>2020-07-18T13:59:59.000Z</time>
	<hdop>6.00</hdop>
	<extensions>
		<gpxtpx:TrackPointExtension>
			<gpxtpx:course>86.03061</gpxtpx:course>
		</gpxtpx:TrackPointExtension>
	</extensions>
</trkpt>
<trkpt lat="50.8413237" lon="14.2111252">
	<ele>268.91</ele>
	<time>2020-07-18T14:00:04.000Z</time>
	<hdop>6.00</hdop>
	<extensions>
		<gpxtpx:TrackPointExtension>
			<gpxtpx:course>41.55082</gpxtpx:course>
		</gpxtpx:TrackPointExtension>
	</extensions>
</trkpt>
<trkpt lat="50.8413703" lon="14.2112642">
	<ele>269.08</ele>
	<time>2020-07-18T14:00:09.000Z</time>
	<hdop>6.00</hdop>
	<extensions>
		<gpxtpx:TrackPointExtension>
			<gpxtpx:course>51.640766</gpxtpx:course>
		</gpxtpx:TrackPointExtension>
	</extensions>
</trkpt>
<trkpt lat="50.8414230" lon="14.2114080">
	<ele>268.10</ele>
	<time>2020-07-18T14:00:14.000Z</time>
	<hdop>6.00</hdop>
	<extensions>
		<gpxtpx:TrackPointExtension>
			<gpxtpx:course>43.619488</gpxtpx:course>
		</gpxtpx:TrackPointExtension>
	</extensions>
</trkpt>
<trkpt lat="50.8414476" lon="14.2115529">
	<ele>266.91</ele>
	<time>2020-07-18T14:00:19.000Z</time>
	<hdop>8.00</hdop>
	<extensions>
		<gpxtpx:TrackPointExtension>
			<gpxtpx:course>79.81312</gpxtpx:course>
		</gpxtpx:TrackPointExtension>
	</extensions>
</trkpt>
<trkpt lat="50.8414602" lon="14.2118620">
	<ele>265.65</ele>
	<time>2020-07-18T14:00:24.000Z</time>
	<hdop>8.00</hdop>
	<extensions>
		<gpxtpx:TrackPointExtension>
			<gpxtpx:course>75.78712</gpxtpx:course>
		</gpxtpx:TrackPointExtension>
	</extensions>
</trkpt>
<trkpt lat="50.8414677" lon="14.2122011">
	<ele>262.76</ele>
	<time>2020-07-18T14:00:29.000Z</time>
	<hdop>8.00</hdop>
	<extensions>
		<gpxtpx:TrackPointExtension>
			<gpxtpx:course>95.1582</gpxtpx:course>
		</gpxtpx:TrackPointExtension>
	</extensions>
</trkpt>
<trkpt lat="50.8414694" lon="14.2123598">
	<ele>260.80</ele>
	<time>2020-07-18T14:00:34.000Z</time>
	<hdop>8.00</hdop>
	<extensions>
		<gpxtpx:TrackPointExtension>
			<gpxtpx:course>59.742218</gpxtpx:course>
		</gpxtpx:TrackPointExtension>
	</extensions>
</trkpt>
<trkpt lat="50.8414488" lon="14.2125072">
	<ele>259.14</ele>
	<time>2020-07-18T14:00:41.000Z</time>
	<hdop>6.00</hdop>
	<extensions>
		<gpxtpx:TrackPointExtension>
			<gpxtpx:course>108.03853</gpxtpx:course>
		</gpxtpx:TrackPointExtension>
	</extensions>
</trkpt>
<trkpt lat="50.8414361" lon="14.2126783">
	<ele>255.70</ele>
	<time>2020-07-18T14:00:50.000Z</time>
	<hdop>6.00</hdop>
	<extensions>
		<gpxtpx:TrackPointExtension>
			<gpxtpx:course>100.19887</gpxtpx:course>
		</gpxtpx:TrackPointExtension>
	</extensions>
</trkpt>
<trkpt lat="50.8414580" lon="14.2129073">
	<ele>252.80</ele>
	<time>2020-07-18T14:00:55.000Z</time>
	<hdop>6.00</hdop>
	<extensions>
		<gpxtpx:TrackPointExtension>
			<gpxtpx:course>55.287163</gpxtpx:course>
		</gpxtpx:TrackPointExtension>
	</extensions>
</trkpt>
<trkpt lat="50.8415600" lon="14.2131596">
	<ele>249.83</ele>
	<time>2020-07-18T14:01:00.000Z</time>
	<hdop>6.00</hdop>
	<extensions>
		<gpxtpx:TrackPointExtension>
			<gpxtpx:course>77.15756</gpxtpx:course>
		</gpxtpx:TrackPointExtension>
	</extensions>
</trkpt>
<trkpt lat="50.8415827" lon="14.2135105">
	<ele>243.66</ele>
	<time>2020-07-18T14:01:05.000Z</time>
	<hdop>8.00</hdop>
	<extensions>
		<gpxtpx:TrackPointExtension>
			<gpxtpx:course>70.84981</gpxtpx:course>
		</gpxtpx:TrackPointExtension>
	</extensions>
</trkpt>
<trkpt lat="50.8416362" lon="14.2137068">
	<ele>239.58</ele>
	<time>2020-07-18T14:01:10.000Z</time>
	<hdop>6.00</hdop>
	<extensions>
		<gpxtpx:TrackPointExtension>
			<gpxtpx:course>83.660774</gpxtpx:course>
		</gpxtpx:TrackPointExtension>
	</extensions>
</trkpt>
<trkpt lat="50.8416204" lon="14.2140280">
	<ele>233.23</ele>
	<time>2020-07-18T14:01:23.685Z</time>
	<hdop>6.00</hdop>
	<extensions>
		<gpxtpx:TrackPointExtension>
			<gpxtpx:course>123.58261</gpxtpx:course>
		</gpxtpx:TrackPointExtension>
	</extensions>
</trkpt>
<trkpt lat="50.8416767" lon="14.2146036">
	<ele>232.28</ele>
	<time>2020-07-18T14:01:26.117Z</time>
	<hdop>5.98</hdop>
	<extensions>
		<gpxtpx:TrackPointExtension>
			<gpxtpx:course>140.37856</gpxtpx:course>
		</gpxtpx:TrackPointExtension>
	</extensions>
</trkpt>
<trkpt lat="50.8417928" lon="14.2153425">
	<ele>232.21</ele>
	<time>2020-07-18T14:01:26.279Z</time>
	<hdop>5.96</hdop>
	<extensions>
		<gpxtpx:TrackPointExtension>
			<gpxtpx:course>140.72537</gpxtpx:course>
		</gpxtpx:TrackPointExtension>
	</extensions>
</trkpt>
</trkseg>
<trkseg>
<trkpt lat="50.8423932" lon="14.2163030">
	<ele>232.07</ele>
	<time>2020-07-18T14:01:26.568Z</time>
	<hdop>5.91</hdop>
	<extensions>
		<gpxtpx:TrackPointExtension>
			<gpxtpx:course>141.34099</gpxtpx:course>
		</gpxtpx:TrackPointExtension>
	</extensions>
</trkpt>
<trkpt lat="50.8433114" lon="14.2164845">
	<ele>231.93</ele>
	<time>2020-07-18T14:01:26.881Z</time>
	<hdop>5.86</hdop>
	<extensions>
		<gpxtpx:TrackPointExtension>
			<gpxtpx:course>142.00842</gpxtpx:course>
		</gpxtpx:TrackPointExtension>
	</extensions>
</trkpt>
<trkpt lat="50.8430067" lon="14.2167385">
	<ele>231.87</ele>
	<time>2020-07-18T14:01:26.997Z</time>
	<hdop>5.85</hdop>
	<extensions>
		<gpxtpx:TrackPointExtension>
			<gpxtpx:course>142.25679</gpxtpx:course>
		</gpxtpx:TrackPointExtension>
	</extensions>
</trkpt>
<trkpt lat="50.8431218" lon="14.2170642">
	<ele>231.83</ele>
	<time>2020-07-18T14:01:27.077Z</time>
	<hdop>5.83</hdop>
	<extensions>
		<gpxtpx:TrackPointExtension>
			<gpxtpx:course>142.42679</gpxtpx:course>
		</gpxtpx:TrackPointExtension>
	</extensions>
</trkpt>
<trkpt lat="50.8434316" lon="14.2169612">
	<ele>231.78</ele>
	<time>2020-07-18T14:01:27.184Z</time>
	<hdop>5.82</hdop>
	<extensions>
		<gpxtpx:TrackPointExtension>
			<gpxtpx:course>142.6551</gpxtpx:course>
		</gpxtpx:TrackPointExtension>
	</extensions>
</trkpt>
<trkpt lat="50.8439345" lon="14.2168011">
	<ele>231.70</ele>
	<time>2020-07-18T14:01:27.357Z</time>
	<hdop>5.79</hdop>
	<extensions>
		<gpxtpx:TrackPointExtension>
			<gpxtpx:course>143.0251</gpxtpx:course>
		</gpxtpx:TrackPointExtension>
	</extensions>
</trkpt>
<trkpt lat="50.8448076" lon="14.2163330">
	<ele>231.56</ele>
	<time>2020-07-18T14:01:27.669Z</time>
	<hdop>5.74</hdop>
	<extensions>
		<gpxtpx:TrackPointExtension>
			<gpxtpx:course>143.68996</gpxtpx:course>
		</gpxtpx:TrackPointExtension>
	</extensions>
</trkpt>
<trkpt lat="50.8465387" lon="14.2153879">
	<ele>231.27</ele>
	<time>2020-07-18T14:01:28.288Z</time>
	<hdop>5.65</hdop>
	<extensions>
		<gpxtpx:TrackPointExtension>
			<gpxtpx:course>145.01077</gpxtpx:course>
		</gpxtpx:TrackPointExtension>
	</extensions>
</trkpt>
<trkpt lat="50.8483496" lon="14.2153118">
	<ele>230.98</ele>
	<time>2020-07-18T14:01:28.901Z</time>
	<hdop>5.55</hdop>
	<extensions>
		<gpxtpx:TrackPointExtension>
			<gpxtpx:course>146.31744</gpxtpx:course>
		</gpxtpx:TrackPointExtension>
	</extensions>
</trkpt>
<trkpt lat="50.8502169" lon="14.2159748">
	<ele>230.68</ele>
	<time>2020-07-18T14:01:29.548Z</time>
	<hdop>5.45</hdop>
	<extensions>
		<gpxtpx:TrackPointExtension>
			<gpxtpx:course>147.69775</gpxtpx:course>
		</gpxtpx:TrackPointExtension>
	</extensions>
</trkpt>
<trkpt lat="50.8520535" lon="14.2171536">
	<ele>230.36</ele>
	<time>2020-07-18T14:01:30.218Z</time>
	<hdop>5.35</hdop>
	<extensions>
		<gpxtpx:TrackPointExtension>
			<gpxtpx:course>149.12712</gpxtpx:course>
		</gpxtpx:TrackPointExtension>
	</extensions>
</trkpt>
<trkpt lat="50.8538685" lon="14.2185187">
	<ele>230.05</ele>
	<time>2020-07-18T14:01:30.897Z</time>
	<hdop>5.25</hdop>
	<extensions>
		<gpxtpx:TrackPointExtension>
			<gpxtpx:course>150.5764</gpxtpx:course>
		</gpxtpx:TrackPointExtension>
	</extensions>
</trkpt>
<trkpt lat="50.8574879" lon="14.2212235">
	<ele>229.41</ele>
	<time>2020-07-18T14:01:32.250Z</time>
	<hdop>5.04</hdop>
	<extensions>
		<gpxtpx:TrackPointExtension>
			<gpxtpx:course>153.46309</gpxtpx:course>
		</gpxtpx:TrackPointExtension>
	</extensions>
</trkpt>
<trkpt lat="50.8586162" lon="14.2218540">
	<ele>229.22</ele>
	<time>2020-07-18T14:01:32.655Z</time>
	<hdop>4.98</hdop>
	<extensions>
		<gpxtpx:TrackPointExtension>
			<gpxtpx:course>154.32608</gpxtpx:course>
		</gpxtpx:TrackPointExtension>
	</extensions>
</trkpt>
<trkpt lat="50.8589772" lon="14.2220086">
	<ele>229.16</ele>
	<time>2020-07-18T14:01:32.781Z</time>
	<hdop>4.96</hdop>
	<extensions>
		<gpxtpx:TrackPointExtension>
			<gpxtpx:course>154.5958</gpxtpx:course>
		</gpxtpx:TrackPointExtension>
	</extensions>
</trkpt>
<trkpt lat="50.8593265" lon="14.2223420">
	<ele>229.10</ele>
	<time>2020-07-18T14:01:32.919Z</time>
	<hdop>4.94</hdop>
	<extensions>
		<gpxtpx:TrackPointExtension>
			<gpxtpx:course>154.88997</gpxtpx:course>
		</gpxtpx:TrackPointExtension>
	</extensions>
</trkpt>
<trkpt lat="50.8610017" lon="14.2240281">
	<ele>228.78</ele>
	<time>2020-07-18T14:01:33.590Z</time>
	<hdop>4.83</hdop>
	<extensions>
		<gpxtpx:TrackPointExtension>
			<gpxtpx:course>156.32155</gpxtpx:course>
		</gpxtpx:TrackPointExtension>
	</extensions>
</trkpt>
<trkpt lat="50.8627896" lon="14.2254845">
	<ele>228.47</ele>
	<time>2020-07-18T14:01:34.270Z</time>
	<hdop>4.73</hdop>
	<extensions>
		<gpxtpx:TrackPointExtension>
			<gpxtpx:course>157.77165</gpxtpx:course>
		</gpxtpx:TrackPointExtension>
	</extensions>
</trkpt>
<trkpt lat="50.8646040" lon="14.2268272">
	<ele>228.15</ele>
	<time>2020-07-18T14:01:34.947Z</time>
	<hdop>4.62</hdop>
	<extensions>
		<gpxtpx:TrackPointExtension>
			<gpxtpx:course>159.21613</gpxtpx:course>
		</gpxtpx:TrackPointExtension>
	</extensions>
</trkpt>
<trkpt lat="50.8680788" lon="14.2300337">
	<ele>227.51</ele>
	<time>2020-07-18T14:01:36.307Z</time>
	<hdop>4.41</hdop>
	<extensions>
		<gpxtpx:TrackPointExtension>
			<gpxtpx:course>162.11664</gpxtpx:course>
		</gpxtpx:TrackPointExtension>
	</extensions>
</trkpt>
<trkpt lat="50.8697635" lon="14.2316056">
	<ele>227.20</ele>
	<time>2020-07-18T14:01:36.968Z</time>
	<hdop>4.31</hdop>
	<extensions>
		<gpxtpx:TrackPointExtension>
			<gpxtpx:course>163.52684</gpxtpx:course>
		</gpxtpx:TrackPointExtension>
	</extensions>
</trkpt>
<trkpt lat="50.8706858" lon="14.2320708">
	<ele>227.05</ele>
	<time>2020-07-18T14:01:37.295Z</time>
	<hdop>4.26</hdop>
	<extensions>
		<gpxtpx:TrackPointExtension>
			<gpxtpx:course>164.225</gpxtpx:course>
		</gpxtpx:TrackPointExtension>
	</extensions>
</trkpt>
<trkpt lat="50.8717026" lon="14.2326819">
	<ele>226.88</ele>
	<time>2020-07-18T14:01:37.663Z</time>
	<hdop>4.21</hdop>
	<extensions>
		<gpxtpx:TrackPointExtension>
			<gpxtpx:course>165.0094</gpxtpx:course>
		</gpxtpx:TrackPointExtension>
	</extensions>
</trkpt>
<trkpt lat="50.8754608" lon="14.2346307">
	<ele>226.25</ele>
	<time>2020-07-18T14:01:39.000Z</time>
	<hdop>4.00</hdop>
	<extensions>
		<gpxtpx:TrackPointExtension>
			<gpxtpx:course>167.86166</gpxtpx:course>
		</gpxtpx:TrackPointExtension>
	</extensions>
</trkpt>
</trkseg>
</trk>
</gpx>
