<?xml version="1.0" encoding="UTF-8"?>
<gpx version="1.1"
   creator="MTK - http://www.toursprung.com"
   xmlns="http://www.topografix.com/GPX/1/1"
   xmlns:xsi="http://www.w3.org/2001/XMLSchema-instance"
   xsi:schemaLocation="http://www.topografix.com/GPX/1/1 http://www.topografix.com/GPX/1/1/gpx.xsd"
   xmlns:gpxtpx="http://www.garmin.com/xmlschemas/TrackPointExtension/v1"
   xmlns:gpxx="http://www.garmin.com/xmlschemas/GpxExtensions/v3"
   targetNamespace="http://www.topografix.com/GPX/1/1"
   elementFormDefault="qualified">
   <metadata>
      <name><![CDATA[Hohe Tour über Taubenteich]]></name>
      
   </metadata>
   
      <trk><name><![CDATA[Hohe Tour über Taubenteich]]></name><trkseg>
         <trkpt lat="50.7663572" lon="13.7538838"><ele>0</ele></trkpt>
<trkpt lat="50.7662661" lon="13.7538367"><ele>0</ele></trkpt>
<trkpt lat="50.7661643" lon="13.7537159"><ele>0</ele></trkpt>
<trkpt lat="50.766065" lon="13.7535823"><ele>0</ele></trkpt>
<trkpt lat="50.7659515" lon="13.7534511"><ele>0</ele></trkpt>
<trkpt lat="50.765851" lon="13.7533085"><ele>0</ele></trkpt>
<trkpt lat="50.7658193" lon="13.7531695"><ele>0</ele></trkpt>
<trkpt lat="50.7657294" lon="13.7531516"><ele>0</ele></trkpt>
<trkpt lat="50.7655979" lon="13.7531021"><ele>0</ele></trkpt>
<trkpt lat="50.7655122" lon="13.7532803"><ele>0</ele></trkpt>
<trkpt lat="50.7654099" lon="13.7536671"><ele>0</ele></trkpt>
<trkpt lat="50.7651852" lon="13.7537278"><ele>0</ele></trkpt>
<trkpt lat="50.7649916" lon="13.7534905"><ele>0</ele></trkpt>
<trkpt lat="50.7647789" lon="13.7532838"><ele>0</ele></trkpt>
<trkpt lat="50.7645609" lon="13.753071"><ele>0</ele></trkpt>
<trkpt lat="50.7643813" lon="13.7528698"><ele>0</ele></trkpt>
<trkpt lat="50.7641668" lon="13.7526354"><ele>0</ele></trkpt>
<trkpt lat="50.7639743" lon="13.7524384"><ele>0</ele></trkpt>
<trkpt lat="50.7638113" lon="13.7522002"><ele>0</ele></trkpt>
<trkpt lat="50.7636618" lon="13.7520413"><ele>0</ele></trkpt>
<trkpt lat="50.7634901" lon="13.7518589"><ele>0</ele></trkpt>
<trkpt lat="50.7633484" lon="13.7517118"><ele>0</ele></trkpt>
<trkpt lat="50.7632233" lon="13.7515976"><ele>0</ele></trkpt>
<trkpt lat="50.763055" lon="13.7515037"><ele>0</ele></trkpt>
<trkpt lat="50.7629019" lon="13.7513648"><ele>0</ele></trkpt>
<trkpt lat="50.7627862" lon="13.7512767"><ele>0</ele></trkpt>
<trkpt lat="50.7627159" lon="13.7513903"><ele>0</ele></trkpt>
<trkpt lat="50.7627017" lon="13.7516324"><ele>0</ele></trkpt>
<trkpt lat="50.7624798" lon="13.7522022"><ele>0</ele></trkpt>
<trkpt lat="50.7623802" lon="13.7527646"><ele>0</ele></trkpt>
<trkpt lat="50.7624004" lon="13.753161"><ele>0</ele></trkpt>
<trkpt lat="50.7622632" lon="13.7532732"><ele>0</ele></trkpt>
<trkpt lat="50.7621557" lon="13.7532924"><ele>0</ele></trkpt>
<trkpt lat="50.7620715" lon="13.7532021"><ele>0</ele></trkpt>
<trkpt lat="50.7620103" lon="13.7530679"><ele>0</ele></trkpt>
<trkpt lat="50.7619364" lon="13.7529408"><ele>0</ele></trkpt>
<trkpt lat="50.7618688" lon="13.7528256"><ele>0</ele></trkpt>
<trkpt lat="50.7617921" lon="13.752732"><ele>0</ele></trkpt>
<trkpt lat="50.7617085" lon="13.7526286"><ele>0</ele></trkpt>
<trkpt lat="50.7615804" lon="13.7525571"><ele>0</ele></trkpt>
<trkpt lat="50.7615017" lon="13.7524748"><ele>0</ele></trkpt>
<trkpt lat="50.761374" lon="13.7523887"><ele>0</ele></trkpt>
<trkpt lat="50.7613007" lon="13.7522962"><ele>0</ele></trkpt>
<trkpt lat="50.7612226" lon="13.7522096"><ele>0</ele></trkpt>
<trkpt lat="50.7610912" lon="13.7521508"><ele>0</ele></trkpt>
<trkpt lat="50.7609592" lon="13.7520378"><ele>0</ele></trkpt>
<trkpt lat="50.7608822" lon="13.7519298"><ele>0</ele></trkpt>
<trkpt lat="50.7607751" lon="13.7518797"><ele>0</ele></trkpt>
<trkpt lat="50.7606728" lon="13.7517541"><ele>0</ele></trkpt>
<trkpt lat="50.7605427" lon="13.7516363"><ele>0</ele></trkpt>
<trkpt lat="50.7604515" lon="13.7515588"><ele>0</ele></trkpt>
<trkpt lat="50.760347" lon="13.751481"><ele>0</ele></trkpt>
<trkpt lat="50.7602408" lon="13.7514347"><ele>0</ele></trkpt>
<trkpt lat="50.7601294" lon="13.7513633"><ele>0</ele></trkpt>
<trkpt lat="50.7600233" lon="13.7513177"><ele>0</ele></trkpt>
<trkpt lat="50.7599259" lon="13.7512516"><ele>0</ele></trkpt>
<trkpt lat="50.7598384" lon="13.7512022"><ele>0</ele></trkpt>
<trkpt lat="50.7597351" lon="13.7511796"><ele>0</ele></trkpt>
<trkpt lat="50.7596385" lon="13.7511559"><ele>0</ele></trkpt>
<trkpt lat="50.759529" lon="13.751132"><ele>0</ele></trkpt>
<trkpt lat="50.7593925" lon="13.7510901"><ele>0</ele></trkpt>
<trkpt lat="50.7592583" lon="13.7510482"><ele>0</ele></trkpt>
<trkpt lat="50.7591397" lon="13.7509796"><ele>0</ele></trkpt>
<trkpt lat="50.7590009" lon="13.7509654"><ele>0</ele></trkpt>
<trkpt lat="50.7588622" lon="13.7509"><ele>0</ele></trkpt>
<trkpt lat="50.7587562" lon="13.7509008"><ele>0</ele></trkpt>
<trkpt lat="50.7586597" lon="13.7508856"><ele>0</ele></trkpt>
<trkpt lat="50.7585333" lon="13.7508744"><ele>0</ele></trkpt>
<trkpt lat="50.7584293" lon="13.7508715"><ele>0</ele></trkpt>
<trkpt lat="50.7582912" lon="13.7508597"><ele>0</ele></trkpt>
<trkpt lat="50.7581774" lon="13.7508532"><ele>0</ele></trkpt>
<trkpt lat="50.7580514" lon="13.7508482"><ele>0</ele></trkpt>
<trkpt lat="50.7579181" lon="13.7508741"><ele>0</ele></trkpt>
<trkpt lat="50.7577972" lon="13.7509168"><ele>0</ele></trkpt>
<trkpt lat="50.757648" lon="13.750975"><ele>0</ele></trkpt>
<trkpt lat="50.757558" lon="13.7509934"><ele>0</ele></trkpt>
<trkpt lat="50.7574485" lon="13.7510444"><ele>0</ele></trkpt>
<trkpt lat="50.7573184" lon="13.7510953"><ele>0</ele></trkpt>
<trkpt lat="50.7571848" lon="13.7511116"><ele>0</ele></trkpt>
<trkpt lat="50.7570921" lon="13.7511737"><ele>0</ele></trkpt>
<trkpt lat="50.7569827" lon="13.7512511"><ele>0</ele></trkpt>
<trkpt lat="50.7568822" lon="13.7512988"><ele>0</ele></trkpt>
<trkpt lat="50.7567419" lon="13.7513672"><ele>0</ele></trkpt>
<trkpt lat="50.7566011" lon="13.7514258"><ele>0</ele></trkpt>
<trkpt lat="50.7564021" lon="13.7514131"><ele>0</ele></trkpt>
<trkpt lat="50.7562314" lon="13.751386"><ele>0</ele></trkpt>
<trkpt lat="50.7560999" lon="13.7513337"><ele>0</ele></trkpt>
<trkpt lat="50.7559676" lon="13.7513084"><ele>0</ele></trkpt>
<trkpt lat="50.7557642" lon="13.7512905"><ele>0</ele></trkpt>
<trkpt lat="50.7556136" lon="13.7512692"><ele>0</ele></trkpt>
<trkpt lat="50.7554472" lon="13.7512996"><ele>0</ele></trkpt>
<trkpt lat="50.7553238" lon="13.7513163"><ele>0</ele></trkpt>
<trkpt lat="50.7551996" lon="13.7512962"><ele>0</ele></trkpt>
<trkpt lat="50.7550799" lon="13.7513142"><ele>0</ele></trkpt>
<trkpt lat="50.7549843" lon="13.7512789"><ele>0</ele></trkpt>
<trkpt lat="50.7549523" lon="13.7511324"><ele>0</ele></trkpt>
<trkpt lat="50.7548603" lon="13.7510862"><ele>0</ele></trkpt>
<trkpt lat="50.7546946" lon="13.7510868"><ele>0</ele></trkpt>
<trkpt lat="50.7545235" lon="13.7511039"><ele>0</ele></trkpt>
<trkpt lat="50.754366" lon="13.7510512"><ele>0</ele></trkpt>
<trkpt lat="50.7542447" lon="13.7509824"><ele>0</ele></trkpt>
<trkpt lat="50.7540848" lon="13.7509355"><ele>0</ele></trkpt>
<trkpt lat="50.7539227" lon="13.7508913"><ele>0</ele></trkpt>
<trkpt lat="50.7537965" lon="13.7508686"><ele>0</ele></trkpt>
<trkpt lat="50.7536773" lon="13.7507942"><ele>0</ele></trkpt>
<trkpt lat="50.7535693" lon="13.7507216"><ele>0</ele></trkpt>
<trkpt lat="50.7534618" lon="13.7506642"><ele>0</ele></trkpt>
<trkpt lat="50.7533446" lon="13.7505774"><ele>0</ele></trkpt>
<trkpt lat="50.7532388" lon="13.7505134"><ele>0</ele></trkpt>
<trkpt lat="50.7531462" lon="13.7504312"><ele>0</ele></trkpt>
<trkpt lat="50.7530288" lon="13.7503712"><ele>0</ele></trkpt>
<trkpt lat="50.7529255" lon="13.7503397"><ele>0</ele></trkpt>
<trkpt lat="50.7528334" lon="13.7503247"><ele>0</ele></trkpt>
<trkpt lat="50.7527227" lon="13.7502259"><ele>0</ele></trkpt>
<trkpt lat="50.7526401" lon="13.7501304"><ele>0</ele></trkpt>
<trkpt lat="50.7525568" lon="13.7500286"><ele>0</ele></trkpt>
<trkpt lat="50.7524681" lon="13.7499737"><ele>0</ele></trkpt>
<trkpt lat="50.7523704" lon="13.7499361"><ele>0</ele></trkpt>
<trkpt lat="50.7522714" lon="13.749861"><ele>0</ele></trkpt>
<trkpt lat="50.7521929" lon="13.7497883"><ele>0</ele></trkpt>
<trkpt lat="50.7520785" lon="13.7497092"><ele>0</ele></trkpt>
<trkpt lat="50.7519742" lon="13.7496821"><ele>0</ele></trkpt>
<trkpt lat="50.7518462" lon="13.7496326"><ele>0</ele></trkpt>
<trkpt lat="50.7517225" lon="13.7495794"><ele>0</ele></trkpt>
<trkpt lat="50.7515851" lon="13.7495321"><ele>0</ele></trkpt>
<trkpt lat="50.7514492" lon="13.749501"><ele>0</ele></trkpt>
<trkpt lat="50.7513071" lon="13.749451"><ele>0</ele></trkpt>
<trkpt lat="50.7511709" lon="13.749397"><ele>0</ele></trkpt>
<trkpt lat="50.7509755" lon="13.7492998"><ele>0</ele></trkpt>
<trkpt lat="50.7507656" lon="13.7492302"><ele>0</ele></trkpt>
<trkpt lat="50.7505279" lon="13.749181"><ele>0</ele></trkpt>
<trkpt lat="50.7502365" lon="13.7490007"><ele>0</ele></trkpt>
<trkpt lat="50.7499689" lon="13.7488217"><ele>0</ele></trkpt>
<trkpt lat="50.7497242" lon="13.7486934"><ele>0</ele></trkpt>
<trkpt lat="50.7494903" lon="13.7485491"><ele>0</ele></trkpt>
<trkpt lat="50.7492158" lon="13.7483807"><ele>0</ele></trkpt>
<trkpt lat="50.7489782" lon="13.7482176"><ele>0</ele></trkpt>
<trkpt lat="50.7487411" lon="13.7481337"><ele>0</ele></trkpt>
<trkpt lat="50.7485103" lon="13.747989"><ele>0</ele></trkpt>
<trkpt lat="50.7482769" lon="13.7478429"><ele>0</ele></trkpt>
<trkpt lat="50.74803" lon="13.7477649"><ele>0</ele></trkpt>
<trkpt lat="50.7478061" lon="13.7478541"><ele>0</ele></trkpt>
<trkpt lat="50.7475675" lon="13.7479862"><ele>0</ele></trkpt>
<trkpt lat="50.7474368" lon="13.7481043"><ele>0</ele></trkpt>
<trkpt lat="50.7472184" lon="13.7481877"><ele>0</ele></trkpt>
<trkpt lat="50.7470694" lon="13.7482159"><ele>0</ele></trkpt>
<trkpt lat="50.7469161" lon="13.7482368"><ele>0</ele></trkpt>
<trkpt lat="50.7467451" lon="13.7481786"><ele>0</ele></trkpt>
<trkpt lat="50.7465324" lon="13.7481203"><ele>0</ele></trkpt>
<trkpt lat="50.7463542" lon="13.7480959"><ele>0</ele></trkpt>
<trkpt lat="50.7461371" lon="13.748065"><ele>0</ele></trkpt>
<trkpt lat="50.7459933" lon="13.7480624"><ele>0</ele></trkpt>
<trkpt lat="50.7458109" lon="13.7480737"><ele>0</ele></trkpt>
<trkpt lat="50.7456892" lon="13.7480278"><ele>0</ele></trkpt>
<trkpt lat="50.7455199" lon="13.7480265"><ele>0</ele></trkpt>
<trkpt lat="50.7453176" lon="13.7480141"><ele>0</ele></trkpt>
<trkpt lat="50.7451726" lon="13.7480211"><ele>0</ele></trkpt>
<trkpt lat="50.7449801" lon="13.7479832"><ele>0</ele></trkpt>
<trkpt lat="50.7448349" lon="13.7479589"><ele>0</ele></trkpt>
<trkpt lat="50.7446877" lon="13.7479527"><ele>0</ele></trkpt>
<trkpt lat="50.7444953" lon="13.7479076"><ele>0</ele></trkpt>
<trkpt lat="50.7443344" lon="13.7478713"><ele>0</ele></trkpt>
<trkpt lat="50.7442171" lon="13.7478446"><ele>0</ele></trkpt>
<trkpt lat="50.7440337" lon="13.7477463"><ele>0</ele></trkpt>
<trkpt lat="50.7438675" lon="13.7476059"><ele>0</ele></trkpt>
<trkpt lat="50.743703" lon="13.7474785"><ele>0</ele></trkpt>
<trkpt lat="50.7435023" lon="13.747329"><ele>0</ele></trkpt>
<trkpt lat="50.7433104" lon="13.7472204"><ele>0</ele></trkpt>
<trkpt lat="50.7431621" lon="13.7471456"><ele>0</ele></trkpt>
<trkpt lat="50.743033" lon="13.7471021"><ele>0</ele></trkpt>
<trkpt lat="50.7429328" lon="13.7470791"><ele>0</ele></trkpt>
<trkpt lat="50.74282" lon="13.7471218"><ele>0</ele></trkpt>
<trkpt lat="50.7426489" lon="13.7472284"><ele>0</ele></trkpt>
<trkpt lat="50.7424452" lon="13.7474294"><ele>0</ele></trkpt>
<trkpt lat="50.7421907" lon="13.7476628"><ele>0</ele></trkpt>
<trkpt lat="50.7419419" lon="13.7478731"><ele>0</ele></trkpt>
<trkpt lat="50.7416918" lon="13.7481032"><ele>0</ele></trkpt>
<trkpt lat="50.7414672" lon="13.7483716"><ele>0</ele></trkpt>
<trkpt lat="50.7412427" lon="13.7485649"><ele>0</ele></trkpt>
<trkpt lat="50.7410079" lon="13.7487852"><ele>0</ele></trkpt>
<trkpt lat="50.7407464" lon="13.7490227"><ele>0</ele></trkpt>
<trkpt lat="50.7404995" lon="13.7492221"><ele>0</ele></trkpt>
<trkpt lat="50.7402797" lon="13.7494455"><ele>0</ele></trkpt>
<trkpt lat="50.7400479" lon="13.7496978"><ele>0</ele></trkpt>
<trkpt lat="50.7397921" lon="13.7499218"><ele>0</ele></trkpt>
<trkpt lat="50.7395648" lon="13.7500775"><ele>0</ele></trkpt>
<trkpt lat="50.7394852" lon="13.7502064"><ele>0</ele></trkpt>
<trkpt lat="50.7394475" lon="13.7504619"><ele>0</ele></trkpt>
<trkpt lat="50.739303" lon="13.7506027"><ele>0</ele></trkpt>
<trkpt lat="50.7391686" lon="13.7504592"><ele>0</ele></trkpt>
<trkpt lat="50.7390133" lon="13.7503758"><ele>0</ele></trkpt>
<trkpt lat="50.7388113" lon="13.7502505"><ele>0</ele></trkpt>
<trkpt lat="50.7385962" lon="13.7501919"><ele>0</ele></trkpt>
<trkpt lat="50.7384198" lon="13.7501845"><ele>0</ele></trkpt>
<trkpt lat="50.7382423" lon="13.7501998"><ele>0</ele></trkpt>
<trkpt lat="50.7380649" lon="13.7501466"><ele>0</ele></trkpt>
<trkpt lat="50.7378683" lon="13.7502125"><ele>0</ele></trkpt>
<trkpt lat="50.7377516" lon="13.7503447"><ele>0</ele></trkpt>
<trkpt lat="50.7377594" lon="13.7504924"><ele>0</ele></trkpt>
<trkpt lat="50.7376984" lon="13.7507514"><ele>0</ele></trkpt>
<trkpt lat="50.7376713" lon="13.7506028"><ele>0</ele></trkpt>
<trkpt lat="50.737558" lon="13.7506317"><ele>0</ele></trkpt>
<trkpt lat="50.7374189" lon="13.7507875"><ele>0</ele></trkpt>
<trkpt lat="50.7372866" lon="13.7508741"><ele>0</ele></trkpt>
<trkpt lat="50.7371598" lon="13.7508207"><ele>0</ele></trkpt>
<trkpt lat="50.7370152" lon="13.7506612"><ele>0</ele></trkpt>
<trkpt lat="50.7368604" lon="13.7505551"><ele>0</ele></trkpt>
<trkpt lat="50.7367365" lon="13.7504701"><ele>0</ele></trkpt>
<trkpt lat="50.7365921" lon="13.7503914"><ele>0</ele></trkpt>
<trkpt lat="50.736464" lon="13.7503314"><ele>0</ele></trkpt>
<trkpt lat="50.7362921" lon="13.7503117"><ele>0</ele></trkpt>
<trkpt lat="50.7361579" lon="13.7502978"><ele>0</ele></trkpt>
<trkpt lat="50.7360104" lon="13.7502441"><ele>0</ele></trkpt>
<trkpt lat="50.7358855" lon="13.7502205"><ele>0</ele></trkpt>
<trkpt lat="50.7357682" lon="13.7501944"><ele>0</ele></trkpt>
<trkpt lat="50.7356235" lon="13.7501424"><ele>0</ele></trkpt>
<trkpt lat="50.7354901" lon="13.750069"><ele>0</ele></trkpt>
<trkpt lat="50.7353686" lon="13.7500189"><ele>0</ele></trkpt>
<trkpt lat="50.7352256" lon="13.7499499"><ele>0</ele></trkpt>
<trkpt lat="50.7350815" lon="13.749876"><ele>0</ele></trkpt>
<trkpt lat="50.7349733" lon="13.7498259"><ele>0</ele></trkpt>
<trkpt lat="50.7348719" lon="13.7497504"><ele>0</ele></trkpt>
<trkpt lat="50.7347518" lon="13.7496728"><ele>0</ele></trkpt>
<trkpt lat="50.7346468" lon="13.7496047"><ele>0</ele></trkpt>
<trkpt lat="50.7345543" lon="13.7495156"><ele>0</ele></trkpt>
<trkpt lat="50.734459" lon="13.7494105"><ele>0</ele></trkpt>
<trkpt lat="50.7343439" lon="13.7493079"><ele>0</ele></trkpt>
<trkpt lat="50.7342596" lon="13.7492129"><ele>0</ele></trkpt>
<trkpt lat="50.7341686" lon="13.7491478"><ele>0</ele></trkpt>
<trkpt lat="50.734063" lon="13.7492162"><ele>0</ele></trkpt>
<trkpt lat="50.7339586" lon="13.7493295"><ele>0</ele></trkpt>
<trkpt lat="50.7338582" lon="13.749424"><ele>0</ele></trkpt>
<trkpt lat="50.7337488" lon="13.7495388"><ele>0</ele></trkpt>
<trkpt lat="50.7335952" lon="13.7496887"><ele>0</ele></trkpt>
<trkpt lat="50.7334709" lon="13.7498165"><ele>0</ele></trkpt>
<trkpt lat="50.7333016" lon="13.7499862"><ele>0</ele></trkpt>
<trkpt lat="50.7331175" lon="13.7501713"><ele>0</ele></trkpt>
<trkpt lat="50.7329371" lon="13.7503466"><ele>0</ele></trkpt>
<trkpt lat="50.7327489" lon="13.7505049"><ele>0</ele></trkpt>
<trkpt lat="50.7325541" lon="13.7507032"><ele>0</ele></trkpt>
<trkpt lat="50.7323522" lon="13.7509105"><ele>0</ele></trkpt>
<trkpt lat="50.7321446" lon="13.7511731"><ele>0</ele></trkpt>
<trkpt lat="50.7319009" lon="13.7513516"><ele>0</ele></trkpt>
<trkpt lat="50.7316434" lon="13.7515979"><ele>0</ele></trkpt>
<trkpt lat="50.731397" lon="13.7518381"><ele>0</ele></trkpt>
<trkpt lat="50.7311239" lon="13.7521059"><ele>0</ele></trkpt>
<trkpt lat="50.7308731" lon="13.7523756"><ele>0</ele></trkpt>
<trkpt lat="50.7307469" lon="13.7525103"><ele>0</ele></trkpt>
<trkpt lat="50.7306428" lon="13.7526392"><ele>0</ele></trkpt>
<trkpt lat="50.7304432" lon="13.7530236"><ele>0</ele></trkpt>
<trkpt lat="50.7302823" lon="13.7532635"><ele>0</ele></trkpt>
<trkpt lat="50.7301694" lon="13.7534722"><ele>0</ele></trkpt>
<trkpt lat="50.7300132" lon="13.7537018"><ele>0</ele></trkpt>
<trkpt lat="50.7299153" lon="13.7538654"><ele>0</ele></trkpt>
<trkpt lat="50.7298473" lon="13.7539764"><ele>0</ele></trkpt>
<trkpt lat="50.7299852" lon="13.754261"><ele>0</ele></trkpt>
<trkpt lat="50.7302487" lon="13.7545239"><ele>0</ele></trkpt>
<trkpt lat="50.730362" lon="13.7550936"><ele>0</ele></trkpt>
<trkpt lat="50.7304133" lon="13.7555683"><ele>0</ele></trkpt>
<trkpt lat="50.7302946" lon="13.7559009"><ele>0</ele></trkpt>
<trkpt lat="50.7302131" lon="13.7562864"><ele>0</ele></trkpt>
<trkpt lat="50.7301597" lon="13.7566516"><ele>0</ele></trkpt>
<trkpt lat="50.7301048" lon="13.7570197"><ele>0</ele></trkpt>
<trkpt lat="50.729986" lon="13.7573216"><ele>0</ele></trkpt>
<trkpt lat="50.7297964" lon="13.7575527"><ele>0</ele></trkpt>
<trkpt lat="50.7296393" lon="13.7578081"><ele>0</ele></trkpt>
<trkpt lat="50.7295693" lon="13.7581375"><ele>0</ele></trkpt>
<trkpt lat="50.7296596" lon="13.7584603"><ele>0</ele></trkpt>
<trkpt lat="50.7298179" lon="13.7587751"><ele>0</ele></trkpt>
<trkpt lat="50.7300093" lon="13.759176"><ele>0</ele></trkpt>
<trkpt lat="50.7302441" lon="13.7596113"><ele>0</ele></trkpt>
<trkpt lat="50.730172" lon="13.7598471"><ele>0</ele></trkpt>
<trkpt lat="50.730097" lon="13.7599305"><ele>0</ele></trkpt>
<trkpt lat="50.729993" lon="13.7599735"><ele>0</ele></trkpt>
<trkpt lat="50.7297401" lon="13.7601398"><ele>0</ele></trkpt>
<trkpt lat="50.7294574" lon="13.760218"><ele>0</ele></trkpt>
<trkpt lat="50.7291866" lon="13.7605428"><ele>0</ele></trkpt>
<trkpt lat="50.7289204" lon="13.7608012"><ele>0</ele></trkpt>
<trkpt lat="50.7286246" lon="13.7608895"><ele>0</ele></trkpt>
<trkpt lat="50.728378" lon="13.7609156"><ele>0</ele></trkpt>
<trkpt lat="50.7281441" lon="13.7611399"><ele>0</ele></trkpt>
<trkpt lat="50.7279087" lon="13.76142"><ele>0</ele></trkpt>
<trkpt lat="50.7276407" lon="13.7617222"><ele>0</ele></trkpt>
<trkpt lat="50.727347" lon="13.7619646"><ele>0</ele></trkpt>
<trkpt lat="50.7270726" lon="13.7620334"><ele>0</ele></trkpt>
<trkpt lat="50.7268108" lon="13.762152"><ele>0</ele></trkpt>
<trkpt lat="50.7265475" lon="13.76239"><ele>0</ele></trkpt>
<trkpt lat="50.7262787" lon="13.7625923"><ele>0</ele></trkpt>
<trkpt lat="50.7259984" lon="13.7627927"><ele>0</ele></trkpt>
<trkpt lat="50.7257888" lon="13.7631359"><ele>0</ele></trkpt>
<trkpt lat="50.7255887" lon="13.7635209"><ele>0</ele></trkpt>
<trkpt lat="50.7253339" lon="13.7638816"><ele>0</ele></trkpt>
<trkpt lat="50.7251318" lon="13.7643212"><ele>0</ele></trkpt>
<trkpt lat="50.7250995" lon="13.7648514"><ele>0</ele></trkpt>
<trkpt lat="50.7250151" lon="13.7650791"><ele>0</ele></trkpt>
<trkpt lat="50.724988" lon="13.7652302"><ele>0</ele></trkpt>
<trkpt lat="50.7249399" lon="13.7654705"><ele>0</ele></trkpt>
<trkpt lat="50.7248443" lon="13.7659716"><ele>0</ele></trkpt>
<trkpt lat="50.7247105" lon="13.7665036"><ele>0</ele></trkpt>
<trkpt lat="50.7246637" lon="13.7668505"><ele>0</ele></trkpt>
<trkpt lat="50.7246588" lon="13.7670085"><ele>0</ele></trkpt>
<trkpt lat="50.7246429" lon="13.7671818"><ele>0</ele></trkpt>
<trkpt lat="50.7245992" lon="13.7674709"><ele>0</ele></trkpt>
<trkpt lat="50.7245295" lon="13.7677496"><ele>0</ele></trkpt>
<trkpt lat="50.7244518" lon="13.7679774"><ele>0</ele></trkpt>
<trkpt lat="50.724391" lon="13.7682125"><ele>0</ele></trkpt>
<trkpt lat="50.7243017" lon="13.7684903"><ele>0</ele></trkpt>
<trkpt lat="50.724194" lon="13.7687329"><ele>0</ele></trkpt>
<trkpt lat="50.7240804" lon="13.768977"><ele>0</ele></trkpt>
<trkpt lat="50.7239812" lon="13.7692433"><ele>0</ele></trkpt>
<trkpt lat="50.723821" lon="13.7695823"><ele>0</ele></trkpt>
<trkpt lat="50.723733" lon="13.7699462"><ele>0</ele></trkpt>
<trkpt lat="50.723769" lon="13.7703142"><ele>0</ele></trkpt>
<trkpt lat="50.723815" lon="13.7707607"><ele>0</ele></trkpt>
<trkpt lat="50.7238427" lon="13.7712038"><ele>0</ele></trkpt>
<trkpt lat="50.7238865" lon="13.771614"><ele>0</ele></trkpt>
<trkpt lat="50.72395" lon="13.7719724"><ele>0</ele></trkpt>
<trkpt lat="50.7239895" lon="13.7723577"><ele>0</ele></trkpt>
<trkpt lat="50.7239646" lon="13.7726769"><ele>0</ele></trkpt>
<trkpt lat="50.7239305" lon="13.7729514"><ele>0</ele></trkpt>
<trkpt lat="50.7238847" lon="13.7732465"><ele>0</ele></trkpt>
<trkpt lat="50.723834" lon="13.7734344"><ele>0</ele></trkpt>
<trkpt lat="50.7237804" lon="13.7736276"><ele>0</ele></trkpt>
<trkpt lat="50.7237658" lon="13.7738881"><ele>0</ele></trkpt>
<trkpt lat="50.7237503" lon="13.7741004"><ele>0</ele></trkpt>
<trkpt lat="50.7237338" lon="13.7744614"><ele>0</ele></trkpt>
<trkpt lat="50.7237623" lon="13.7748403"><ele>0</ele></trkpt>
<trkpt lat="50.7238028" lon="13.775277"><ele>0</ele></trkpt>
<trkpt lat="50.7238488" lon="13.7757391"><ele>0</ele></trkpt>
<trkpt lat="50.7239243" lon="13.7762106"><ele>0</ele></trkpt>
<trkpt lat="50.7239798" lon="13.7766516"><ele>0</ele></trkpt>
<trkpt lat="50.7240566" lon="13.7770768"><ele>0</ele></trkpt>
<trkpt lat="50.7241088" lon="13.7775704"><ele>0</ele></trkpt>
<trkpt lat="50.7241616" lon="13.778103"><ele>0</ele></trkpt>
<trkpt lat="50.7242581" lon="13.7786561"><ele>0</ele></trkpt>
<trkpt lat="50.7242934" lon="13.7792077"><ele>0</ele></trkpt>
<trkpt lat="50.7242793" lon="13.7796912"><ele>0</ele></trkpt>
<trkpt lat="50.7242403" lon="13.7799521"><ele>0</ele></trkpt>
<trkpt lat="50.724327" lon="13.7799941"><ele>0</ele></trkpt>
<trkpt lat="50.7243711" lon="13.7801628"><ele>0</ele></trkpt>
<trkpt lat="50.7244441" lon="13.7803983"><ele>0</ele></trkpt>
<trkpt lat="50.7245089" lon="13.7806127"><ele>0</ele></trkpt>
<trkpt lat="50.7245934" lon="13.7807945"><ele>0</ele></trkpt>
<trkpt lat="50.7247049" lon="13.7809995"><ele>0</ele></trkpt>
<trkpt lat="50.7247539" lon="13.7811499"><ele>0</ele></trkpt>
<trkpt lat="50.7248894" lon="13.7813566"><ele>0</ele></trkpt>
<trkpt lat="50.7249882" lon="13.7815875"><ele>0</ele></trkpt>
<trkpt lat="50.7250211" lon="13.7817435"><ele>0</ele></trkpt>
<trkpt lat="50.7251279" lon="13.7819599"><ele>0</ele></trkpt>
<trkpt lat="50.72526" lon="13.7822529"><ele>0</ele></trkpt>
<trkpt lat="50.7253642" lon="13.7825813"><ele>0</ele></trkpt>
<trkpt lat="50.7254833" lon="13.782923"><ele>0</ele></trkpt>
<trkpt lat="50.7256613" lon="13.7832729"><ele>0</ele></trkpt>
<trkpt lat="50.7258601" lon="13.7836918"><ele>0</ele></trkpt>
<trkpt lat="50.7260853" lon="13.7841444"><ele>0</ele></trkpt>
<trkpt lat="50.7261812" lon="13.7847235"><ele>0</ele></trkpt>
<trkpt lat="50.7261567" lon="13.7852192"><ele>0</ele></trkpt>
<trkpt lat="50.7261268" lon="13.785611"><ele>0</ele></trkpt>
<trkpt lat="50.7260832" lon="13.7859922"><ele>0</ele></trkpt>
<trkpt lat="50.7261808" lon="13.7863589"><ele>0</ele></trkpt>
<trkpt lat="50.7262998" lon="13.7867751"><ele>0</ele></trkpt>
<trkpt lat="50.7263648" lon="13.7872055"><ele>0</ele></trkpt>
<trkpt lat="50.726525" lon="13.7876131"><ele>0</ele></trkpt>
<trkpt lat="50.7266541" lon="13.7880781"><ele>0</ele></trkpt>
<trkpt lat="50.7267699" lon="13.7885392"><ele>0</ele></trkpt>
<trkpt lat="50.7268669" lon="13.7889499"><ele>0</ele></trkpt>
<trkpt lat="50.7268601" lon="13.7894067"><ele>0</ele></trkpt>
<trkpt lat="50.7268402" lon="13.7897206"><ele>0</ele></trkpt>
<trkpt lat="50.7268691" lon="13.7901078"><ele>0</ele></trkpt>
<trkpt lat="50.7269021" lon="13.7905576"><ele>0</ele></trkpt>
<trkpt lat="50.7269178" lon="13.7909942"><ele>0</ele></trkpt>
<trkpt lat="50.7269506" lon="13.7913023"><ele>0</ele></trkpt>
<trkpt lat="50.7269881" lon="13.7914481"><ele>0</ele></trkpt>
<trkpt lat="50.7270527" lon="13.791562"><ele>0</ele></trkpt>
<trkpt lat="50.7271278" lon="13.7919137"><ele>0</ele></trkpt>
<trkpt lat="50.7271535" lon="13.7922891"><ele>0</ele></trkpt>
<trkpt lat="50.7271549" lon="13.792692"><ele>0</ele></trkpt>
<trkpt lat="50.7271577" lon="13.7930974"><ele>0</ele></trkpt>
<trkpt lat="50.7271572" lon="13.7935233"><ele>0</ele></trkpt>
<trkpt lat="50.727155" lon="13.7939339"><ele>0</ele></trkpt>
<trkpt lat="50.7271719" lon="13.7942787"><ele>0</ele></trkpt>
<trkpt lat="50.7271413" lon="13.794528"><ele>0</ele></trkpt>
<trkpt lat="50.7271346" lon="13.7949389"><ele>0</ele></trkpt>
<trkpt lat="50.7272056" lon="13.7953147"><ele>0</ele></trkpt>
<trkpt lat="50.7272085" lon="13.7956305"><ele>0</ele></trkpt>
<trkpt lat="50.7272592" lon="13.7959913"><ele>0</ele></trkpt>
<trkpt lat="50.7273161" lon="13.7961659"><ele>0</ele></trkpt>
<trkpt lat="50.727385" lon="13.7963908"><ele>0</ele></trkpt>
<trkpt lat="50.727397" lon="13.7965339"><ele>0</ele></trkpt>
<trkpt lat="50.7274771" lon="13.7968068"><ele>0</ele></trkpt>
<trkpt lat="50.7275599" lon="13.7970731"><ele>0</ele></trkpt>
<trkpt lat="50.7276216" lon="13.7973548"><ele>0</ele></trkpt>
<trkpt lat="50.727692" lon="13.7976173"><ele>0</ele></trkpt>
<trkpt lat="50.7277213" lon="13.797815"><ele>0</ele></trkpt>
<trkpt lat="50.7277663" lon="13.7979462"><ele>0</ele></trkpt>
<trkpt lat="50.7278708" lon="13.7982904"><ele>0</ele></trkpt>
<trkpt lat="50.7279504" lon="13.7986367"><ele>0</ele></trkpt>
<trkpt lat="50.7279805" lon="13.7989001"><ele>0</ele></trkpt>
<trkpt lat="50.7280181" lon="13.7990764"><ele>0</ele></trkpt>
<trkpt lat="50.7280259" lon="13.7993868"><ele>0</ele></trkpt>
<trkpt lat="50.7279262" lon="13.7997254"><ele>0</ele></trkpt>
<trkpt lat="50.7278796" lon="13.7999985"><ele>0</ele></trkpt>
<trkpt lat="50.7278593" lon="13.8001837"><ele>0</ele></trkpt>
<trkpt lat="50.7277887" lon="13.8005258"><ele>0</ele></trkpt>
<trkpt lat="50.7277516" lon="13.8008616"><ele>0</ele></trkpt>
<trkpt lat="50.7278089" lon="13.8011517"><ele>0</ele></trkpt>
<trkpt lat="50.7278398" lon="13.8015256"><ele>0</ele></trkpt>
<trkpt lat="50.727842" lon="13.8019745"><ele>0</ele></trkpt>
<trkpt lat="50.727888" lon="13.8024721"><ele>0</ele></trkpt>
<trkpt lat="50.7279019" lon="13.8029892"><ele>0</ele></trkpt>
<trkpt lat="50.7279436" lon="13.8034014"><ele>0</ele></trkpt>
<trkpt lat="50.7278707" lon="13.8036908"><ele>0</ele></trkpt>
<trkpt lat="50.727721" lon="13.804048"><ele>0</ele></trkpt>
<trkpt lat="50.7275413" lon="13.8043774"><ele>0</ele></trkpt>
<trkpt lat="50.7273387" lon="13.8046109"><ele>0</ele></trkpt>
<trkpt lat="50.7270177" lon="13.8047508"><ele>0</ele></trkpt>
<trkpt lat="50.7267664" lon="13.8047816"><ele>0</ele></trkpt>
<trkpt lat="50.7266298" lon="13.8047804"><ele>0</ele></trkpt>
<trkpt lat="50.7265286" lon="13.8048305"><ele>0</ele></trkpt>
<trkpt lat="50.7263664" lon="13.8049024"><ele>0</ele></trkpt>
<trkpt lat="50.726261" lon="13.8049138"><ele>0</ele></trkpt>
<trkpt lat="50.7261671" lon="13.8048942"><ele>0</ele></trkpt>
<trkpt lat="50.725998" lon="13.8049886"><ele>0</ele></trkpt>
<trkpt lat="50.7258835" lon="13.805099"><ele>0</ele></trkpt>
<trkpt lat="50.7258121" lon="13.8051964"><ele>0</ele></trkpt>
<trkpt lat="50.725716" lon="13.8052493"><ele>0</ele></trkpt>
<trkpt lat="50.7255442" lon="13.8054876"><ele>0</ele></trkpt>
<trkpt lat="50.7254029" lon="13.8057026"><ele>0</ele></trkpt>
<trkpt lat="50.7252502" lon="13.8060089"><ele>0</ele></trkpt>
<trkpt lat="50.7250946" lon="13.8063797"><ele>0</ele></trkpt>
<trkpt lat="50.7249373" lon="13.8067843"><ele>0</ele></trkpt>
<trkpt lat="50.7247274" lon="13.807128"><ele>0</ele></trkpt>
<trkpt lat="50.7245135" lon="13.8073868"><ele>0</ele></trkpt>
<trkpt lat="50.7243187" lon="13.8075739"><ele>0</ele></trkpt>
<trkpt lat="50.7241614" lon="13.8077789"><ele>0</ele></trkpt>
<trkpt lat="50.7240837" lon="13.8079503"><ele>0</ele></trkpt>
<trkpt lat="50.7239727" lon="13.8082407"><ele>0</ele></trkpt>
<trkpt lat="50.7238287" lon="13.8084891"><ele>0</ele></trkpt>
<trkpt lat="50.7236404" lon="13.8088271"><ele>0</ele></trkpt>
<trkpt lat="50.7234174" lon="13.809228"><ele>0</ele></trkpt>
<trkpt lat="50.7231329" lon="13.8094644"><ele>0</ele></trkpt>
<trkpt lat="50.7228587" lon="13.8097389"><ele>0</ele></trkpt>
<trkpt lat="50.7225765" lon="13.8099739"><ele>0</ele></trkpt>
<trkpt lat="50.7222901" lon="13.8102921"><ele>0</ele></trkpt>
<trkpt lat="50.7221041" lon="13.8107431"><ele>0</ele></trkpt>
<trkpt lat="50.7219685" lon="13.8110964"><ele>0</ele></trkpt>
<trkpt lat="50.7217951" lon="13.8115169"><ele>0</ele></trkpt>
<trkpt lat="50.7216755" lon="13.8120747"><ele>0</ele></trkpt>
<trkpt lat="50.7213782" lon="13.8126308"><ele>0</ele></trkpt>
<trkpt lat="50.7210815" lon="13.8129182"><ele>0</ele></trkpt>
<trkpt lat="50.7208133" lon="13.8130488"><ele>0</ele></trkpt>
<trkpt lat="50.7206506" lon="13.8131228"><ele>0</ele></trkpt>
<trkpt lat="50.7206031" lon="13.8132553"><ele>0</ele></trkpt>
<trkpt lat="50.7204542" lon="13.8136205"><ele>0</ele></trkpt>
<trkpt lat="50.7203046" lon="13.8140563"><ele>0</ele></trkpt>
<trkpt lat="50.7201175" lon="13.8144707"><ele>0</ele></trkpt>
<trkpt lat="50.7200156" lon="13.8148766"><ele>0</ele></trkpt>
<trkpt lat="50.7199679" lon="13.8151902"><ele>0</ele></trkpt>
<trkpt lat="50.7199237" lon="13.8155574"><ele>0</ele></trkpt>
<trkpt lat="50.7198445" lon="13.8158979"><ele>0</ele></trkpt>
<trkpt lat="50.7198508" lon="13.8162933"><ele>0</ele></trkpt>
<trkpt lat="50.7198954" lon="13.8166866"><ele>0</ele></trkpt>
<trkpt lat="50.7199727" lon="13.8171179"><ele>0</ele></trkpt>
<trkpt lat="50.7198883" lon="13.8175395"><ele>0</ele></trkpt>
<trkpt lat="50.7198336" lon="13.8179201"><ele>0</ele></trkpt>
<trkpt lat="50.7198196" lon="13.8182531"><ele>0</ele></trkpt>
<trkpt lat="50.7197447" lon="13.8185402"><ele>0</ele></trkpt>
<trkpt lat="50.7196803" lon="13.8187282"><ele>0</ele></trkpt>
<trkpt lat="50.7196179" lon="13.8189169"><ele>0</ele></trkpt>
<trkpt lat="50.7195349" lon="13.8191174"><ele>0</ele></trkpt>
<trkpt lat="50.7194768" lon="13.8193465"><ele>0</ele></trkpt>
<trkpt lat="50.7194057" lon="13.8194727"><ele>0</ele></trkpt>
<trkpt lat="50.719327" lon="13.8196348"><ele>0</ele></trkpt>
<trkpt lat="50.7192881" lon="13.8198066"><ele>0</ele></trkpt>
<trkpt lat="50.7192786" lon="13.8200197"><ele>0</ele></trkpt>
<trkpt lat="50.7192748" lon="13.820249"><ele>0</ele></trkpt>
<trkpt lat="50.7192677" lon="13.8204672"><ele>0</ele></trkpt>
<trkpt lat="50.7192179" lon="13.8206483"><ele>0</ele></trkpt>
<trkpt lat="50.71917" lon="13.8208806"><ele>0</ele></trkpt>
<trkpt lat="50.7191136" lon="13.8211034"><ele>0</ele></trkpt>
<trkpt lat="50.7190308" lon="13.8213044"><ele>0</ele></trkpt>
<trkpt lat="50.7189092" lon="13.8214501"><ele>0</ele></trkpt>
<trkpt lat="50.7188236" lon="13.8215624"><ele>0</ele></trkpt>
<trkpt lat="50.7187135" lon="13.8216857"><ele>0</ele></trkpt>
<trkpt lat="50.7186375" lon="13.8218112"><ele>0</ele></trkpt>
<trkpt lat="50.7185338" lon="13.8219444"><ele>0</ele></trkpt>
<trkpt lat="50.718428" lon="13.822092"><ele>0</ele></trkpt>
<trkpt lat="50.7183582" lon="13.8222346"><ele>0</ele></trkpt>
<trkpt lat="50.7182386" lon="13.822366"><ele>0</ele></trkpt>
<trkpt lat="50.7181273" lon="13.8224357"><ele>0</ele></trkpt>
<trkpt lat="50.7180219" lon="13.8225541"><ele>0</ele></trkpt>
<trkpt lat="50.7178949" lon="13.8227092"><ele>0</ele></trkpt>
<trkpt lat="50.7177826" lon="13.8228194"><ele>0</ele></trkpt>
<trkpt lat="50.7176581" lon="13.8229166"><ele>0</ele></trkpt>
<trkpt lat="50.7175629" lon="13.8230462"><ele>0</ele></trkpt>
<trkpt lat="50.7174555" lon="13.823242"><ele>0</ele></trkpt>
<trkpt lat="50.7173266" lon="13.8234342"><ele>0</ele></trkpt>
<trkpt lat="50.7172299" lon="13.8236105"><ele>0</ele></trkpt>
<trkpt lat="50.7171499" lon="13.8237836"><ele>0</ele></trkpt>
<trkpt lat="50.7170641" lon="13.8239492"><ele>0</ele></trkpt>
<trkpt lat="50.7169579" lon="13.8241384"><ele>0</ele></trkpt>
<trkpt lat="50.7168715" lon="13.8242989"><ele>0</ele></trkpt>
<trkpt lat="50.7167705" lon="13.8244866"><ele>0</ele></trkpt>
<trkpt lat="50.7166743" lon="13.8246261"><ele>0</ele></trkpt>
<trkpt lat="50.7165739" lon="13.824797"><ele>0</ele></trkpt>
<trkpt lat="50.7164875" lon="13.8249503"><ele>0</ele></trkpt>
<trkpt lat="50.7163283" lon="13.8251575"><ele>0</ele></trkpt>
<trkpt lat="50.716189" lon="13.8253504"><ele>0</ele></trkpt>
<trkpt lat="50.7160403" lon="13.8256292"><ele>0</ele></trkpt>
<trkpt lat="50.715899" lon="13.8258522"><ele>0</ele></trkpt>
<trkpt lat="50.7157454" lon="13.8261381"><ele>0</ele></trkpt>
<trkpt lat="50.7155915" lon="13.8264483"><ele>0</ele></trkpt>
<trkpt lat="50.715456" lon="13.8266388"><ele>0</ele></trkpt>
<trkpt lat="50.7152845" lon="13.8268345"><ele>0</ele></trkpt>
<trkpt lat="50.7150936" lon="13.8271507"><ele>0</ele></trkpt>
<trkpt lat="50.7149468" lon="13.8275303"><ele>0</ele></trkpt>
<trkpt lat="50.7147402" lon="13.8279354"><ele>0</ele></trkpt>
<trkpt lat="50.714497" lon="13.8283425"><ele>0</ele></trkpt>
<trkpt lat="50.7142561" lon="13.8287786"><ele>0</ele></trkpt>
<trkpt lat="50.713955" lon="13.8291718"><ele>0</ele></trkpt>
<trkpt lat="50.713622" lon="13.8294766"><ele>0</ele></trkpt>
<trkpt lat="50.7133194" lon="13.8297645"><ele>0</ele></trkpt>
<trkpt lat="50.7131078" lon="13.8301736"><ele>0</ele></trkpt>
<trkpt lat="50.7128631" lon="13.8304804"><ele>0</ele></trkpt>
<trkpt lat="50.712664" lon="13.8307346"><ele>0</ele></trkpt>
<trkpt lat="50.7124444" lon="13.8309332"><ele>0</ele></trkpt>
<trkpt lat="50.7122458" lon="13.8311378"><ele>0</ele></trkpt>
<trkpt lat="50.7120989" lon="13.8313279"><ele>0</ele></trkpt>
<trkpt lat="50.7120156" lon="13.8315376"><ele>0</ele></trkpt>
<trkpt lat="50.711929" lon="13.8315996"><ele>0</ele></trkpt>
<trkpt lat="50.711847" lon="13.8318013"><ele>0</ele></trkpt>
<trkpt lat="50.7117251" lon="13.8320503"><ele>0</ele></trkpt>
<trkpt lat="50.7115863" lon="13.8323609"><ele>0</ele></trkpt>
<trkpt lat="50.7113849" lon="13.8326083"><ele>0</ele></trkpt>
<trkpt lat="50.7111496" lon="13.8329452"><ele>0</ele></trkpt>
<trkpt lat="50.7109301" lon="13.8333432"><ele>0</ele></trkpt>
<trkpt lat="50.7107026" lon="13.8336809"><ele>0</ele></trkpt>
<trkpt lat="50.7104582" lon="13.8339689"><ele>0</ele></trkpt>
<trkpt lat="50.7102279" lon="13.83427"><ele>0</ele></trkpt>
<trkpt lat="50.7100337" lon="13.8345791"><ele>0</ele></trkpt>
<trkpt lat="50.7098011" lon="13.8347956"><ele>0</ele></trkpt>
<trkpt lat="50.7095658" lon="13.8350542"><ele>0</ele></trkpt>
<trkpt lat="50.7093973" lon="13.8353489"><ele>0</ele></trkpt>
<trkpt lat="50.7092685" lon="13.8356139"><ele>0</ele></trkpt>
<trkpt lat="50.7091597" lon="13.8358503"><ele>0</ele></trkpt>
<trkpt lat="50.7090429" lon="13.8361236"><ele>0</ele></trkpt>
<trkpt lat="50.7088841" lon="13.8365272"><ele>0</ele></trkpt>
<trkpt lat="50.708754" lon="13.8370728"><ele>0</ele></trkpt>
<trkpt lat="50.7086071" lon="13.8376152"><ele>0</ele></trkpt>
<trkpt lat="50.7083741" lon="13.8383066"><ele>0</ele></trkpt>
<trkpt lat="50.7080496" lon="13.8387921"><ele>0</ele></trkpt>
<trkpt lat="50.7078303" lon="13.8392294"><ele>0</ele></trkpt>
<trkpt lat="50.7076403" lon="13.8396085"><ele>0</ele></trkpt>
<trkpt lat="50.7074623" lon="13.8399477"><ele>0</ele></trkpt>
<trkpt lat="50.7073991" lon="13.84031"><ele>0</ele></trkpt>
<trkpt lat="50.7073463" lon="13.8407098"><ele>0</ele></trkpt>
<trkpt lat="50.7073075" lon="13.8411067"><ele>0</ele></trkpt>
<trkpt lat="50.7072541" lon="13.841538"><ele>0</ele></trkpt>
<trkpt lat="50.7071876" lon="13.8418944"><ele>0</ele></trkpt>
<trkpt lat="50.7070725" lon="13.8422155"><ele>0</ele></trkpt>
<trkpt lat="50.7069005" lon="13.8426145"><ele>0</ele></trkpt>
<trkpt lat="50.7067052" lon="13.8428858"><ele>0</ele></trkpt>
<trkpt lat="50.7065009" lon="13.8431934"><ele>0</ele></trkpt>
<trkpt lat="50.7064255" lon="13.843568"><ele>0</ele></trkpt>
<trkpt lat="50.7064734" lon="13.8440424"><ele>0</ele></trkpt>
<trkpt lat="50.7064886" lon="13.8446112"><ele>0</ele></trkpt>
<trkpt lat="50.7064409" lon="13.8451893"><ele>0</ele></trkpt>
<trkpt lat="50.7064562" lon="13.8457031"><ele>0</ele></trkpt>
<trkpt lat="50.7064861" lon="13.8461558"><ele>0</ele></trkpt>
<trkpt lat="50.7064637" lon="13.8466303"><ele>0</ele></trkpt>
<trkpt lat="50.706453" lon="13.8470674"><ele>0</ele></trkpt>
<trkpt lat="50.7064106" lon="13.847462"><ele>0</ele></trkpt>
<trkpt lat="50.7063576" lon="13.8478293"><ele>0</ele></trkpt>
<trkpt lat="50.7063059" lon="13.8481176"><ele>0</ele></trkpt>
<trkpt lat="50.7062622" lon="13.8483876"><ele>0</ele></trkpt>
<trkpt lat="50.7062288" lon="13.8485926"><ele>0</ele></trkpt>
<trkpt lat="50.7062137" lon="13.8489214"><ele>0</ele></trkpt>
<trkpt lat="50.7062006" lon="13.8493341"><ele>0</ele></trkpt>
<trkpt lat="50.7061744" lon="13.8498827"><ele>0</ele></trkpt>
<trkpt lat="50.7061801" lon="13.8503667"><ele>0</ele></trkpt>
<trkpt lat="50.7061669" lon="13.8508574"><ele>0</ele></trkpt>
<trkpt lat="50.7061626" lon="13.8513017"><ele>0</ele></trkpt>
<trkpt lat="50.7061998" lon="13.8515959"><ele>0</ele></trkpt>
<trkpt lat="50.7062829" lon="13.8519037"><ele>0</ele></trkpt>
<trkpt lat="50.7063106" lon="13.8520699"><ele>0</ele></trkpt>
<trkpt lat="50.7064143" lon="13.8523699"><ele>0</ele></trkpt>
<trkpt lat="50.7065027" lon="13.8525971"><ele>0</ele></trkpt>
<trkpt lat="50.7065667" lon="13.8527781"><ele>0</ele></trkpt>
<trkpt lat="50.7066454" lon="13.8528823"><ele>0</ele></trkpt>
<trkpt lat="50.7067209" lon="13.8529643"><ele>0</ele></trkpt>
<trkpt lat="50.7067843" lon="13.8530708"><ele>0</ele></trkpt>
<trkpt lat="50.706827" lon="13.8532002"><ele>0</ele></trkpt>
<trkpt lat="50.7068536" lon="13.8533368"><ele>0</ele></trkpt>
<trkpt lat="50.7068816" lon="13.8534759"><ele>0</ele></trkpt>
<trkpt lat="50.7069042" lon="13.853647"><ele>0</ele></trkpt>
<trkpt lat="50.7069552" lon="13.853845"><ele>0</ele></trkpt>
<trkpt lat="50.7069978" lon="13.8539837"><ele>0</ele></trkpt>
<trkpt lat="50.7070582" lon="13.8541113"><ele>0</ele></trkpt>
<trkpt lat="50.7071347" lon="13.8542266"><ele>0</ele></trkpt>
<trkpt lat="50.7071937" lon="13.8543637"><ele>0</ele></trkpt>
<trkpt lat="50.7072536" lon="13.8544754"><ele>0</ele></trkpt>
<trkpt lat="50.7073148" lon="13.8545864"><ele>0</ele></trkpt>
<trkpt lat="50.7073646" lon="13.8547338"><ele>0</ele></trkpt>
<trkpt lat="50.7073866" lon="13.8548984"><ele>0</ele></trkpt>
<trkpt lat="50.7073704" lon="13.8550514"><ele>0</ele></trkpt>
<trkpt lat="50.7073006" lon="13.855151"><ele>0</ele></trkpt>
<trkpt lat="50.7071931" lon="13.8551736"><ele>0</ele></trkpt>
<trkpt lat="50.7071091" lon="13.8552242"><ele>0</ele></trkpt>
<trkpt lat="50.707025" lon="13.8552903"><ele>0</ele></trkpt>
<trkpt lat="50.7069461" lon="13.8553585"><ele>0</ele></trkpt>
<trkpt lat="50.7068787" lon="13.8554711"><ele>0</ele></trkpt>
<trkpt lat="50.7069111" lon="13.8556172"><ele>0</ele></trkpt>
<trkpt lat="50.7069383" lon="13.8557744"><ele>0</ele></trkpt>
<trkpt lat="50.706938" lon="13.8559253"><ele>0</ele></trkpt>
<trkpt lat="50.706884" lon="13.8560394"><ele>0</ele></trkpt>
<trkpt lat="50.7068606" lon="13.8561869"><ele>0</ele></trkpt>
<trkpt lat="50.7068248" lon="13.8563223"><ele>0</ele></trkpt>
<trkpt lat="50.706735" lon="13.8563646"><ele>0</ele></trkpt>
<trkpt lat="50.7066401" lon="13.8564134"><ele>0</ele></trkpt>
<trkpt lat="50.7067392" lon="13.8564119"><ele>0</ele></trkpt>
<trkpt lat="50.7068383" lon="13.8563656"><ele>0</ele></trkpt>
<trkpt lat="50.7068689" lon="13.8565131"><ele>0</ele></trkpt>
<trkpt lat="50.7069044" lon="13.8566979"><ele>0</ele></trkpt>
<trkpt lat="50.7070212" lon="13.8570651"><ele>0</ele></trkpt>
<trkpt lat="50.7070819" lon="13.8573661"><ele>0</ele></trkpt>
<trkpt lat="50.7070682" lon="13.8575201"><ele>0</ele></trkpt>
<trkpt lat="50.7071899" lon="13.857741"><ele>0</ele></trkpt>
<trkpt lat="50.7073572" lon="13.8582291"><ele>0</ele></trkpt>
<trkpt lat="50.7076074" lon="13.8586167"><ele>0</ele></trkpt>
<trkpt lat="50.7078747" lon="13.85901"><ele>0</ele></trkpt>
<trkpt lat="50.708036" lon="13.8594865"><ele>0</ele></trkpt>
<trkpt lat="50.7081402" lon="13.8600051"><ele>0</ele></trkpt>
<trkpt lat="50.7083118" lon="13.8604004"><ele>0</ele></trkpt>
<trkpt lat="50.7084607" lon="13.8609459"><ele>0</ele></trkpt>
<trkpt lat="50.708624" lon="13.86152"><ele>0</ele></trkpt>
<trkpt lat="50.7088454" lon="13.8620614"><ele>0</ele></trkpt>
<trkpt lat="50.709089" lon="13.8625866"><ele>0</ele></trkpt>
<trkpt lat="50.7093552" lon="13.8632072"><ele>0</ele></trkpt>
<trkpt lat="50.709592" lon="13.8638104"><ele>0</ele></trkpt>
<trkpt lat="50.7099077" lon="13.8642777"><ele>0</ele></trkpt>
<trkpt lat="50.7101567" lon="13.8646944"><ele>0</ele></trkpt>
<trkpt lat="50.7103794" lon="13.8652519"><ele>0</ele></trkpt>
<trkpt lat="50.7106998" lon="13.8655895"><ele>0</ele></trkpt>
<trkpt lat="50.7109455" lon="13.8660028"><ele>0</ele></trkpt>
<trkpt lat="50.7111133" lon="13.8663681"><ele>0</ele></trkpt>
<trkpt lat="50.7112157" lon="13.8666128"><ele>0</ele></trkpt>
<trkpt lat="50.7113166" lon="13.8668581"><ele>0</ele></trkpt>
<trkpt lat="50.7114128" lon="13.8670458"><ele>0</ele></trkpt>
<trkpt lat="50.7115275" lon="13.8672324"><ele>0</ele></trkpt>
<trkpt lat="50.711641" lon="13.8674333"><ele>0</ele></trkpt>
<trkpt lat="50.7117377" lon="13.8676797"><ele>0</ele></trkpt>
<trkpt lat="50.7118253" lon="13.8678939"><ele>0</ele></trkpt>
<trkpt lat="50.7119197" lon="13.8680668"><ele>0</ele></trkpt>
<trkpt lat="50.7120031" lon="13.8682505"><ele>0</ele></trkpt>
<trkpt lat="50.7120879" lon="13.8684172"><ele>0</ele></trkpt>
<trkpt lat="50.7121402" lon="13.8685722"><ele>0</ele></trkpt>
<trkpt lat="50.7122267" lon="13.86875"><ele>0</ele></trkpt>
<trkpt lat="50.7122898" lon="13.8688771"><ele>0</ele></trkpt>
<trkpt lat="50.7123699" lon="13.8690544"><ele>0</ele></trkpt>
<trkpt lat="50.7124495" lon="13.8692563"><ele>0</ele></trkpt>
<trkpt lat="50.7125205" lon="13.8694371"><ele>0</ele></trkpt>
<trkpt lat="50.7126179" lon="13.8696418"><ele>0</ele></trkpt>
<trkpt lat="50.7127154" lon="13.8698162"><ele>0</ele></trkpt>
<trkpt lat="50.7128321" lon="13.8700066"><ele>0</ele></trkpt>
<trkpt lat="50.7129026" lon="13.8701752"><ele>0</ele></trkpt>
<trkpt lat="50.7129603" lon="13.8703301"><ele>0</ele></trkpt>
<trkpt lat="50.7130498" lon="13.8705089"><ele>0</ele></trkpt>
<trkpt lat="50.7131108" lon="13.8706333"><ele>0</ele></trkpt>
<trkpt lat="50.7131953" lon="13.8708036"><ele>0</ele></trkpt>
<trkpt lat="50.7132666" lon="13.8709892"><ele>0</ele></trkpt>
<trkpt lat="50.7133337" lon="13.8711407"><ele>0</ele></trkpt>
<trkpt lat="50.71342" lon="13.8712951"><ele>0</ele></trkpt>
<trkpt lat="50.7135113" lon="13.8715183"><ele>0</ele></trkpt>
<trkpt lat="50.7136172" lon="13.871746"><ele>0</ele></trkpt>
<trkpt lat="50.7137098" lon="13.8719293"><ele>0</ele></trkpt>
<trkpt lat="50.7138432" lon="13.8721816"><ele>0</ele></trkpt>
<trkpt lat="50.7139739" lon="13.8724049"><ele>0</ele></trkpt>
<trkpt lat="50.7140815" lon="13.8725913"><ele>0</ele></trkpt>
<trkpt lat="50.7141924" lon="13.8728369"><ele>0</ele></trkpt>
<trkpt lat="50.7143136" lon="13.8731022"><ele>0</ele></trkpt>
<trkpt lat="50.7144012" lon="13.8733688"><ele>0</ele></trkpt>
<trkpt lat="50.7145034" lon="13.8736177"><ele>0</ele></trkpt>
<trkpt lat="50.7145599" lon="13.873843"><ele>0</ele></trkpt>
<trkpt lat="50.7145743" lon="13.8741416"><ele>0</ele></trkpt>
<trkpt lat="50.7146681" lon="13.8744172"><ele>0</ele></trkpt>
<trkpt lat="50.7147655" lon="13.8746429"><ele>0</ele></trkpt>
<trkpt lat="50.7148507" lon="13.8748864"><ele>0</ele></trkpt>
<trkpt lat="50.7149721" lon="13.875146"><ele>0</ele></trkpt>
<trkpt lat="50.715103" lon="13.875388"><ele>0</ele></trkpt>
<trkpt lat="50.7152792" lon="13.8756884"><ele>0</ele></trkpt>
<trkpt lat="50.715483" lon="13.8759434"><ele>0</ele></trkpt>
<trkpt lat="50.7157094" lon="13.8761444"><ele>0</ele></trkpt>
<trkpt lat="50.7159324" lon="13.8763801"><ele>0</ele></trkpt>
<trkpt lat="50.7161432" lon="13.8766154"><ele>0</ele></trkpt>
<trkpt lat="50.7163421" lon="13.8768688"><ele>0</ele></trkpt>
<trkpt lat="50.716541" lon="13.8771041"><ele>0</ele></trkpt>
<trkpt lat="50.7167789" lon="13.8772082"><ele>0</ele></trkpt>
<trkpt lat="50.7169744" lon="13.8773266"><ele>0</ele></trkpt>
<trkpt lat="50.7171484" lon="13.8774741"><ele>0</ele></trkpt>
<trkpt lat="50.71735" lon="13.8775501"><ele>0</ele></trkpt>
<trkpt lat="50.717547" lon="13.8776263"><ele>0</ele></trkpt>
<trkpt lat="50.7176829" lon="13.8776734"><ele>0</ele></trkpt>
<trkpt lat="50.7178676" lon="13.8777414"><ele>0</ele></trkpt>
<trkpt lat="50.7180186" lon="13.8778023"><ele>0</ele></trkpt>
<trkpt lat="50.7181623" lon="13.8778606"><ele>0</ele></trkpt>
<trkpt lat="50.7183523" lon="13.8779579"><ele>0</ele></trkpt>
<trkpt lat="50.7184843" lon="13.8780121"><ele>0</ele></trkpt>
<trkpt lat="50.7186468" lon="13.8780971"><ele>0</ele></trkpt>
<trkpt lat="50.7188039" lon="13.8781623"><ele>0</ele></trkpt>
<trkpt lat="50.7189572" lon="13.8782294"><ele>0</ele></trkpt>
<trkpt lat="50.7190888" lon="13.8782866"><ele>0</ele></trkpt>
<trkpt lat="50.7192298" lon="13.8783247"><ele>0</ele></trkpt>
<trkpt lat="50.7193553" lon="13.8783652"><ele>0</ele></trkpt>
<trkpt lat="50.7195342" lon="13.8784521"><ele>0</ele></trkpt>
<trkpt lat="50.719711" lon="13.8785442"><ele>0</ele></trkpt>
<trkpt lat="50.719897" lon="13.8786337"><ele>0</ele></trkpt>
<trkpt lat="50.7200885" lon="13.8787293"><ele>0</ele></trkpt>
<trkpt lat="50.7202345" lon="13.8787878"><ele>0</ele></trkpt>
<trkpt lat="50.7204273" lon="13.8788554"><ele>0</ele></trkpt>
<trkpt lat="50.7206097" lon="13.8788884"><ele>0</ele></trkpt>
<trkpt lat="50.7208116" lon="13.8789608"><ele>0</ele></trkpt>
<trkpt lat="50.7210326" lon="13.8790487"><ele>0</ele></trkpt>
<trkpt lat="50.7213366" lon="13.8791358"><ele>0</ele></trkpt>
<trkpt lat="50.7216391" lon="13.8792446"><ele>0</ele></trkpt>
<trkpt lat="50.7219611" lon="13.8793633"><ele>0</ele></trkpt>
<trkpt lat="50.7221986" lon="13.8794756"><ele>0</ele></trkpt>
<trkpt lat="50.7224967" lon="13.8798178"><ele>0</ele></trkpt>
<trkpt lat="50.7224645" lon="13.8801994"><ele>0</ele></trkpt>
<trkpt lat="50.7224361" lon="13.8804953"><ele>0</ele></trkpt>
<trkpt lat="50.7224027" lon="13.8807726"><ele>0</ele></trkpt>
<trkpt lat="50.7224858" lon="13.8810238"><ele>0</ele></trkpt>
<trkpt lat="50.7227427" lon="13.8813439"><ele>0</ele></trkpt>
<trkpt lat="50.7229676" lon="13.8816803"><ele>0</ele></trkpt>
<trkpt lat="50.7231796" lon="13.8819878"><ele>0</ele></trkpt>
<trkpt lat="50.7233344" lon="13.8822343"><ele>0</ele></trkpt>
<trkpt lat="50.7234779" lon="13.8825208"><ele>0</ele></trkpt>
<trkpt lat="50.7235902" lon="13.8828191"><ele>0</ele></trkpt>
<trkpt lat="50.7237065" lon="13.8831312"><ele>0</ele></trkpt>
<trkpt lat="50.723824" lon="13.8834347"><ele>0</ele></trkpt>
<trkpt lat="50.723864" lon="13.8835733"><ele>0</ele></trkpt>
<trkpt lat="50.7240001" lon="13.8838761"><ele>0</ele></trkpt>
<trkpt lat="50.7240718" lon="13.8840965"><ele>0</ele></trkpt>
<trkpt lat="50.7241524" lon="13.8842986"><ele>0</ele></trkpt>
<trkpt lat="50.7242022" lon="13.8844524"><ele>0</ele></trkpt>
<trkpt lat="50.7242712" lon="13.8846322"><ele>0</ele></trkpt>
<trkpt lat="50.7243337" lon="13.8847884"><ele>0</ele></trkpt>
<trkpt lat="50.7243991" lon="13.8849902"><ele>0</ele></trkpt>
<trkpt lat="50.724459" lon="13.8851575"><ele>0</ele></trkpt>
<trkpt lat="50.7245181" lon="13.8853256"><ele>0</ele></trkpt>
<trkpt lat="50.7245861" lon="13.8855146"><ele>0</ele></trkpt>
<trkpt lat="50.7246309" lon="13.8856649"><ele>0</ele></trkpt>
<trkpt lat="50.7247171" lon="13.8858693"><ele>0</ele></trkpt>
<trkpt lat="50.7248044" lon="13.8860972"><ele>0</ele></trkpt>
<trkpt lat="50.7248898" lon="13.886348"><ele>0</ele></trkpt>
<trkpt lat="50.7250309" lon="13.8864483"><ele>0</ele></trkpt>
<trkpt lat="50.7251172" lon="13.8869212"><ele>0</ele></trkpt>
<trkpt lat="50.7252823" lon="13.8874111"><ele>0</ele></trkpt>
<trkpt lat="50.7254585" lon="13.8879983"><ele>0</ele></trkpt>
<trkpt lat="50.7257202" lon="13.8886761"><ele>0</ele></trkpt>
<trkpt lat="50.7261134" lon="13.8892684"><ele>0</ele></trkpt>
<trkpt lat="50.7265717" lon="13.8898079"><ele>0</ele></trkpt>
<trkpt lat="50.7269458" lon="13.8903368"><ele>0</ele></trkpt>
<trkpt lat="50.7273044" lon="13.8907252"><ele>0</ele></trkpt>
<trkpt lat="50.7274756" lon="13.8911665"><ele>0</ele></trkpt>
<trkpt lat="50.7275909" lon="13.8915887"><ele>0</ele></trkpt>
<trkpt lat="50.7276024" lon="13.8920619"><ele>0</ele></trkpt>
<trkpt lat="50.7276331" lon="13.8924497"><ele>0</ele></trkpt>
<trkpt lat="50.7276867" lon="13.8927856"><ele>0</ele></trkpt>
<trkpt lat="50.7277183" lon="13.8931087"><ele>0</ele></trkpt>
<trkpt lat="50.7277951" lon="13.8933549"><ele>0</ele></trkpt>
<trkpt lat="50.7278038" lon="13.8936227"><ele>0</ele></trkpt>
<trkpt lat="50.7278409" lon="13.8938956"><ele>0</ele></trkpt>
<trkpt lat="50.7278979" lon="13.8942189"><ele>0</ele></trkpt>
<trkpt lat="50.7279831" lon="13.8945482"><ele>0</ele></trkpt>
<trkpt lat="50.7281054" lon="13.8948521"><ele>0</ele></trkpt>
<trkpt lat="50.7282972" lon="13.8951241"><ele>0</ele></trkpt>
<trkpt lat="50.7284976" lon="13.8954684"><ele>0</ele></trkpt>
<trkpt lat="50.7287197" lon="13.8958225"><ele>0</ele></trkpt>
<trkpt lat="50.7289545" lon="13.8962221"><ele>0</ele></trkpt>
<trkpt lat="50.7292327" lon="13.8966574"><ele>0</ele></trkpt>
<trkpt lat="50.729554" lon="13.8971441"><ele>0</ele></trkpt>
<trkpt lat="50.7299348" lon="13.8976374"><ele>0</ele></trkpt>
<trkpt lat="50.7301436" lon="13.8984293"><ele>0</ele></trkpt>
<trkpt lat="50.7303709" lon="13.8989346"><ele>0</ele></trkpt>
<trkpt lat="50.7305783" lon="13.8992644"><ele>0</ele></trkpt>
<trkpt lat="50.7307436" lon="13.899587"><ele>0</ele></trkpt>
<trkpt lat="50.7309475" lon="13.8999269"><ele>0</ele></trkpt>
<trkpt lat="50.7311195" lon="13.9002298"><ele>0</ele></trkpt>
<trkpt lat="50.731281" lon="13.9004993"><ele>0</ele></trkpt>
<trkpt lat="50.7313805" lon="13.90072"><ele>0</ele></trkpt>
<trkpt lat="50.7315461" lon="13.9008962"><ele>0</ele></trkpt>
<trkpt lat="50.7317187" lon="13.9011009"><ele>0</ele></trkpt>
<trkpt lat="50.7319158" lon="13.9012772"><ele>0</ele></trkpt>
<trkpt lat="50.7321185" lon="13.9014347"><ele>0</ele></trkpt>
<trkpt lat="50.732312" lon="13.9016161"><ele>0</ele></trkpt>
<trkpt lat="50.732484" lon="13.9018358"><ele>0</ele></trkpt>
<trkpt lat="50.7325863" lon="13.9019711"><ele>0</ele></trkpt>
<trkpt lat="50.7328405" lon="13.9021751"><ele>0</ele></trkpt>
<trkpt lat="50.7331556" lon="13.9023581"><ele>0</ele></trkpt>
<trkpt lat="50.7334051" lon="13.9025551"><ele>0</ele></trkpt>
<trkpt lat="50.7335177" lon="13.9029001"><ele>0</ele></trkpt>
<trkpt lat="50.7336656" lon="13.9031487"><ele>0</ele></trkpt>
<trkpt lat="50.7337646" lon="13.903254"><ele>0</ele></trkpt>
<trkpt lat="50.7338515" lon="13.9033377"><ele>0</ele></trkpt>
<trkpt lat="50.7340223" lon="13.9034199"><ele>0</ele></trkpt>
<trkpt lat="50.7341599" lon="13.9035058"><ele>0</ele></trkpt>
<trkpt lat="50.7342433" lon="13.9036291"><ele>0</ele></trkpt>
<trkpt lat="50.7343529" lon="13.903823"><ele>0</ele></trkpt>
<trkpt lat="50.734429" lon="13.9039336"><ele>0</ele></trkpt>
<trkpt lat="50.7345262" lon="13.9041754"><ele>0</ele></trkpt>
<trkpt lat="50.7346531" lon="13.9043299"><ele>0</ele></trkpt>
<trkpt lat="50.7348233" lon="13.9045114"><ele>0</ele></trkpt>
<trkpt lat="50.734974" lon="13.9047021"><ele>0</ele></trkpt>
<trkpt lat="50.7350913" lon="13.9048486"><ele>0</ele></trkpt>
<trkpt lat="50.7352692" lon="13.9051062"><ele>0</ele></trkpt>
<trkpt lat="50.7354047" lon="13.905344"><ele>0</ele></trkpt>
<trkpt lat="50.735432" lon="13.905486"><ele>0</ele></trkpt>
<trkpt lat="50.735378" lon="13.905609"><ele>0</ele></trkpt>
<trkpt lat="50.7352734" lon="13.9057672"><ele>0</ele></trkpt>
<trkpt lat="50.7353234" lon="13.9059245"><ele>0</ele></trkpt>
<trkpt lat="50.7353895" lon="13.9061474"><ele>0</ele></trkpt>
<trkpt lat="50.7352836" lon="13.9064107"><ele>0</ele></trkpt>
<trkpt lat="50.7351896" lon="13.9066115"><ele>0</ele></trkpt>
<trkpt lat="50.7351456" lon="13.9068117"><ele>0</ele></trkpt>
<trkpt lat="50.7350671" lon="13.9070389"><ele>0</ele></trkpt>
<trkpt lat="50.7349769" lon="13.907215"><ele>0</ele></trkpt>
<trkpt lat="50.7349458" lon="13.907535"><ele>0</ele></trkpt>
<trkpt lat="50.7349227" lon="13.907768"><ele>0</ele></trkpt>
<trkpt lat="50.7348713" lon="13.9080507"><ele>0</ele></trkpt>
<trkpt lat="50.7348225" lon="13.9082106"><ele>0</ele></trkpt>
<trkpt lat="50.7346968" lon="13.9083749"><ele>0</ele></trkpt>
<trkpt lat="50.7347658" lon="13.9082748"><ele>0</ele></trkpt>
<trkpt lat="50.7347869" lon="13.9084227"><ele>0</ele></trkpt>
<trkpt lat="50.7347347" lon="13.9088408"><ele>0</ele></trkpt>
<trkpt lat="50.7346727" lon="13.9091846"><ele>0</ele></trkpt>
<trkpt lat="50.7346933" lon="13.9094044"><ele>0</ele></trkpt>
<trkpt lat="50.7347457" lon="13.9095277"><ele>0</ele></trkpt>
<trkpt lat="50.7348199" lon="13.9097359"><ele>0</ele></trkpt>
<trkpt lat="50.7348844" lon="13.9099598"><ele>0</ele></trkpt>
<trkpt lat="50.7349358" lon="13.9101388"><ele>0</ele></trkpt>
<trkpt lat="50.7349199" lon="13.9103531"><ele>0</ele></trkpt>
<trkpt lat="50.7349523" lon="13.9107507"><ele>0</ele></trkpt>
<trkpt lat="50.7348819" lon="13.9111093"><ele>0</ele></trkpt>
<trkpt lat="50.7348314" lon="13.9113353"><ele>0</ele></trkpt>
<trkpt lat="50.7347546" lon="13.9114711"><ele>0</ele></trkpt>
<trkpt lat="50.7346581" lon="13.911849"><ele>0</ele></trkpt>
<trkpt lat="50.734589" lon="13.9121411"><ele>0</ele></trkpt>
<trkpt lat="50.7345826" lon="13.9126209"><ele>0</ele></trkpt>
<trkpt lat="50.7347315" lon="13.9129396"><ele>0</ele></trkpt>
<trkpt lat="50.7349582" lon="13.9130932"><ele>0</ele></trkpt>
<trkpt lat="50.735101" lon="13.913065"><ele>0</ele></trkpt>
<trkpt lat="50.735482" lon="13.9132019"><ele>0</ele></trkpt>
<trkpt lat="50.7357753" lon="13.9134477"><ele>0</ele></trkpt>
<trkpt lat="50.7359257" lon="13.9135514"><ele>0</ele></trkpt>
<trkpt lat="50.7360417" lon="13.9135104"><ele>0</ele></trkpt>
<trkpt lat="50.7361448" lon="13.9135261"><ele>0</ele></trkpt>
<trkpt lat="50.7362461" lon="13.913573"><ele>0</ele></trkpt>
<trkpt lat="50.7363314" lon="13.913787"><ele>0</ele></trkpt>
<trkpt lat="50.7364636" lon="13.9139136"><ele>0</ele></trkpt>
<trkpt lat="50.7366688" lon="13.9145589"><ele>0</ele></trkpt>
<trkpt lat="50.7366861" lon="13.9153076"><ele>0</ele></trkpt>
<trkpt lat="50.7367123" lon="13.9157413"><ele>0</ele></trkpt>
<trkpt lat="50.7367546" lon="13.916065"><ele>0</ele></trkpt>
<trkpt lat="50.7367562" lon="13.916234"><ele>0</ele></trkpt>
<trkpt lat="50.7367449" lon="13.9164077"><ele>0</ele></trkpt>
<trkpt lat="50.7367522" lon="13.9166444"><ele>0</ele></trkpt>
<trkpt lat="50.7367724" lon="13.916892"><ele>0</ele></trkpt>
<trkpt lat="50.7367978" lon="13.9170972"><ele>0</ele></trkpt>
<trkpt lat="50.7368459" lon="13.9172634"><ele>0</ele></trkpt>
<trkpt lat="50.736881" lon="13.9174283"><ele>0</ele></trkpt>
<trkpt lat="50.7369028" lon="13.917581"><ele>0</ele></trkpt>
<trkpt lat="50.7369302" lon="13.9177393"><ele>0</ele></trkpt>
<trkpt lat="50.7369501" lon="13.9178908"><ele>0</ele></trkpt>
<trkpt lat="50.7369905" lon="13.9180678"><ele>0</ele></trkpt>
<trkpt lat="50.7370471" lon="13.9182474"><ele>0</ele></trkpt>
<trkpt lat="50.7370915" lon="13.918378"><ele>0</ele></trkpt>
<trkpt lat="50.7371535" lon="13.9185037"><ele>0</ele></trkpt>
<trkpt lat="50.7372047" lon="13.918663"><ele>0</ele></trkpt>
<trkpt lat="50.7372762" lon="13.9188487"><ele>0</ele></trkpt>
<trkpt lat="50.7373314" lon="13.9189731"><ele>0</ele></trkpt>
<trkpt lat="50.7373537" lon="13.9191318"><ele>0</ele></trkpt>
<trkpt lat="50.7374085" lon="13.919345"><ele>0</ele></trkpt>
<trkpt lat="50.737484" lon="13.9196495"><ele>0</ele></trkpt>
<trkpt lat="50.73757" lon="13.9199114"><ele>0</ele></trkpt>
<trkpt lat="50.7375873" lon="13.9200604"><ele>0</ele></trkpt>
<trkpt lat="50.7376183" lon="13.9202475"><ele>0</ele></trkpt>
<trkpt lat="50.7376747" lon="13.9204325"><ele>0</ele></trkpt>
<trkpt lat="50.7377059" lon="13.9206961"><ele>0</ele></trkpt>
<trkpt lat="50.7377214" lon="13.9208786"><ele>0</ele></trkpt>
<trkpt lat="50.7377408" lon="13.92112"><ele>0</ele></trkpt>
<trkpt lat="50.73776" lon="13.921381"><ele>0</ele></trkpt>
<trkpt lat="50.7377666" lon="13.9215926"><ele>0</ele></trkpt>
<trkpt lat="50.7378064" lon="13.9217503"><ele>0</ele></trkpt>
<trkpt lat="50.7377854" lon="13.9218897"><ele>0</ele></trkpt>
<trkpt lat="50.7377781" lon="13.9220339"><ele>0</ele></trkpt>
<trkpt lat="50.7378663" lon="13.922389"><ele>0</ele></trkpt>
<trkpt lat="50.7379387" lon="13.9227465"><ele>0</ele></trkpt>
<trkpt lat="50.7380071" lon="13.9230533"><ele>0</ele></trkpt>
<trkpt lat="50.738025" lon="13.9232629"><ele>0</ele></trkpt>
<trkpt lat="50.7380181" lon="13.9234976"><ele>0</ele></trkpt>
<trkpt lat="50.7380137" lon="13.9237389"><ele>0</ele></trkpt>
<trkpt lat="50.7380202" lon="13.9239278"><ele>0</ele></trkpt>
<trkpt lat="50.7380505" lon="13.9241819"><ele>0</ele></trkpt>
<trkpt lat="50.738037" lon="13.9244851"><ele>0</ele></trkpt>
<trkpt lat="50.7381242" lon="13.9249609"><ele>0</ele></trkpt>
<trkpt lat="50.7382216" lon="13.9252515"><ele>0</ele></trkpt>
<trkpt lat="50.7384115" lon="13.9255967"><ele>0</ele></trkpt>
<trkpt lat="50.7385894" lon="13.9259232"><ele>0</ele></trkpt>
<trkpt lat="50.7387344" lon="13.9259433"><ele>0</ele></trkpt>
<trkpt lat="50.7388257" lon="13.926039"><ele>0</ele></trkpt>
<trkpt lat="50.7389348" lon="13.9261321"><ele>0</ele></trkpt>
<trkpt lat="50.7390487" lon="13.926229"><ele>0</ele></trkpt>
<trkpt lat="50.7392078" lon="13.9263537"><ele>0</ele></trkpt>
<trkpt lat="50.7393559" lon="13.9265003"><ele>0</ele></trkpt>
<trkpt lat="50.7395297" lon="13.926648"><ele>0</ele></trkpt>
<trkpt lat="50.7397813" lon="13.9270018"><ele>0</ele></trkpt>
<trkpt lat="50.7400271" lon="13.927592"><ele>0</ele></trkpt>
<trkpt lat="50.7401699" lon="13.9280746"><ele>0</ele></trkpt>
<trkpt lat="50.7403535" lon="13.9285415"><ele>0</ele></trkpt>
<trkpt lat="50.7405618" lon="13.9288517"><ele>0</ele></trkpt>
<trkpt lat="50.7406789" lon="13.9288673"><ele>0</ele></trkpt>
<trkpt lat="50.7407591" lon="13.9289421"><ele>0</ele></trkpt>
<trkpt lat="50.7408218" lon="13.929054"><ele>0</ele></trkpt>
<trkpt lat="50.7408781" lon="13.9291719"><ele>0</ele></trkpt>
<trkpt lat="50.7409525" lon="13.9292746"><ele>0</ele></trkpt>
<trkpt lat="50.7410833" lon="13.9293704"><ele>0</ele></trkpt>
<trkpt lat="50.7411657" lon="13.9294505"><ele>0</ele></trkpt>
<trkpt lat="50.7412038" lon="13.9295848"><ele>0</ele></trkpt>
<trkpt lat="50.7412644" lon="13.9297105"><ele>0</ele></trkpt>
<trkpt lat="50.741337" lon="13.9298314"><ele>0</ele></trkpt>
<trkpt lat="50.7414378" lon="13.9300219"><ele>0</ele></trkpt>
<trkpt lat="50.7415742" lon="13.9301205"><ele>0</ele></trkpt>
<trkpt lat="50.7416391" lon="13.9302291"><ele>0</ele></trkpt>
<trkpt lat="50.7416504" lon="13.9303794"><ele>0</ele></trkpt>
<trkpt lat="50.741686" lon="13.930525"><ele>0</ele></trkpt>
<trkpt lat="50.741731" lon="13.9306971"><ele>0</ele></trkpt>
<trkpt lat="50.7418083" lon="13.9309391"><ele>0</ele></trkpt>
<trkpt lat="50.7418275" lon="13.9311099"><ele>0</ele></trkpt>
<trkpt lat="50.7418764" lon="13.9312747"><ele>0</ele></trkpt>
<trkpt lat="50.7418016" lon="13.9313557"><ele>0</ele></trkpt>
<trkpt lat="50.7418059" lon="13.9315276"><ele>0</ele></trkpt>
<trkpt lat="50.7418285" lon="13.9318093"><ele>0</ele></trkpt>
<trkpt lat="50.7418034" lon="13.9321243"><ele>0</ele></trkpt>
<trkpt lat="50.7417913" lon="13.9325521"><ele>0</ele></trkpt>
<trkpt lat="50.7417877" lon="13.9330444"><ele>0</ele></trkpt>
<trkpt lat="50.7418562" lon="13.933473"><ele>0</ele></trkpt>
<trkpt lat="50.7420822" lon="13.9338637"><ele>0</ele></trkpt>
<trkpt lat="50.7422616" lon="13.9341694"><ele>0</ele></trkpt>
<trkpt lat="50.7423988" lon="13.9346604"><ele>0</ele></trkpt>
<trkpt lat="50.7426791" lon="13.9349526"><ele>0</ele></trkpt>
<trkpt lat="50.7430069" lon="13.9352621"><ele>0</ele></trkpt>
<trkpt lat="50.7433398" lon="13.9356599"><ele>0</ele></trkpt>
<trkpt lat="50.7437448" lon="13.9359453"><ele>0</ele></trkpt>
<trkpt lat="50.7440904" lon="13.9362362"><ele>0</ele></trkpt>
<trkpt lat="50.7444777" lon="13.9364545"><ele>0</ele></trkpt>
<trkpt lat="50.7448416" lon="13.9365457"><ele>0</ele></trkpt>
<trkpt lat="50.7451711" lon="13.9365645"><ele>0</ele></trkpt>
<trkpt lat="50.7455069" lon="13.9368123"><ele>0</ele></trkpt>
<trkpt lat="50.7458946" lon="13.936934"><ele>0</ele></trkpt>
<trkpt lat="50.7462556" lon="13.9369316"><ele>0</ele></trkpt>
<trkpt lat="50.7466162" lon="13.9371725"><ele>0</ele></trkpt>
<trkpt lat="50.7470306" lon="13.9373826"><ele>0</ele></trkpt>
<trkpt lat="50.7473549" lon="13.9375772"><ele>0</ele></trkpt>
<trkpt lat="50.7476541" lon="13.9375612"><ele>0</ele></trkpt>
<trkpt lat="50.7478474" lon="13.9373992"><ele>0</ele></trkpt>
<trkpt lat="50.7479271" lon="13.9374913"><ele>0</ele></trkpt>
<trkpt lat="50.7480165" lon="13.937538"><ele>0</ele></trkpt>
<trkpt lat="50.7481445" lon="13.9376367"><ele>0</ele></trkpt>
<trkpt lat="50.7482307" lon="13.9376906"><ele>0</ele></trkpt>
<trkpt lat="50.7482715" lon="13.9378176"><ele>0</ele></trkpt>
<trkpt lat="50.7481882" lon="13.9378754"><ele>0</ele></trkpt>
<trkpt lat="50.7482171" lon="13.9380422"><ele>0</ele></trkpt>
<trkpt lat="50.7483166" lon="13.938328"><ele>0</ele></trkpt>
<trkpt lat="50.7483592" lon="13.9385824"><ele>0</ele></trkpt>
<trkpt lat="50.7483658" lon="13.9388336"><ele>0</ele></trkpt>
<trkpt lat="50.7484053" lon="13.938993"><ele>0</ele></trkpt>
<trkpt lat="50.7484795" lon="13.9392776"><ele>0</ele></trkpt>
<trkpt lat="50.7485099" lon="13.93954"><ele>0</ele></trkpt>
<trkpt lat="50.7485178" lon="13.9397379"><ele>0</ele></trkpt>
<trkpt lat="50.7485417" lon="13.9399115"><ele>0</ele></trkpt>
<trkpt lat="50.7485619" lon="13.9400627"><ele>0</ele></trkpt>
<trkpt lat="50.7485905" lon="13.9402062"><ele>0</ele></trkpt>
<trkpt lat="50.7485387" lon="13.9403266"><ele>0</ele></trkpt>
<trkpt lat="50.7485685" lon="13.940486"><ele>0</ele></trkpt>
<trkpt lat="50.7485637" lon="13.9406578"><ele>0</ele></trkpt>
<trkpt lat="50.7485468" lon="13.9408505"><ele>0</ele></trkpt>
<trkpt lat="50.7485614" lon="13.9410171"><ele>0</ele></trkpt>
<trkpt lat="50.7485559" lon="13.9411997"><ele>0</ele></trkpt>
<trkpt lat="50.7485513" lon="13.941357"><ele>0</ele></trkpt>
<trkpt lat="50.7485315" lon="13.941536"><ele>0</ele></trkpt>
<trkpt lat="50.7484961" lon="13.9417026"><ele>0</ele></trkpt>
<trkpt lat="50.7484659" lon="13.9418436"><ele>0</ele></trkpt>
<trkpt lat="50.7484211" lon="13.94197"><ele>0</ele></trkpt>
<trkpt lat="50.7483518" lon="13.9420872"><ele>0</ele></trkpt>
<trkpt lat="50.748283" lon="13.9422046"><ele>0</ele></trkpt>
<trkpt lat="50.748218" lon="13.9423486"><ele>0</ele></trkpt>
<trkpt lat="50.7481654" lon="13.942466"><ele>0</ele></trkpt>
<trkpt lat="50.7481114" lon="13.9425996"><ele>0</ele></trkpt>
<trkpt lat="50.7480709" lon="13.9427509"><ele>0</ele></trkpt>
<trkpt lat="50.7480718" lon="13.9429131"><ele>0</ele></trkpt>
<trkpt lat="50.7480319" lon="13.9430442"><ele>0</ele></trkpt>
<trkpt lat="50.747975" lon="13.9431718"><ele>0</ele></trkpt>
<trkpt lat="50.7479733" lon="13.9433411"><ele>0</ele></trkpt>
<trkpt lat="50.747961" lon="13.9435055"><ele>0</ele></trkpt>
<trkpt lat="50.7479608" lon="13.943666"><ele>0</ele></trkpt>
<trkpt lat="50.7479672" lon="13.943808"><ele>0</ele></trkpt>
<trkpt lat="50.7479887" lon="13.9439583"><ele>0</ele></trkpt>
<trkpt lat="50.7480158" lon="13.9441098"><ele>0</ele></trkpt>
<trkpt lat="50.7480441" lon="13.9442494"><ele>0</ele></trkpt>
<trkpt lat="50.7480875" lon="13.9444184"><ele>0</ele></trkpt>
<trkpt lat="50.7480829" lon="13.9445859"><ele>0</ele></trkpt>
<trkpt lat="50.7480703" lon="13.9447344"><ele>0</ele></trkpt>
<trkpt lat="50.748057" lon="13.9449167"><ele>0</ele></trkpt>
<trkpt lat="50.7480383" lon="13.9450953"><ele>0</ele></trkpt>
<trkpt lat="50.7480119" lon="13.9452677"><ele>0</ele></trkpt>
<trkpt lat="50.7479907" lon="13.94543"><ele>0</ele></trkpt>
<trkpt lat="50.7479785" lon="13.9455744"><ele>0</ele></trkpt>
<trkpt lat="50.7479713" lon="13.9457288"><ele>0</ele></trkpt>
<trkpt lat="50.7479502" lon="13.945914"><ele>0</ele></trkpt>
<trkpt lat="50.7479363" lon="13.9460684"><ele>0</ele></trkpt>
<trkpt lat="50.7479204" lon="13.9462193"><ele>0</ele></trkpt>
<trkpt lat="50.7479" lon="13.9464024"><ele>0</ele></trkpt>
<trkpt lat="50.7478985" lon="13.946553"><ele>0</ele></trkpt>
<trkpt lat="50.7478789" lon="13.9467011"><ele>0</ele></trkpt>
<trkpt lat="50.7478955" lon="13.9468685"><ele>0</ele></trkpt>
<trkpt lat="50.7479125" lon="13.9470089"><ele>0</ele></trkpt>
<trkpt lat="50.7479356" lon="13.9471936"><ele>0</ele></trkpt>
<trkpt lat="50.7479693" lon="13.9473629"><ele>0</ele></trkpt>
<trkpt lat="50.7479977" lon="13.9475004"><ele>0</ele></trkpt>
<trkpt lat="50.7480244" lon="13.9476614"><ele>0</ele></trkpt>
<trkpt lat="50.7480596" lon="13.9478284"><ele>0</ele></trkpt>
<trkpt lat="50.7481117" lon="13.9479782"><ele>0</ele></trkpt>
<trkpt lat="50.7481658" lon="13.9481098"><ele>0</ele></trkpt>
<trkpt lat="50.7482399" lon="13.9481976"><ele>0</ele></trkpt>
<trkpt lat="50.7483286" lon="13.9481347"><ele>0</ele></trkpt>
<trkpt lat="50.7484189" lon="13.9480849"><ele>0</ele></trkpt>
<trkpt lat="50.7485004" lon="13.9479948"><ele>0</ele></trkpt>
<trkpt lat="50.7485953" lon="13.9479444"><ele>0</ele></trkpt>
<trkpt lat="50.7486837" lon="13.9479182"><ele>0</ele></trkpt>
<trkpt lat="50.7488075" lon="13.9478549"><ele>0</ele></trkpt>
<trkpt lat="50.7489457" lon="13.9478797"><ele>0</ele></trkpt>
<trkpt lat="50.7490775" lon="13.9478973"><ele>0</ele></trkpt>
<trkpt lat="50.7491934" lon="13.9478568"><ele>0</ele></trkpt>
<trkpt lat="50.7492942" lon="13.947787"><ele>0</ele></trkpt>
<trkpt lat="50.7494677" lon="13.947702"><ele>0</ele></trkpt>
<trkpt lat="50.7496083" lon="13.9476602"><ele>0</ele></trkpt>
<trkpt lat="50.7497202" lon="13.9476883"><ele>0</ele></trkpt>
<trkpt lat="50.7498372" lon="13.9476691"><ele>0</ele></trkpt>
<trkpt lat="50.7499087" lon="13.9475562"><ele>0</ele></trkpt>
<trkpt lat="50.7499663" lon="13.9474281"><ele>0</ele></trkpt>
<trkpt lat="50.7500188" lon="13.9472869"><ele>0</ele></trkpt>
<trkpt lat="50.7500976" lon="13.9471796"><ele>0</ele></trkpt>
<trkpt lat="50.750178" lon="13.9471149"><ele>0</ele></trkpt>
<trkpt lat="50.750295" lon="13.9470593"><ele>0</ele></trkpt>
<trkpt lat="50.750413" lon="13.9469641"><ele>0</ele></trkpt>
<trkpt lat="50.7504976" lon="13.9468602"><ele>0</ele></trkpt>
<trkpt lat="50.7505798" lon="13.9467426"><ele>0</ele></trkpt>
<trkpt lat="50.7507004" lon="13.9466336"><ele>0</ele></trkpt>
<trkpt lat="50.7507956" lon="13.946546"><ele>0</ele></trkpt>
<trkpt lat="50.7509381" lon="13.9464674"><ele>0</ele></trkpt>
<trkpt lat="50.7510987" lon="13.9464041"><ele>0</ele></trkpt>
<trkpt lat="50.7512233" lon="13.9463749"><ele>0</ele></trkpt>
<trkpt lat="50.7513781" lon="13.9463116"><ele>0</ele></trkpt>
<trkpt lat="50.7515288" lon="13.946332"><ele>0</ele></trkpt>
<trkpt lat="50.7516421" lon="13.9463743"><ele>0</ele></trkpt>
<trkpt lat="50.7517854" lon="13.9463949"><ele>0</ele></trkpt>
<trkpt lat="50.7519295" lon="13.9464019"><ele>0</ele></trkpt>
<trkpt lat="50.7521043" lon="13.9464001"><ele>0</ele></trkpt>
<trkpt lat="50.7522414" lon="13.9464326"><ele>0</ele></trkpt>
<trkpt lat="50.752418" lon="13.9464739"><ele>0</ele></trkpt>
<trkpt lat="50.7525814" lon="13.9465084"><ele>0</ele></trkpt>
<trkpt lat="50.7527254" lon="13.9464479"><ele>0</ele></trkpt>
<trkpt lat="50.7528342" lon="13.9463335"><ele>0</ele></trkpt>
<trkpt lat="50.7529801" lon="13.9461964"><ele>0</ele></trkpt>
<trkpt lat="50.7531685" lon="13.9461287"><ele>0</ele></trkpt>
<trkpt lat="50.7532727" lon="13.9459787"><ele>0</ele></trkpt>
<trkpt lat="50.7533906" lon="13.9458189"><ele>0</ele></trkpt>
<trkpt lat="50.753551" lon="13.9458758"><ele>0</ele></trkpt>
<trkpt lat="50.7537972" lon="13.9460069"><ele>0</ele></trkpt>
<trkpt lat="50.7540086" lon="13.9461457"><ele>0</ele></trkpt>
<trkpt lat="50.7541835" lon="13.9461472"><ele>0</ele></trkpt>
<trkpt lat="50.7544461" lon="13.9461096"><ele>0</ele></trkpt>
<trkpt lat="50.7546034" lon="13.9460398"><ele>0</ele></trkpt>
<trkpt lat="50.7547001" lon="13.9460708"><ele>0</ele></trkpt>
<trkpt lat="50.754973" lon="13.9460568"><ele>0</ele></trkpt>
<trkpt lat="50.7552366" lon="13.9462438"><ele>0</ele></trkpt>
<trkpt lat="50.7553158" lon="13.9463321"><ele>0</ele></trkpt>
<trkpt lat="50.7554367" lon="13.9462452"><ele>0</ele></trkpt>
<trkpt lat="50.7556056" lon="13.9461201"><ele>0</ele></trkpt>
<trkpt lat="50.7557476" lon="13.9460094"><ele>0</ele></trkpt>
<trkpt lat="50.7559203" lon="13.9458239"><ele>0</ele></trkpt>
<trkpt lat="50.7561117" lon="13.9456177"><ele>0</ele></trkpt>
<trkpt lat="50.7563132" lon="13.9453494"><ele>0</ele></trkpt>
<trkpt lat="50.7565884" lon="13.9451567"><ele>0</ele></trkpt>
<trkpt lat="50.756875" lon="13.9449282"><ele>0</ele></trkpt>
<trkpt lat="50.7571493" lon="13.9446025"><ele>0</ele></trkpt>
<trkpt lat="50.7574486" lon="13.9443858"><ele>0</ele></trkpt>
<trkpt lat="50.7576331" lon="13.9446232"><ele>0</ele></trkpt>
<trkpt lat="50.7576534" lon="13.9450037"><ele>0</ele></trkpt>
<trkpt lat="50.7576919" lon="13.9452202"><ele>0</ele></trkpt>
<trkpt lat="50.7577373" lon="13.9454026"><ele>0</ele></trkpt>
<trkpt lat="50.7578458" lon="13.9456998"><ele>0</ele></trkpt>
<trkpt lat="50.7579561" lon="13.9459981"><ele>0</ele></trkpt>
<trkpt lat="50.7580159" lon="13.9462225"><ele>0</ele></trkpt>
<trkpt lat="50.758101" lon="13.9465042"><ele>0</ele></trkpt>
<trkpt lat="50.7582121" lon="13.9467954"><ele>0</ele></trkpt>
<trkpt lat="50.75827" lon="13.9470258"><ele>0</ele></trkpt>
<trkpt lat="50.7583019" lon="13.9472365"><ele>0</ele></trkpt>
<trkpt lat="50.7583928" lon="13.9476071"><ele>0</ele></trkpt>
<trkpt lat="50.7584884" lon="13.9478215"><ele>0</ele></trkpt>
<trkpt lat="50.7586188" lon="13.948023"><ele>0</ele></trkpt>
<trkpt lat="50.7586727" lon="13.9484103"><ele>0</ele></trkpt>
<trkpt lat="50.7587379" lon="13.9488527"><ele>0</ele></trkpt>
<trkpt lat="50.7588324" lon="13.9492628"><ele>0</ele></trkpt>
<trkpt lat="50.758936" lon="13.9496704"><ele>0</ele></trkpt>
<trkpt lat="50.758866" lon="13.9500027"><ele>0</ele></trkpt>
<trkpt lat="50.7588637" lon="13.9502221"><ele>0</ele></trkpt>
<trkpt lat="50.7590074" lon="13.9505963"><ele>0</ele></trkpt>
<trkpt lat="50.7592177" lon="13.9510329"><ele>0</ele></trkpt>
<trkpt lat="50.7592993" lon="13.9512636"><ele>0</ele></trkpt>
<trkpt lat="50.7593473" lon="13.9514008"><ele>0</ele></trkpt>
<trkpt lat="50.7594575" lon="13.9515722"><ele>0</ele></trkpt>
<trkpt lat="50.7595774" lon="13.9518412"><ele>0</ele></trkpt>
<trkpt lat="50.7595478" lon="13.9519983"><ele>0</ele></trkpt>
<trkpt lat="50.7596745" lon="13.952007"><ele>0</ele></trkpt>
<trkpt lat="50.7598172" lon="13.9518974"><ele>0</ele></trkpt>
<trkpt lat="50.7598975" lon="13.9517894"><ele>0</ele></trkpt>
<trkpt lat="50.7599766" lon="13.9516717"><ele>0</ele></trkpt>
<trkpt lat="50.7601137" lon="13.9517044"><ele>0</ele></trkpt>
<trkpt lat="50.7602354" lon="13.9517303"><ele>0</ele></trkpt>
<trkpt lat="50.7602861" lon="13.951849"><ele>0</ele></trkpt>
<trkpt lat="50.7603433" lon="13.9520323"><ele>0</ele></trkpt>
<trkpt lat="50.7604021" lon="13.9523182"><ele>0</ele></trkpt>
<trkpt lat="50.7604196" lon="13.952519"><ele>0</ele></trkpt>
<trkpt lat="50.7604479" lon="13.9526689"><ele>0</ele></trkpt>
<trkpt lat="50.760458" lon="13.9528358"><ele>0</ele></trkpt>
<trkpt lat="50.7604672" lon="13.9530054"><ele>0</ele></trkpt>
<trkpt lat="50.7604314" lon="13.9531639"><ele>0</ele></trkpt>
<trkpt lat="50.7604589" lon="13.9533028"><ele>0</ele></trkpt>
<trkpt lat="50.7604258" lon="13.9534464"><ele>0</ele></trkpt>
<trkpt lat="50.7604379" lon="13.95359"><ele>0</ele></trkpt>
<trkpt lat="50.7604896" lon="13.9537119"><ele>0</ele></trkpt>
<trkpt lat="50.7605782" lon="13.9537999"><ele>0</ele></trkpt>
<trkpt lat="50.7606273" lon="13.9539281"><ele>0</ele></trkpt>
<trkpt lat="50.7606677" lon="13.9540634"><ele>0</ele></trkpt>
<trkpt lat="50.760739" lon="13.9541942"><ele>0</ele></trkpt>
<trkpt lat="50.7607608" lon="13.9543542"><ele>0</ele></trkpt>
<trkpt lat="50.7607615" lon="13.9545044"><ele>0</ele></trkpt>
<trkpt lat="50.7607128" lon="13.954645"><ele>0</ele></trkpt>
<trkpt lat="50.7606721" lon="13.9547715"><ele>0</ele></trkpt>
<trkpt lat="50.7606411" lon="13.9549196"><ele>0</ele></trkpt>
<trkpt lat="50.76062" lon="13.9550789"><ele>0</ele></trkpt>
<trkpt lat="50.7606033" lon="13.9552278"><ele>0</ele></trkpt>
<trkpt lat="50.7605917" lon="13.9553852"><ele>0</ele></trkpt>
<trkpt lat="50.7606108" lon="13.9555296"><ele>0</ele></trkpt>
<trkpt lat="50.7606433" lon="13.9556792"><ele>0</ele></trkpt>
<trkpt lat="50.7606806" lon="13.9558348"><ele>0</ele></trkpt>
<trkpt lat="50.7606932" lon="13.955981"><ele>0</ele></trkpt>
<trkpt lat="50.7607292" lon="13.9561241"><ele>0</ele></trkpt>
<trkpt lat="50.7607556" lon="13.9562629"><ele>0</ele></trkpt>
<trkpt lat="50.7607757" lon="13.9564186"><ele>0</ele></trkpt>
<trkpt lat="50.7608048" lon="13.9565615"><ele>0</ele></trkpt>
<trkpt lat="50.760825" lon="13.9567053"><ele>0</ele></trkpt>
<trkpt lat="50.7608485" lon="13.9568626"><ele>0</ele></trkpt>
<trkpt lat="50.7608673" lon="13.9570075"><ele>0</ele></trkpt>
<trkpt lat="50.7608891" lon="13.9571605"><ele>0</ele></trkpt>
<trkpt lat="50.7609188" lon="13.9573326"><ele>0</ele></trkpt>
<trkpt lat="50.7609382" lon="13.9574832"><ele>0</ele></trkpt>
<trkpt lat="50.7609439" lon="13.9576829"><ele>0</ele></trkpt>
<trkpt lat="50.7609073" lon="13.9578416"><ele>0</ele></trkpt>
<trkpt lat="50.7608617" lon="13.9579864"><ele>0</ele></trkpt>
<trkpt lat="50.7607746" lon="13.9580615"><ele>0</ele></trkpt>
<trkpt lat="50.7606919" lon="13.9581322"><ele>0</ele></trkpt>
<trkpt lat="50.7606112" lon="13.9582052"><ele>0</ele></trkpt>
<trkpt lat="50.7605275" lon="13.9582997"><ele>0</ele></trkpt>
<trkpt lat="50.760442" lon="13.9583869"><ele>0</ele></trkpt>
<trkpt lat="50.7603492" lon="13.9584636"><ele>0</ele></trkpt>
<trkpt lat="50.7602535" lon="13.9585788"><ele>0</ele></trkpt>
<trkpt lat="50.7601716" lon="13.9586931"><ele>0</ele></trkpt>
<trkpt lat="50.7600682" lon="13.9587973"><ele>0</ele></trkpt>
<trkpt lat="50.7599754" lon="13.9589102"><ele>0</ele></trkpt>
<trkpt lat="50.7598909" lon="13.959008"><ele>0</ele></trkpt>
<trkpt lat="50.7598076" lon="13.9591302"><ele>0</ele></trkpt>
<trkpt lat="50.7597136" lon="13.9592971"><ele>0</ele></trkpt>
<trkpt lat="50.7596483" lon="13.9594274"><ele>0</ele></trkpt>
<trkpt lat="50.7595557" lon="13.9596038"><ele>0</ele></trkpt>
<trkpt lat="50.7594604" lon="13.9598092"><ele>0</ele></trkpt>
<trkpt lat="50.7593703" lon="13.9599514"><ele>0</ele></trkpt>
<trkpt lat="50.7592768" lon="13.960147"><ele>0</ele></trkpt>
<trkpt lat="50.7591823" lon="13.9603327"><ele>0</ele></trkpt>
<trkpt lat="50.7591059" lon="13.9604563"><ele>0</ele></trkpt>
<trkpt lat="50.7589811" lon="13.960637"><ele>0</ele></trkpt>
<trkpt lat="50.7588823" lon="13.960759"><ele>0</ele></trkpt>
<trkpt lat="50.7588415" lon="13.9609412"><ele>0</ele></trkpt>
<trkpt lat="50.7588068" lon="13.9611701"><ele>0</ele></trkpt>
<trkpt lat="50.7587337" lon="13.9613821"><ele>0</ele></trkpt>
<trkpt lat="50.7586311" lon="13.9616652"><ele>0</ele></trkpt>
<trkpt lat="50.7585835" lon="13.9619538"><ele>0</ele></trkpt>
<trkpt lat="50.7585458" lon="13.962167"><ele>0</ele></trkpt>
<trkpt lat="50.7585345" lon="13.9623094"><ele>0</ele></trkpt>
<trkpt lat="50.7585071" lon="13.9625458"><ele>0</ele></trkpt>
<trkpt lat="50.7584511" lon="13.9627341"><ele>0</ele></trkpt>
<trkpt lat="50.758391" lon="13.9629221"><ele>0</ele></trkpt>
<trkpt lat="50.7583173" lon="13.9631836"><ele>0</ele></trkpt>
<trkpt lat="50.7582026" lon="13.9634714"><ele>0</ele></trkpt>
<trkpt lat="50.7581922" lon="13.9637448"><ele>0</ele></trkpt>
<trkpt lat="50.7581835" lon="13.9638888"><ele>0</ele></trkpt>
<trkpt lat="50.758179" lon="13.9640378"><ele>0</ele></trkpt>
<trkpt lat="50.7581974" lon="13.9642232"><ele>0</ele></trkpt>
<trkpt lat="50.7582155" lon="13.9643784"><ele>0</ele></trkpt>
<trkpt lat="50.7582577" lon="13.964618"><ele>0</ele></trkpt>
<trkpt lat="50.7583217" lon="13.9649212"><ele>0</ele></trkpt>
<trkpt lat="50.7584" lon="13.965231"><ele>0</ele></trkpt>
<trkpt lat="50.7585026" lon="13.9655715"><ele>0</ele></trkpt>
<trkpt lat="50.758539" lon="13.9659076"><ele>0</ele></trkpt>
<trkpt lat="50.7587663" lon="13.966243"><ele>0</ele></trkpt>
<trkpt lat="50.7589532" lon="13.9667133"><ele>0</ele></trkpt>
<trkpt lat="50.7590618" lon="13.9675897"><ele>0</ele></trkpt>
<trkpt lat="50.7589381" lon="13.9683431"><ele>0</ele></trkpt>
<trkpt lat="50.7588342" lon="13.9689791"><ele>0</ele></trkpt>
<trkpt lat="50.7588459" lon="13.9695548"><ele>0</ele></trkpt>
<trkpt lat="50.7588478" lon="13.9700886"><ele>0</ele></trkpt>
<trkpt lat="50.75892" lon="13.9706545"><ele>0</ele></trkpt>
<trkpt lat="50.7590522" lon="13.9712103"><ele>0</ele></trkpt>
<trkpt lat="50.7590526" lon="13.9717728"><ele>0</ele></trkpt>
<trkpt lat="50.7590562" lon="13.9721861"><ele>0</ele></trkpt>
<trkpt lat="50.759075" lon="13.9724896"><ele>0</ele></trkpt>
<trkpt lat="50.7591027" lon="13.9728722"><ele>0</ele></trkpt>
<trkpt lat="50.7591474" lon="13.9732798"><ele>0</ele></trkpt>
<trkpt lat="50.7591719" lon="13.9737214"><ele>0</ele></trkpt>
<trkpt lat="50.7591948" lon="13.9740896"><ele>0</ele></trkpt>
<trkpt lat="50.7592257" lon="13.9744171"><ele>0</ele></trkpt>
<trkpt lat="50.7592716" lon="13.9747743"><ele>0</ele></trkpt>
<trkpt lat="50.7592807" lon="13.9750691"><ele>0</ele></trkpt>
<trkpt lat="50.7593287" lon="13.9751971"><ele>0</ele></trkpt>
<trkpt lat="50.7593809" lon="13.9753651"><ele>0</ele></trkpt>
<trkpt lat="50.7594532" lon="13.9755491"><ele>0</ele></trkpt>
<trkpt lat="50.7595877" lon="13.9757584"><ele>0</ele></trkpt>
<trkpt lat="50.7597218" lon="13.975938"><ele>0</ele></trkpt>
<trkpt lat="50.7598483" lon="13.9760879"><ele>0</ele></trkpt>
<trkpt lat="50.7599672" lon="13.9762505"><ele>0</ele></trkpt>
<trkpt lat="50.7600551" lon="13.9763484"><ele>0</ele></trkpt>
<trkpt lat="50.7600749" lon="13.9765717"><ele>0</ele></trkpt>
<trkpt lat="50.760108" lon="13.9768297"><ele>0</ele></trkpt>
<trkpt lat="50.7600863" lon="13.9770877"><ele>0</ele></trkpt>
<trkpt lat="50.7600136" lon="13.9772377"><ele>0</ele></trkpt>
<trkpt lat="50.759949" lon="13.9775042"><ele>0</ele></trkpt>
<trkpt lat="50.7598857" lon="13.977752"><ele>0</ele></trkpt>
<trkpt lat="50.7598879" lon="13.9781191"><ele>0</ele></trkpt>
<trkpt lat="50.7599809" lon="13.978556"><ele>0</ele></trkpt>
<trkpt lat="50.7601767" lon="13.9789155"><ele>0</ele></trkpt>
<trkpt lat="50.7601006" lon="13.9793441"><ele>0</ele></trkpt>
<trkpt lat="50.7598983" lon="13.9796319"><ele>0</ele></trkpt>
<trkpt lat="50.7598873" lon="13.9800757"><ele>0</ele></trkpt>
<trkpt lat="50.7598756" lon="13.9806352"><ele>0</ele></trkpt>
<trkpt lat="50.7597936" lon="13.9811344"><ele>0</ele></trkpt>
<trkpt lat="50.7599448" lon="13.9816188"><ele>0</ele></trkpt>
<trkpt lat="50.7600828" lon="13.982108"><ele>0</ele></trkpt>
<trkpt lat="50.7600182" lon="13.9826558"><ele>0</ele></trkpt>
<trkpt lat="50.7598525" lon="13.9831025"><ele>0</ele></trkpt>
<trkpt lat="50.7596871" lon="13.9834539"><ele>0</ele></trkpt>
<trkpt lat="50.7596442" lon="13.9836513"><ele>0</ele></trkpt>
<trkpt lat="50.7596184" lon="13.9838041"><ele>0</ele></trkpt>
<trkpt lat="50.7595571" lon="13.9840451"><ele>0</ele></trkpt>
<trkpt lat="50.759483" lon="13.9845231"><ele>0</ele></trkpt>
<trkpt lat="50.75949" lon="13.9850946"><ele>0</ele></trkpt>
<trkpt lat="50.7593961" lon="13.9856926"><ele>0</ele></trkpt>
<trkpt lat="50.7592604" lon="13.9862262"><ele>0</ele></trkpt>
<trkpt lat="50.7591425" lon="13.9866917"><ele>0</ele></trkpt>
<trkpt lat="50.7590339" lon="13.9870639"><ele>0</ele></trkpt>
<trkpt lat="50.7589248" lon="13.9873965"><ele>0</ele></trkpt>
<trkpt lat="50.7587891" lon="13.9877036"><ele>0</ele></trkpt>
<trkpt lat="50.7585894" lon="13.9879236"><ele>0</ele></trkpt>
<trkpt lat="50.7584078" lon="13.9882257"><ele>0</ele></trkpt>
<trkpt lat="50.7581911" lon="13.9884738"><ele>0</ele></trkpt>
<trkpt lat="50.7580024" lon="13.9888475"><ele>0</ele></trkpt>
<trkpt lat="50.7578562" lon="13.9891945"><ele>0</ele></trkpt>
<trkpt lat="50.7577357" lon="13.9894425"><ele>0</ele></trkpt>
<trkpt lat="50.7576385" lon="13.9896566"><ele>0</ele></trkpt>
<trkpt lat="50.7575826" lon="13.9899176"><ele>0</ele></trkpt>
<trkpt lat="50.7575693" lon="13.9901793"><ele>0</ele></trkpt>
<trkpt lat="50.7575442" lon="13.990384"><ele>0</ele></trkpt>
<trkpt lat="50.7575483" lon="13.9906274"><ele>0</ele></trkpt>
<trkpt lat="50.7575456" lon="13.9908375"><ele>0</ele></trkpt>
<trkpt lat="50.7575176" lon="13.991125"><ele>0</ele></trkpt>
<trkpt lat="50.7574835" lon="13.9914554"><ele>0</ele></trkpt>
<trkpt lat="50.7575369" lon="13.9916867"><ele>0</ele></trkpt>
<trkpt lat="50.7576133" lon="13.9919314"><ele>0</ele></trkpt>
<trkpt lat="50.7575995" lon="13.9923576"><ele>0</ele></trkpt>
<trkpt lat="50.7575834" lon="13.992789"><ele>0</ele></trkpt>
<trkpt lat="50.7577077" lon="13.9932347"><ele>0</ele></trkpt>
<trkpt lat="50.75797" lon="13.9937132"><ele>0</ele></trkpt>
<trkpt lat="50.7581238" lon="13.9942108"><ele>0</ele></trkpt>
<trkpt lat="50.7582642" lon="13.9946879"><ele>0</ele></trkpt>
<trkpt lat="50.7584427" lon="13.9950684"><ele>0</ele></trkpt>
<trkpt lat="50.7585868" lon="13.9952743"><ele>0</ele></trkpt>
<trkpt lat="50.7587259" lon="13.9954537"><ele>0</ele></trkpt>
<trkpt lat="50.7587774" lon="13.995613"><ele>0</ele></trkpt>
<trkpt lat="50.7588934" lon="13.9958257"><ele>0</ele></trkpt>
<trkpt lat="50.7590004" lon="13.9960525"><ele>0</ele></trkpt>
<trkpt lat="50.7590861" lon="13.996231"><ele>0</ele></trkpt>
<trkpt lat="50.7591585" lon="13.9963361"><ele>0</ele></trkpt>
<trkpt lat="50.7592443" lon="13.9963888"><ele>0</ele></trkpt>
<trkpt lat="50.7594166" lon="13.9963841"><ele>0</ele></trkpt>
<trkpt lat="50.7595833" lon="13.9964162"><ele>0</ele></trkpt>
<trkpt lat="50.7596957" lon="13.9964537"><ele>0</ele></trkpt>
<trkpt lat="50.759821" lon="13.9965158"><ele>0</ele></trkpt>
<trkpt lat="50.7599344" lon="13.9965717"><ele>0</ele></trkpt>
<trkpt lat="50.7600292" lon="13.9966733"><ele>0</ele></trkpt>
<trkpt lat="50.7601335" lon="13.9967745"><ele>0</ele></trkpt>
<trkpt lat="50.7602266" lon="13.9969234"><ele>0</ele></trkpt>
<trkpt lat="50.7603098" lon="13.9970261"><ele>0</ele></trkpt>
<trkpt lat="50.7604014" lon="13.9971796"><ele>0</ele></trkpt>
<trkpt lat="50.7604758" lon="13.9973065"><ele>0</ele></trkpt>
<trkpt lat="50.7605655" lon="13.9974931"><ele>0</ele></trkpt>
<trkpt lat="50.7606299" lon="13.9976573"><ele>0</ele></trkpt>
<trkpt lat="50.760689" lon="13.9978819"><ele>0</ele></trkpt>
<trkpt lat="50.7607409" lon="13.9981306"><ele>0</ele></trkpt>
<trkpt lat="50.7607866" lon="13.9984128"><ele>0</ele></trkpt>
<trkpt lat="50.7607914" lon="13.9986626"><ele>0</ele></trkpt>
<trkpt lat="50.760795" lon="13.9990012"><ele>0</ele></trkpt>
<trkpt lat="50.7608054" lon="13.9992366"><ele>0</ele></trkpt>
<trkpt lat="50.7608203" lon="13.9993784"><ele>0</ele></trkpt>
<trkpt lat="50.7608452" lon="13.999672"><ele>0</ele></trkpt>
<trkpt lat="50.7608376" lon="14.0000514"><ele>0</ele></trkpt>
<trkpt lat="50.7609072" lon="14.0002851"><ele>0</ele></trkpt>
<trkpt lat="50.7610054" lon="14.0002263"><ele>0</ele></trkpt>
<trkpt lat="50.7610964" lon="14.0001667"><ele>0</ele></trkpt>
<trkpt lat="50.7611842" lon="14.0000657"><ele>0</ele></trkpt>
<trkpt lat="50.7612533" lon="13.9999124"><ele>0</ele></trkpt>
<trkpt lat="50.7613646" lon="13.9997808"><ele>0</ele></trkpt>
<trkpt lat="50.7614841" lon="13.9996292"><ele>0</ele></trkpt>
<trkpt lat="50.7615977" lon="13.9994871"><ele>0</ele></trkpt>
<trkpt lat="50.7617078" lon="13.9994069"><ele>0</ele></trkpt>
<trkpt lat="50.7618296" lon="13.9993811"><ele>0</ele></trkpt>
<trkpt lat="50.7619769" lon="13.9994423"><ele>0</ele></trkpt>
<trkpt lat="50.7621381" lon="13.999531"><ele>0</ele></trkpt>
<trkpt lat="50.7622639" lon="13.9996794"><ele>0</ele></trkpt>
<trkpt lat="50.7623452" lon="13.9998255"><ele>0</ele></trkpt>
<trkpt lat="50.7624578" lon="13.999961"><ele>0</ele></trkpt>
<trkpt lat="50.7625621" lon="13.9999582"><ele>0</ele></trkpt>
<trkpt lat="50.7626333" lon="13.9998283"><ele>0</ele></trkpt>
<trkpt lat="50.7627576" lon="13.999684"><ele>0</ele></trkpt>
<trkpt lat="50.7628971" lon="13.9995774"><ele>0</ele></trkpt>
<trkpt lat="50.763063" lon="13.9994613"><ele>0</ele></trkpt>
<trkpt lat="50.763194" lon="13.9993625"><ele>0</ele></trkpt>
<trkpt lat="50.7633904" lon="13.9993688"><ele>0</ele></trkpt>
<trkpt lat="50.763537" lon="13.9994153"><ele>0</ele></trkpt>
<trkpt lat="50.7637155" lon="13.9994634"><ele>0</ele></trkpt>
<trkpt lat="50.7638589" lon="13.9994756"><ele>0</ele></trkpt>
<trkpt lat="50.7639497" lon="13.9995009"><ele>0</ele></trkpt>
<trkpt lat="50.7640428" lon="13.9995224"><ele>0</ele></trkpt>
<trkpt lat="50.7642057" lon="13.9995453"><ele>0</ele></trkpt>
<trkpt lat="50.7644116" lon="13.9994788"><ele>0</ele></trkpt>
<trkpt lat="50.7645387" lon="13.9993525"><ele>0</ele></trkpt>
<trkpt lat="50.7646377" lon="13.9993179"><ele>0</ele></trkpt>
<trkpt lat="50.7647461" lon="13.9992619"><ele>0</ele></trkpt>
<trkpt lat="50.7648669" lon="13.9991787"><ele>0</ele></trkpt>
<trkpt lat="50.7649559" lon="13.9991423"><ele>0</ele></trkpt>
<trkpt lat="50.7650578" lon="13.9991037"><ele>0</ele></trkpt>
<trkpt lat="50.7651452" lon="13.99904"><ele>0</ele></trkpt>
<trkpt lat="50.7652643" lon="13.9989555"><ele>0</ele></trkpt>
<trkpt lat="50.7654155" lon="13.9988872"><ele>0</ele></trkpt>
<trkpt lat="50.7655478" lon="13.9988395"><ele>0</ele></trkpt>
<trkpt lat="50.7657098" lon="13.99874"><ele>0</ele></trkpt>
<trkpt lat="50.7658416" lon="13.9986178"><ele>0</ele></trkpt>
<trkpt lat="50.7661069" lon="13.9987234"><ele>0</ele></trkpt>
<trkpt lat="50.7663277" lon="13.9990704"><ele>0</ele></trkpt>
<trkpt lat="50.7665699" lon="13.9994419"><ele>0</ele></trkpt>
<trkpt lat="50.7667991" lon="13.9997908"><ele>0</ele></trkpt>
<trkpt lat="50.7670132" lon="14.0001298"><ele>0</ele></trkpt>
<trkpt lat="50.7671691" lon="14.0004271"><ele>0</ele></trkpt>
<trkpt lat="50.7673008" lon="14.0006433"><ele>0</ele></trkpt>
<trkpt lat="50.7673687" lon="14.0007728"><ele>0</ele></trkpt>
<trkpt lat="50.7674621" lon="14.0008614"><ele>0</ele></trkpt>
<trkpt lat="50.7675273" lon="14.0009859"><ele>0</ele></trkpt>
<trkpt lat="50.7676104" lon="14.0012011"><ele>0</ele></trkpt>
<trkpt lat="50.7678032" lon="14.0014703"><ele>0</ele></trkpt>
<trkpt lat="50.7680327" lon="14.0018088"><ele>0</ele></trkpt>
<trkpt lat="50.7682265" lon="14.0021297"><ele>0</ele></trkpt>
<trkpt lat="50.7684213" lon="14.0024905"><ele>0</ele></trkpt>
<trkpt lat="50.7685879" lon="14.0027946"><ele>0</ele></trkpt>
<trkpt lat="50.7687185" lon="14.00304"><ele>0</ele></trkpt>
<trkpt lat="50.7688551" lon="14.0032476"><ele>0</ele></trkpt>
<trkpt lat="50.7689697" lon="14.0034819"><ele>0</ele></trkpt>
<trkpt lat="50.769079" lon="14.0036631"><ele>0</ele></trkpt>
<trkpt lat="50.7692426" lon="14.0039315"><ele>0</ele></trkpt>
<trkpt lat="50.769468" lon="14.0042761"><ele>0</ele></trkpt>
<trkpt lat="50.7696114" lon="14.0045305"><ele>0</ele></trkpt>
<trkpt lat="50.769772" lon="14.00481"><ele>0</ele></trkpt>
<trkpt lat="50.769952" lon="14.0051367"><ele>0</ele></trkpt>
<trkpt lat="50.7701906" lon="14.0054412"><ele>0</ele></trkpt>
<trkpt lat="50.770471" lon="14.0054829"><ele>0</ele></trkpt>
<trkpt lat="50.7707748" lon="14.0054638"><ele>0</ele></trkpt>
<trkpt lat="50.7711272" lon="14.0054103"><ele>0</ele></trkpt>
<trkpt lat="50.7715063" lon="14.0053673"><ele>0</ele></trkpt>
<trkpt lat="50.7718754" lon="14.0053623"><ele>0</ele></trkpt>
<trkpt lat="50.7721049" lon="14.0054937"><ele>0</ele></trkpt>
<trkpt lat="50.772188" lon="14.0057188"><ele>0</ele></trkpt>
<trkpt lat="50.7722358" lon="14.0059045"><ele>0</ele></trkpt>
<trkpt lat="50.7722874" lon="14.0060502"><ele>0</ele></trkpt>
<trkpt lat="50.7723579" lon="14.006357"><ele>0</ele></trkpt>
<trkpt lat="50.7724138" lon="14.0066698"><ele>0</ele></trkpt>
<trkpt lat="50.7724723" lon="14.0068972"><ele>0</ele></trkpt>
<trkpt lat="50.7725495" lon="14.0072072"><ele>0</ele></trkpt>
<trkpt lat="50.7726385" lon="14.0074335"><ele>0</ele></trkpt>
<trkpt lat="50.7727289" lon="14.0075609"><ele>0</ele></trkpt>
<trkpt lat="50.7728397" lon="14.0076737"><ele>0</ele></trkpt>
<trkpt lat="50.7729569" lon="14.0077368"><ele>0</ele></trkpt>
<trkpt lat="50.7731151" lon="14.007755"><ele>0</ele></trkpt>
<trkpt lat="50.7734257" lon="14.008171"><ele>0</ele></trkpt>
<trkpt lat="50.7736108" lon="14.0083746"><ele>0</ele></trkpt>
<trkpt lat="50.7737307" lon="14.0085641"><ele>0</ele></trkpt>
<trkpt lat="50.7738129" lon="14.0087868"><ele>0</ele></trkpt>
<trkpt lat="50.7738902" lon="14.0090144"><ele>0</ele></trkpt>
<trkpt lat="50.7739314" lon="14.0091585"><ele>0</ele></trkpt>
<trkpt lat="50.773984" lon="14.0093646"><ele>0</ele></trkpt>
<trkpt lat="50.7739572" lon="14.0096176"><ele>0</ele></trkpt>
<trkpt lat="50.7738698" lon="14.0099357"><ele>0</ele></trkpt>
<trkpt lat="50.7738" lon="14.01019"><ele>0</ele></trkpt>
<trkpt lat="50.7737473" lon="14.0104365"><ele>0</ele></trkpt>
<trkpt lat="50.7736744" lon="14.0107393"><ele>0</ele></trkpt>
<trkpt lat="50.7735825" lon="14.0110143"><ele>0</ele></trkpt>
<trkpt lat="50.7735041" lon="14.0112133"><ele>0</ele></trkpt>
<trkpt lat="50.7734252" lon="14.0113928"><ele>0</ele></trkpt>
<trkpt lat="50.7734568" lon="14.0115536"><ele>0</ele></trkpt>
<trkpt lat="50.7735615" lon="14.011695"><ele>0</ele></trkpt>
<trkpt lat="50.7737001" lon="14.0117931"><ele>0</ele></trkpt>
<trkpt lat="50.7738204" lon="14.0118823"><ele>0</ele></trkpt>
<trkpt lat="50.773939" lon="14.0119857"><ele>0</ele></trkpt>
<trkpt lat="50.7740765" lon="14.0120961"><ele>0</ele></trkpt>
<trkpt lat="50.7741836" lon="14.0121902"><ele>0</ele></trkpt>
<trkpt lat="50.774248" lon="14.0123151"><ele>0</ele></trkpt>
<trkpt lat="50.7743018" lon="14.0125026"><ele>0</ele></trkpt>
<trkpt lat="50.77437" lon="14.0126423"><ele>0</ele></trkpt>
<trkpt lat="50.7744623" lon="14.0127872"><ele>0</ele></trkpt>
<trkpt lat="50.7745252" lon="14.0129868"><ele>0</ele></trkpt>
<trkpt lat="50.7745953" lon="14.0132312"><ele>0</ele></trkpt>
<trkpt lat="50.7746513" lon="14.0134942"><ele>0</ele></trkpt>
<trkpt lat="50.7746671" lon="14.0137736"><ele>0</ele></trkpt>
<trkpt lat="50.7746637" lon="14.0139804"><ele>0</ele></trkpt>
<trkpt lat="50.7745894" lon="14.014152"><ele>0</ele></trkpt>
<trkpt lat="50.7744661" lon="14.0142699"><ele>0</ele></trkpt>
<trkpt lat="50.7744502" lon="14.0144364"><ele>0</ele></trkpt>
<trkpt lat="50.7743752" lon="14.0146263"><ele>0</ele></trkpt>
<trkpt lat="50.7743231" lon="14.0148145"><ele>0</ele></trkpt>
<trkpt lat="50.7743162" lon="14.0150395"><ele>0</ele></trkpt>
<trkpt lat="50.7743328" lon="14.0152427"><ele>0</ele></trkpt>
<trkpt lat="50.7743845" lon="14.0154458"><ele>0</ele></trkpt>
<trkpt lat="50.7744378" lon="14.0156412"><ele>0</ele></trkpt>
<trkpt lat="50.7745281" lon="14.0158801"><ele>0</ele></trkpt>
<trkpt lat="50.7745785" lon="14.0161047"><ele>0</ele></trkpt>
<trkpt lat="50.7746179" lon="14.016343"><ele>0</ele></trkpt>
<trkpt lat="50.7746716" lon="14.0165486"><ele>0</ele></trkpt>
<trkpt lat="50.7747786" lon="14.0167947"><ele>0</ele></trkpt>
<trkpt lat="50.7748793" lon="14.0169962"><ele>0</ele></trkpt>
<trkpt lat="50.7749847" lon="14.0171426"><ele>0</ele></trkpt>
<trkpt lat="50.7750673" lon="14.01725"><ele>0</ele></trkpt>
<trkpt lat="50.7751329" lon="14.0173545"><ele>0</ele></trkpt>
<trkpt lat="50.7752062" lon="14.0174454"><ele>0</ele></trkpt>
<trkpt lat="50.7752832" lon="14.0175667"><ele>0</ele></trkpt>
<trkpt lat="50.7753495" lon="14.0176893"><ele>0</ele></trkpt>
<trkpt lat="50.7754336" lon="14.0178157"><ele>0</ele></trkpt>
<trkpt lat="50.7755038" lon="14.017905"><ele>0</ele></trkpt>
<trkpt lat="50.7755923" lon="14.0180443"><ele>0</ele></trkpt>
<trkpt lat="50.7756875" lon="14.0181604"><ele>0</ele></trkpt>
<trkpt lat="50.7757787" lon="14.0182764"><ele>0</ele></trkpt>
<trkpt lat="50.775866" lon="14.0184326"><ele>0</ele></trkpt>
<trkpt lat="50.7759368" lon="14.0185697"><ele>0</ele></trkpt>
<trkpt lat="50.776025" lon="14.0186225"><ele>0</ele></trkpt>
<trkpt lat="50.7761051" lon="14.0185578"><ele>0</ele></trkpt>
<trkpt lat="50.7762345" lon="14.0186135"><ele>0</ele></trkpt>
<trkpt lat="50.7764046" lon="14.0187409"><ele>0</ele></trkpt>
<trkpt lat="50.7765709" lon="14.0189168"><ele>0</ele></trkpt>
<trkpt lat="50.7768433" lon="14.0191042"><ele>0</ele></trkpt>
<trkpt lat="50.7771776" lon="14.0193471"><ele>0</ele></trkpt>
<trkpt lat="50.7775129" lon="14.0196636"><ele>0</ele></trkpt>
<trkpt lat="50.777808" lon="14.0200367"><ele>0</ele></trkpt>
<trkpt lat="50.7780713" lon="14.0204695"><ele>0</ele></trkpt>
<trkpt lat="50.778329" lon="14.0208528"><ele>0</ele></trkpt>
<trkpt lat="50.7787754" lon="14.0210603"><ele>0</ele></trkpt>
<trkpt lat="50.7791342" lon="14.0215999"><ele>0</ele></trkpt>
<trkpt lat="50.7794931" lon="14.0221711"><ele>0</ele></trkpt>
<trkpt lat="50.7799066" lon="14.0227356"><ele>0</ele></trkpt>
<trkpt lat="50.7802692" lon="14.0232443"><ele>0</ele></trkpt>
<trkpt lat="50.780653" lon="14.0237588"><ele>0</ele></trkpt>
<trkpt lat="50.7810644" lon="14.0242773"><ele>0</ele></trkpt>
<trkpt lat="50.7814578" lon="14.0248522"><ele>0</ele></trkpt>
<trkpt lat="50.7818347" lon="14.0253297"><ele>0</ele></trkpt>
<trkpt lat="50.782209" lon="14.0257848"><ele>0</ele></trkpt>
<trkpt lat="50.7825834" lon="14.0258305"><ele>0</ele></trkpt>
<trkpt lat="50.7828517" lon="14.0258498"><ele>0</ele></trkpt>
<trkpt lat="50.7830846" lon="14.0259676"><ele>0</ele></trkpt>
<trkpt lat="50.7833507" lon="14.026073"><ele>0</ele></trkpt>
<trkpt lat="50.7836359" lon="14.0261687"><ele>0</ele></trkpt>
<trkpt lat="50.783871" lon="14.0263409"><ele>0</ele></trkpt>
<trkpt lat="50.784009" lon="14.0265566"><ele>0</ele></trkpt>
<trkpt lat="50.784148" lon="14.02681"><ele>0</ele></trkpt>
<trkpt lat="50.7842692" lon="14.0270644"><ele>0</ele></trkpt>
<trkpt lat="50.7843397" lon="14.0273575"><ele>0</ele></trkpt>
<trkpt lat="50.7843853" lon="14.0275915"><ele>0</ele></trkpt>
<trkpt lat="50.7844316" lon="14.0278574"><ele>0</ele></trkpt>
<trkpt lat="50.7844772" lon="14.0281092"><ele>0</ele></trkpt>
<trkpt lat="50.7845067" lon="14.0283304"><ele>0</ele></trkpt>
<trkpt lat="50.7845531" lon="14.0285543"><ele>0</ele></trkpt>
<trkpt lat="50.7845771" lon="14.0287593"><ele>0</ele></trkpt>
<trkpt lat="50.7846024" lon="14.0290281"><ele>0</ele></trkpt>
<trkpt lat="50.7846154" lon="14.0292788"><ele>0</ele></trkpt>
<trkpt lat="50.7845822" lon="14.0295002"><ele>0</ele></trkpt>
<trkpt lat="50.7845308" lon="14.0297213"><ele>0</ele></trkpt>
<trkpt lat="50.7844699" lon="14.0300006"><ele>0</ele></trkpt>
<trkpt lat="50.784435" lon="14.0302056"><ele>0</ele></trkpt>
<trkpt lat="50.784384" lon="14.0304486"><ele>0</ele></trkpt>
<trkpt lat="50.7843591" lon="14.0306584"><ele>0</ele></trkpt>
<trkpt lat="50.7843219" lon="14.0309337"><ele>0</ele></trkpt>
<trkpt lat="50.7842678" lon="14.0311762"><ele>0</ele></trkpt>
<trkpt lat="50.7842413" lon="14.0314259"><ele>0</ele></trkpt>
<trkpt lat="50.7843041" lon="14.0316369"><ele>0</ele></trkpt>
<trkpt lat="50.7844076" lon="14.0316991"><ele>0</ele></trkpt>
<trkpt lat="50.7844729" lon="14.0318082"><ele>0</ele></trkpt>
<trkpt lat="50.7844908" lon="14.0319482"><ele>0</ele></trkpt>
<trkpt lat="50.7845176" lon="14.0321387"><ele>0</ele></trkpt>
<trkpt lat="50.7845141" lon="14.0323016"><ele>0</ele></trkpt>
<trkpt lat="50.7844955" lon="14.0325003"><ele>0</ele></trkpt>
<trkpt lat="50.7844817" lon="14.0326848"><ele>0</ele></trkpt>
<trkpt lat="50.7844491" lon="14.0329042"><ele>0</ele></trkpt>
<trkpt lat="50.784397" lon="14.0331676"><ele>0</ele></trkpt>
<trkpt lat="50.7843351" lon="14.0334646"><ele>0</ele></trkpt>
<trkpt lat="50.7842875" lon="14.0337255"><ele>0</ele></trkpt>
<trkpt lat="50.7842271" lon="14.033996"><ele>0</ele></trkpt>
<trkpt lat="50.784143" lon="14.0343191"><ele>0</ele></trkpt>
<trkpt lat="50.7840625" lon="14.0346496"><ele>0</ele></trkpt>
<trkpt lat="50.7839901" lon="14.0349914"><ele>0</ele></trkpt>
<trkpt lat="50.7839086" lon="14.0353153"><ele>0</ele></trkpt>
<trkpt lat="50.7838447" lon="14.0355899"><ele>0</ele></trkpt>
<trkpt lat="50.7837728" lon="14.0359207"><ele>0</ele></trkpt>
<trkpt lat="50.7837251" lon="14.0361896"><ele>0</ele></trkpt>
<trkpt lat="50.7836674" lon="14.0364506"><ele>0</ele></trkpt>
<trkpt lat="50.78362" lon="14.0367791"><ele>0</ele></trkpt>
<trkpt lat="50.7835583" lon="14.0371007"><ele>0</ele></trkpt>
<trkpt lat="50.7835146" lon="14.0374139"><ele>0</ele></trkpt>
<trkpt lat="50.7835342" lon="14.0376669"><ele>0</ele></trkpt>
<trkpt lat="50.7835609" lon="14.0379742"><ele>0</ele></trkpt>
<trkpt lat="50.7835659" lon="14.0382148"><ele>0</ele></trkpt>
<trkpt lat="50.7835527" lon="14.0384087"><ele>0</ele></trkpt>
<trkpt lat="50.7835611" lon="14.0386412"><ele>0</ele></trkpt>
<trkpt lat="50.7835393" lon="14.0388436"><ele>0</ele></trkpt>
<trkpt lat="50.7835307" lon="14.0389951"><ele>0</ele></trkpt>
<trkpt lat="50.7835227" lon="14.0391804"><ele>0</ele></trkpt>
<trkpt lat="50.7835029" lon="14.0393411"><ele>0</ele></trkpt>
<trkpt lat="50.7834781" lon="14.03955"><ele>0</ele></trkpt>
<trkpt lat="50.7834433" lon="14.039741"><ele>0</ele></trkpt>
<trkpt lat="50.7834291" lon="14.039922"><ele>0</ele></trkpt>
<trkpt lat="50.7834095" lon="14.0401015"><ele>0</ele></trkpt>
<trkpt lat="50.7833902" lon="14.0403223"><ele>0</ele></trkpt>
<trkpt lat="50.7833696" lon="14.0405085"><ele>0</ele></trkpt>
<trkpt lat="50.7833649" lon="14.0406839"><ele>0</ele></trkpt>
<trkpt lat="50.7833618" lon="14.0408964"><ele>0</ele></trkpt>
<trkpt lat="50.7833585" lon="14.0410729"><ele>0</ele></trkpt>
<trkpt lat="50.7833801" lon="14.0412913"><ele>0</ele></trkpt>
<trkpt lat="50.7834125" lon="14.041516"><ele>0</ele></trkpt>
<trkpt lat="50.7834591" lon="14.0416398"><ele>0</ele></trkpt>
<trkpt lat="50.783527" lon="14.0417425"><ele>0</ele></trkpt>
<trkpt lat="50.783604" lon="14.0419501"><ele>0</ele></trkpt>
<trkpt lat="50.7836959" lon="14.0421152"><ele>0</ele></trkpt>
<trkpt lat="50.7837743" lon="14.0422014"><ele>0</ele></trkpt>
<trkpt lat="50.783868" lon="14.0423018"><ele>0</ele></trkpt>
<trkpt lat="50.7839603" lon="14.0423726"><ele>0</ele></trkpt>
<trkpt lat="50.784043" lon="14.0424332"><ele>0</ele></trkpt>
<trkpt lat="50.7841325" lon="14.0424714"><ele>0</ele></trkpt>
<trkpt lat="50.7842257" lon="14.0424845"><ele>0</ele></trkpt>
<trkpt lat="50.7843278" lon="14.0424757"><ele>0</ele></trkpt>
<trkpt lat="50.7844203" lon="14.0424676"><ele>0</ele></trkpt>
<trkpt lat="50.7845145" lon="14.0424653"><ele>0</ele></trkpt>
<trkpt lat="50.7846108" lon="14.0424509"><ele>0</ele></trkpt>
<trkpt lat="50.7847016" lon="14.0424278"><ele>0</ele></trkpt>
<trkpt lat="50.7847956" lon="14.0423796"><ele>0</ele></trkpt>
<trkpt lat="50.7848946" lon="14.0422948"><ele>0</ele></trkpt>
<trkpt lat="50.7849671" lon="14.0421981"><ele>0</ele></trkpt>
<trkpt lat="50.7850591" lon="14.0420944"><ele>0</ele></trkpt>
<trkpt lat="50.7851257" lon="14.0419946"><ele>0</ele></trkpt>
<trkpt lat="50.7851898" lon="14.0418856"><ele>0</ele></trkpt>
<trkpt lat="50.7852642" lon="14.0418036"><ele>0</ele></trkpt>
<trkpt lat="50.7853378" lon="14.0416963"><ele>0</ele></trkpt>
<trkpt lat="50.7854051" lon="14.0415823"><ele>0</ele></trkpt>
<trkpt lat="50.785461" lon="14.0414575"><ele>0</ele></trkpt>
<trkpt lat="50.785547" lon="14.041347"><ele>0</ele></trkpt>
<trkpt lat="50.7856325" lon="14.0412371"><ele>0</ele></trkpt>
<trkpt lat="50.7857219" lon="14.0411383"><ele>0</ele></trkpt>
<trkpt lat="50.7857915" lon="14.0410481"><ele>0</ele></trkpt>
<trkpt lat="50.7858801" lon="14.0409395"><ele>0</ele></trkpt>
<trkpt lat="50.7859706" lon="14.0408504"><ele>0</ele></trkpt>
<trkpt lat="50.7860496" lon="14.040738"><ele>0</ele></trkpt>
<trkpt lat="50.7861326" lon="14.040634"><ele>0</ele></trkpt>
<trkpt lat="50.78622" lon="14.0405412"><ele>0</ele></trkpt>
<trkpt lat="50.7863025" lon="14.0404534"><ele>0</ele></trkpt>
<trkpt lat="50.786383" lon="14.0403863"><ele>0</ele></trkpt>
<trkpt lat="50.7864684" lon="14.0403288"><ele>0</ele></trkpt>
<trkpt lat="50.7865571" lon="14.0402522"><ele>0</ele></trkpt>
<trkpt lat="50.7866379" lon="14.0401835"><ele>0</ele></trkpt>
<trkpt lat="50.786712" lon="14.0400868"><ele>0</ele></trkpt>
<trkpt lat="50.7867839" lon="14.0399971"><ele>0</ele></trkpt>
<trkpt lat="50.7868723" lon="14.0399375"><ele>0</ele></trkpt>
<trkpt lat="50.7869552" lon="14.0398759"><ele>0</ele></trkpt>
<trkpt lat="50.7870347" lon="14.0397991"><ele>0</ele></trkpt>
<trkpt lat="50.7871054" lon="14.0397086"><ele>0</ele></trkpt>
<trkpt lat="50.7871918" lon="14.0396589"><ele>0</ele></trkpt>
<trkpt lat="50.7872845" lon="14.0396997"><ele>0</ele></trkpt>
<trkpt lat="50.7873933" lon="14.0396777"><ele>0</ele></trkpt>
<trkpt lat="50.7874914" lon="14.0397394"><ele>0</ele></trkpt>
<trkpt lat="50.7875785" lon="14.0398298"><ele>0</ele></trkpt>
<trkpt lat="50.7876739" lon="14.0399354"><ele>0</ele></trkpt>
<trkpt lat="50.7877278" lon="14.0400514"><ele>0</ele></trkpt>
<trkpt lat="50.7878074" lon="14.0401185"><ele>0</ele></trkpt>
<trkpt lat="50.7878987" lon="14.0401802"><ele>0</ele></trkpt>
<trkpt lat="50.7879199" lon="14.040038"><ele>0</ele></trkpt>
<trkpt lat="50.7878579" lon="14.03991"><ele>0</ele></trkpt>
<trkpt lat="50.7877882" lon="14.03979"><ele>0</ele></trkpt>
<trkpt lat="50.7877179" lon="14.0396981"><ele>0</ele></trkpt>
<trkpt lat="50.7876891" lon="14.0395626"><ele>0</ele></trkpt>
<trkpt lat="50.7877587" lon="14.039462"><ele>0</ele></trkpt>
<trkpt lat="50.78771" lon="14.03956"><ele>0</ele></trkpt>
<trkpt lat="50.78766" lon="14.03967"><ele>0</ele></trkpt>
<trkpt lat="50.78785" lon="14.03996"><ele>0</ele></trkpt>
<trkpt lat="50.78786" lon="14.04016"><ele>0</ele></trkpt>
<trkpt lat="50.78816" lon="14.0407"><ele>0</ele></trkpt>
<trkpt lat="50.78821" lon="14.04075"><ele>0</ele></trkpt>
<trkpt lat="50.78837" lon="14.04087"><ele>0</ele></trkpt>
<trkpt lat="50.78868" lon="14.04123"><ele>0</ele></trkpt>
<trkpt lat="50.7889" lon="14.04127"><ele>0</ele></trkpt>
<trkpt lat="50.78919" lon="14.04126"><ele>0</ele></trkpt>
<trkpt lat="50.78948" lon="14.04146"><ele>0</ele></trkpt>
<trkpt lat="50.78992" lon="14.04165"><ele>0</ele></trkpt>
<trkpt lat="50.79" lon="14.04182"><ele>0</ele></trkpt>
<trkpt lat="50.7905" lon="14.04404"><ele>0</ele></trkpt>
<trkpt lat="50.79088" lon="14.04567"><ele>0</ele></trkpt>
<trkpt lat="50.79089" lon="14.04585"><ele>0</ele></trkpt>
<trkpt lat="50.79088" lon="14.04605"><ele>0</ele></trkpt>
<trkpt lat="50.79076" lon="14.04632"><ele>0</ele></trkpt>
<trkpt lat="50.79069" lon="14.04643"><ele>0</ele></trkpt>
<trkpt lat="50.79059" lon="14.04653"><ele>0</ele></trkpt>
<trkpt lat="50.79096" lon="14.04721"><ele>0</ele></trkpt>
<trkpt lat="50.79114" lon="14.04762"><ele>0</ele></trkpt>
<trkpt lat="50.79141" lon="14.04807"><ele>0</ele></trkpt>
<trkpt lat="50.79148" lon="14.04824"><ele>0</ele></trkpt>
<trkpt lat="50.7916" lon="14.04877"><ele>0</ele></trkpt>
<trkpt lat="50.79184" lon="14.04966"><ele>0</ele></trkpt>
<trkpt lat="50.79193" lon="14.05017"><ele>0</ele></trkpt>
<trkpt lat="50.79204" lon="14.05065"><ele>0</ele></trkpt>
<trkpt lat="50.79235" lon="14.05054"><ele>0</ele></trkpt>
<trkpt lat="50.79235" lon="14.05054"><ele>0</ele></trkpt>
<trkpt lat="50.79204" lon="14.05065"><ele>0</ele></trkpt>
<trkpt lat="50.79207" lon="14.05079"><ele>0</ele></trkpt>
<trkpt lat="50.79215" lon="14.05099"><ele>0</ele></trkpt>
<trkpt lat="50.79218" lon="14.0513"><ele>0</ele></trkpt>
<trkpt lat="50.79216" lon="14.05166"><ele>0</ele></trkpt>
<trkpt lat="50.79218" lon="14.05187"><ele>0</ele></trkpt>
<trkpt lat="50.79228" lon="14.05227"><ele>0</ele></trkpt>
<trkpt lat="50.79233" lon="14.05263"><ele>0</ele></trkpt>
<trkpt lat="50.7924" lon="14.05287"><ele>0</ele></trkpt>
<trkpt lat="50.79264" lon="14.0533"><ele>0</ele></trkpt>
<trkpt lat="50.79273" lon="14.05352"><ele>0</ele></trkpt>
<trkpt lat="50.79304" lon="14.0538"><ele>0</ele></trkpt>
<trkpt lat="50.79312" lon="14.05398"><ele>0</ele></trkpt>
<trkpt lat="50.79305" lon="14.0542"><ele>0</ele></trkpt>
<trkpt lat="50.79291" lon="14.05475"><ele>0</ele></trkpt>
<trkpt lat="50.79288" lon="14.05494"><ele>0</ele></trkpt>
<trkpt lat="50.79287" lon="14.05544"><ele>0</ele></trkpt>
<trkpt lat="50.79292" lon="14.05577"><ele>0</ele></trkpt>
<trkpt lat="50.79311" lon="14.05622"><ele>0</ele></trkpt>
<trkpt lat="50.79323" lon="14.05661"><ele>0</ele></trkpt>
<trkpt lat="50.79327" lon="14.05677"><ele>0</ele></trkpt>
<trkpt lat="50.79336" lon="14.05695"><ele>0</ele></trkpt>
<trkpt lat="50.79354" lon="14.05724"><ele>0</ele></trkpt>
<trkpt lat="50.79369" lon="14.05762"><ele>0</ele></trkpt>
<trkpt lat="50.79456" lon="14.06142"><ele>0</ele></trkpt>
<trkpt lat="50.79482" lon="14.0624"><ele>0</ele></trkpt>
<trkpt lat="50.79517" lon="14.06394"><ele>0</ele></trkpt>
<trkpt lat="50.79575" lon="14.06631"><ele>0</ele></trkpt>
<trkpt lat="50.79575" lon="14.0663"><ele>0</ele></trkpt>
<trkpt lat="50.79613" lon="14.06805"><ele>0</ele></trkpt>
<trkpt lat="50.79619" lon="14.06836"><ele>0</ele></trkpt>
<trkpt lat="50.79617" lon="14.06855"><ele>0</ele></trkpt>
<trkpt lat="50.79607" lon="14.069"><ele>0</ele></trkpt>
<trkpt lat="50.79597" lon="14.06945"><ele>0</ele></trkpt>
<trkpt lat="50.79588" lon="14.0697"><ele>0</ele></trkpt>
<trkpt lat="50.79575" lon="14.06996"><ele>0</ele></trkpt>
<trkpt lat="50.79566" lon="14.07021"><ele>0</ele></trkpt>
<trkpt lat="50.79561" lon="14.07042"><ele>0</ele></trkpt>
<trkpt lat="50.79558" lon="14.07064"><ele>0</ele></trkpt>
<trkpt lat="50.79549" lon="14.07086"><ele>0</ele></trkpt>
<trkpt lat="50.79503" lon="14.07154"><ele>0</ele></trkpt>
<trkpt lat="50.79495" lon="14.07178"><ele>0</ele></trkpt>
<trkpt lat="50.79483" lon="14.07219"><ele>0</ele></trkpt>
<trkpt lat="50.7946" lon="14.0728"><ele>0</ele></trkpt>
<trkpt lat="50.79431" lon="14.07368"><ele>0</ele></trkpt>
<trkpt lat="50.79418" lon="14.07392"><ele>0</ele></trkpt>
<trkpt lat="50.79401" lon="14.07414"><ele>0</ele></trkpt>
<trkpt lat="50.79374" lon="14.07495"><ele>0</ele></trkpt>
<trkpt lat="50.7935" lon="14.07632"><ele>0</ele></trkpt>
<trkpt lat="50.79341" lon="14.07664"><ele>0</ele></trkpt>
<trkpt lat="50.79335" lon="14.07709"><ele>0</ele></trkpt>
<trkpt lat="50.79317" lon="14.0778"><ele>0</ele></trkpt>
<trkpt lat="50.79315" lon="14.0782"><ele>0</ele></trkpt>
<trkpt lat="50.79318" lon="14.07853"><ele>0</ele></trkpt>
<trkpt lat="50.79307" lon="14.07898"><ele>0</ele></trkpt>
<trkpt lat="50.79286" lon="14.07971"><ele>0</ele></trkpt>
<trkpt lat="50.79276" lon="14.08018"><ele>0</ele></trkpt>
<trkpt lat="50.7927" lon="14.08036"><ele>0</ele></trkpt>
<trkpt lat="50.7923" lon="14.08116"><ele>0</ele></trkpt>
<trkpt lat="50.79208" lon="14.08156"><ele>0</ele></trkpt>
<trkpt lat="50.79198" lon="14.08166"><ele>0</ele></trkpt>
<trkpt lat="50.79178" lon="14.08181"><ele>0</ele></trkpt>
<trkpt lat="50.79174" lon="14.08181"><ele>0</ele></trkpt>
<trkpt lat="50.79158" lon="14.0845"><ele>0</ele></trkpt>
<trkpt lat="50.79125" lon="14.08711"><ele>0</ele></trkpt>
<trkpt lat="50.79126" lon="14.08722"><ele>0</ele></trkpt>
<trkpt lat="50.79105" lon="14.09021"><ele>0</ele></trkpt>
<trkpt lat="50.79109" lon="14.09051"><ele>0</ele></trkpt>
<trkpt lat="50.79115" lon="14.09083"><ele>0</ele></trkpt>
<trkpt lat="50.79152" lon="14.09166"><ele>0</ele></trkpt>
<trkpt lat="50.79187" lon="14.09304"><ele>0</ele></trkpt>
<trkpt lat="50.79202" lon="14.09342"><ele>0</ele></trkpt>
<trkpt lat="50.7921" lon="14.09357"><ele>0</ele></trkpt>
<trkpt lat="50.79245" lon="14.09408"><ele>0</ele></trkpt>
<trkpt lat="50.79251" lon="14.0942"><ele>0</ele></trkpt>
<trkpt lat="50.79258" lon="14.09444"><ele>0</ele></trkpt>
<trkpt lat="50.79261" lon="14.09507"><ele>0</ele></trkpt>
<trkpt lat="50.7926" lon="14.09522"><ele>0</ele></trkpt>
<trkpt lat="50.79257" lon="14.09537"><ele>0</ele></trkpt>
<trkpt lat="50.79247" lon="14.09565"><ele>0</ele></trkpt>
<trkpt lat="50.79188" lon="14.09702"><ele>0</ele></trkpt>
<trkpt lat="50.79185" lon="14.09718"><ele>0</ele></trkpt>
<trkpt lat="50.79183" lon="14.09732"><ele>0</ele></trkpt>
<trkpt lat="50.79184" lon="14.09743"><ele>0</ele></trkpt>
<trkpt lat="50.7919" lon="14.09764"><ele>0</ele></trkpt>
<trkpt lat="50.79199" lon="14.09777"><ele>0</ele></trkpt>
<trkpt lat="50.79211" lon="14.09787"><ele>0</ele></trkpt>
<trkpt lat="50.79222" lon="14.09791"><ele>0</ele></trkpt>
<trkpt lat="50.79282" lon="14.09791"><ele>0</ele></trkpt>
<trkpt lat="50.7932" lon="14.09786"><ele>0</ele></trkpt>
<trkpt lat="50.7935" lon="14.09777"><ele>0</ele></trkpt>
<trkpt lat="50.79377" lon="14.09763"><ele>0</ele></trkpt>
<trkpt lat="50.79387" lon="14.09764"><ele>0</ele></trkpt>
<trkpt lat="50.79406" lon="14.09776"><ele>0</ele></trkpt>
<trkpt lat="50.79414" lon="14.09787"><ele>0</ele></trkpt>
<trkpt lat="50.79428" lon="14.09813"><ele>0</ele></trkpt>
<trkpt lat="50.79444" lon="14.0985"><ele>0</ele></trkpt>
<trkpt lat="50.79461" lon="14.09893"><ele>0</ele></trkpt>
<trkpt lat="50.79472" lon="14.09927"><ele>0</ele></trkpt>
<trkpt lat="50.79476" lon="14.09955"><ele>0</ele></trkpt>
<trkpt lat="50.79483" lon="14.10038"><ele>0</ele></trkpt>
<trkpt lat="50.79507" lon="14.10146"><ele>0</ele></trkpt>
<trkpt lat="50.79542" lon="14.10265"><ele>0</ele></trkpt>
<trkpt lat="50.79564" lon="14.10325"><ele>0</ele></trkpt>
<trkpt lat="50.79588" lon="14.10381"><ele>0</ele></trkpt>
<trkpt lat="50.79609" lon="14.10423"><ele>0</ele></trkpt>
<trkpt lat="50.79618" lon="14.10444"><ele>0</ele></trkpt>
<trkpt lat="50.79643" lon="14.10555"><ele>0</ele></trkpt>
<trkpt lat="50.79646" lon="14.10572"><ele>0</ele></trkpt>
<trkpt lat="50.79645" lon="14.10579"><ele>0</ele></trkpt>
<trkpt lat="50.79649" lon="14.10588"><ele>0</ele></trkpt>
<trkpt lat="50.79672" lon="14.10695"><ele>0</ele></trkpt>
<trkpt lat="50.79699" lon="14.10767"><ele>0</ele></trkpt>
<trkpt lat="50.79739" lon="14.10832"><ele>0</ele></trkpt>
<trkpt lat="50.79759" lon="14.10873"><ele>0</ele></trkpt>
<trkpt lat="50.79782" lon="14.10954"><ele>0</ele></trkpt>
<trkpt lat="50.79842" lon="14.11031"><ele>0</ele></trkpt>
<trkpt lat="50.7986" lon="14.11068"><ele>0</ele></trkpt>
<trkpt lat="50.79876" lon="14.11122"><ele>0</ele></trkpt>
<trkpt lat="50.79915" lon="14.11194"><ele>0</ele></trkpt>
<trkpt lat="50.79927" lon="14.11247"><ele>0</ele></trkpt>
<trkpt lat="50.79927" lon="14.11246"><ele>0</ele></trkpt>
<trkpt lat="50.79964" lon="14.11514"><ele>0</ele></trkpt>
<trkpt lat="50.79971" lon="14.11556"><ele>0</ele></trkpt>
<trkpt lat="50.79981" lon="14.1158"><ele>0</ele></trkpt>
<trkpt lat="50.79988" lon="14.1159"><ele>0</ele></trkpt>
<trkpt lat="50.79995" lon="14.11615"><ele>0</ele></trkpt>
<trkpt lat="50.80001" lon="14.11634"><ele>0</ele></trkpt>
<trkpt lat="50.80019" lon="14.11654"><ele>0</ele></trkpt>
<trkpt lat="50.80026" lon="14.11667"><ele>0</ele></trkpt>
<trkpt lat="50.80028" lon="14.11689"><ele>0</ele></trkpt>
<trkpt lat="50.80028" lon="14.11712"><ele>0</ele></trkpt>
<trkpt lat="50.80022" lon="14.11787"><ele>0</ele></trkpt>
<trkpt lat="50.80025" lon="14.11812"><ele>0</ele></trkpt>
<trkpt lat="50.80036" lon="14.11855"><ele>0</ele></trkpt>
<trkpt lat="50.80049" lon="14.1188"><ele>0</ele></trkpt>
<trkpt lat="50.80055" lon="14.119"><ele>0</ele></trkpt>
<trkpt lat="50.80055" lon="14.11935"><ele>0</ele></trkpt>
<trkpt lat="50.80041" lon="14.12052"><ele>0</ele></trkpt>
<trkpt lat="50.8004" lon="14.12084"><ele>0</ele></trkpt>
<trkpt lat="50.8003" lon="14.12125"><ele>0</ele></trkpt>
<trkpt lat="50.80028" lon="14.12161"><ele>0</ele></trkpt>
<trkpt lat="50.8004" lon="14.12224"><ele>0</ele></trkpt>
<trkpt lat="50.80051" lon="14.12266"><ele>0</ele></trkpt>
<trkpt lat="50.80105" lon="14.12458"><ele>0</ele></trkpt>
<trkpt lat="50.80152" lon="14.12644"><ele>0</ele></trkpt>
<trkpt lat="50.80165" lon="14.12796"><ele>0</ele></trkpt>
<trkpt lat="50.80176" lon="14.12891"><ele>0</ele></trkpt>
<trkpt lat="50.80182" lon="14.12914"><ele>0</ele></trkpt>
<trkpt lat="50.80223" lon="14.12887"><ele>0</ele></trkpt>
<trkpt lat="50.80239" lon="14.12871"><ele>0</ele></trkpt>
<trkpt lat="50.80259" lon="14.12854"><ele>0</ele></trkpt>
<trkpt lat="50.80365" lon="14.12674"><ele>0</ele></trkpt>
<trkpt lat="50.80376" lon="14.12667"><ele>0</ele></trkpt>
<trkpt lat="50.80387" lon="14.12666"><ele>0</ele></trkpt>
<trkpt lat="50.80425" lon="14.12681"><ele>0</ele></trkpt>
<trkpt lat="50.80494" lon="14.12698"><ele>0</ele></trkpt>
<trkpt lat="50.80537" lon="14.12715"><ele>0</ele></trkpt>
<trkpt lat="50.80551" lon="14.12715"><ele>0</ele></trkpt>
<trkpt lat="50.80561" lon="14.12712"><ele>0</ele></trkpt>
<trkpt lat="50.80573" lon="14.12703"><ele>0</ele></trkpt>
<trkpt lat="50.80584" lon="14.12683"><ele>0</ele></trkpt>
<trkpt lat="50.80591" lon="14.12635"><ele>0</ele></trkpt>
<trkpt lat="50.80599" lon="14.12618"><ele>0</ele></trkpt>
<trkpt lat="50.80613" lon="14.12608"><ele>0</ele></trkpt>
<trkpt lat="50.80629" lon="14.12606"><ele>0</ele></trkpt>
<trkpt lat="50.80642" lon="14.12614"><ele>0</ele></trkpt>
<trkpt lat="50.80653" lon="14.12613"><ele>0</ele></trkpt>
<trkpt lat="50.80685" lon="14.12599"><ele>0</ele></trkpt>
<trkpt lat="50.80707" lon="14.12591"><ele>0</ele></trkpt>
<trkpt lat="50.80727" lon="14.1259"><ele>0</ele></trkpt>
<trkpt lat="50.80745" lon="14.12596"><ele>0</ele></trkpt>
<trkpt lat="50.80763" lon="14.12608"><ele>0</ele></trkpt>
<trkpt lat="50.80794" lon="14.12622"><ele>0</ele></trkpt>
<trkpt lat="50.80844" lon="14.12631"><ele>0</ele></trkpt>
<trkpt lat="50.80855" lon="14.12624"><ele>0</ele></trkpt>
<trkpt lat="50.80867" lon="14.12488"><ele>0</ele></trkpt>
<trkpt lat="50.80879" lon="14.12462"><ele>0</ele></trkpt>
<trkpt lat="50.80893" lon="14.12419"><ele>0</ele></trkpt>
<trkpt lat="50.80914" lon="14.12377"><ele>0</ele></trkpt>
<trkpt lat="50.80948" lon="14.12351"><ele>0</ele></trkpt>
<trkpt lat="50.81012" lon="14.12333"><ele>0</ele></trkpt>
<trkpt lat="50.81068" lon="14.12304"><ele>0</ele></trkpt>
<trkpt lat="50.81427" lon="14.12088"><ele>0</ele></trkpt>
<trkpt lat="50.81483" lon="14.12053"><ele>0</ele></trkpt>
<trkpt lat="50.81592" lon="14.12027"><ele>0</ele></trkpt>
<trkpt lat="50.81716" lon="14.12075"><ele>0</ele></trkpt>
<trkpt lat="50.81761" lon="14.12078"><ele>0</ele></trkpt>
<trkpt lat="50.81807" lon="14.12061"><ele>0</ele></trkpt>
<trkpt lat="50.81923" lon="14.11997"><ele>0</ele></trkpt>
<trkpt lat="50.81951" lon="14.1198"><ele>0</ele></trkpt>
<trkpt lat="50.81976" lon="14.11951"><ele>0</ele></trkpt>
<trkpt lat="50.82016" lon="14.11898"><ele>0</ele></trkpt>
<trkpt lat="50.82078" lon="14.11796"><ele>0</ele></trkpt>
<trkpt lat="50.82096" lon="14.11776"><ele>0</ele></trkpt>
<trkpt lat="50.82111" lon="14.1177"><ele>0</ele></trkpt>
<trkpt lat="50.82234" lon="14.1173"><ele>0</ele></trkpt>
<trkpt lat="50.82372" lon="14.11723"><ele>0</ele></trkpt>
<trkpt lat="50.82414" lon="14.11721"><ele>0</ele></trkpt>
<trkpt lat="50.8242" lon="14.11738"><ele>0</ele></trkpt>
<trkpt lat="50.82435" lon="14.11763"><ele>0</ele></trkpt>
<trkpt lat="50.82448" lon="14.11805"><ele>0</ele></trkpt>
<trkpt lat="50.82461" lon="14.11884"><ele>0</ele></trkpt>
<trkpt lat="50.82471" lon="14.1191"><ele>0</ele></trkpt>
<trkpt lat="50.82487" lon="14.11941"><ele>0</ele></trkpt>
<trkpt lat="50.82496" lon="14.11954"><ele>0</ele></trkpt>
<trkpt lat="50.82525" lon="14.11983"><ele>0</ele></trkpt>
<trkpt lat="50.82572" lon="14.12043"><ele>0</ele></trkpt>
<trkpt lat="50.82585" lon="14.12064"><ele>0</ele></trkpt>
<trkpt lat="50.82594" lon="14.12092"><ele>0</ele></trkpt>
<trkpt lat="50.82608" lon="14.1215"><ele>0</ele></trkpt>
<trkpt lat="50.8261" lon="14.12181"><ele>0</ele></trkpt>
<trkpt lat="50.82602" lon="14.12207"><ele>0</ele></trkpt>
<trkpt lat="50.82587" lon="14.12233"><ele>0</ele></trkpt>
<trkpt lat="50.82569" lon="14.12294"><ele>0</ele></trkpt>
<trkpt lat="50.8257" lon="14.12325"><ele>0</ele></trkpt>
<trkpt lat="50.82566" lon="14.12351"><ele>0</ele></trkpt>
<trkpt lat="50.82551" lon="14.12419"><ele>0</ele></trkpt>
<trkpt lat="50.8255" lon="14.12453"><ele>0</ele></trkpt>
<trkpt lat="50.82551" lon="14.12487"><ele>0</ele></trkpt>
<trkpt lat="50.82566" lon="14.12555"><ele>0</ele></trkpt>
<trkpt lat="50.82587" lon="14.12611"><ele>0</ele></trkpt>
<trkpt lat="50.82616" lon="14.12667"><ele>0</ele></trkpt>
<trkpt lat="50.82615" lon="14.12667"><ele>0</ele></trkpt>
<trkpt lat="50.82625" lon="14.1269"><ele>0</ele></trkpt>
<trkpt lat="50.82631" lon="14.12712"><ele>0</ele></trkpt>
<trkpt lat="50.82659" lon="14.12728"><ele>0</ele></trkpt>
<trkpt lat="50.82685" lon="14.12737"><ele>0</ele></trkpt>
<trkpt lat="50.8278" lon="14.12753"><ele>0</ele></trkpt>
<trkpt lat="50.82802" lon="14.12761"><ele>0</ele></trkpt>
<trkpt lat="50.82826" lon="14.12773"><ele>0</ele></trkpt>
<trkpt lat="50.82865" lon="14.12799"><ele>0</ele></trkpt>
<trkpt lat="50.82924" lon="14.12826"><ele>0</ele></trkpt>
<trkpt lat="50.82944" lon="14.1282"><ele>0</ele></trkpt>
<trkpt lat="50.82963" lon="14.12803"><ele>0</ele></trkpt>
<trkpt lat="50.82991" lon="14.1279"><ele>0</ele></trkpt>
<trkpt lat="50.83027" lon="14.12838"><ele>0</ele></trkpt>
<trkpt lat="50.83052" lon="14.12857"><ele>0</ele></trkpt>
<trkpt lat="50.83073" lon="14.1287"><ele>0</ele></trkpt>
<trkpt lat="50.83132" lon="14.12845"><ele>0</ele></trkpt>
<trkpt lat="50.8318" lon="14.12831"><ele>0</ele></trkpt>
<trkpt lat="50.83212" lon="14.12838"><ele>0</ele></trkpt>
<trkpt lat="50.83223" lon="14.12847"><ele>0</ele></trkpt>
<trkpt lat="50.83273" lon="14.12772"><ele>0</ele></trkpt>
<trkpt lat="50.83267" lon="14.12764"><ele>0</ele></trkpt>
<trkpt lat="50.8327" lon="14.12745"><ele>0</ele></trkpt>
<trkpt lat="50.83279" lon="14.12728"><ele>0</ele></trkpt>
<trkpt lat="50.83276" lon="14.12708"><ele>0</ele></trkpt>
<trkpt lat="50.83266" lon="14.12691"><ele>0</ele></trkpt>
<trkpt lat="50.8324" lon="14.12685"><ele>0</ele></trkpt>
<trkpt lat="50.83253" lon="14.12672"><ele>0</ele></trkpt>
<trkpt lat="50.8328" lon="14.12613"><ele>0</ele></trkpt>
<trkpt lat="50.83283" lon="14.12587"><ele>0</ele></trkpt>
<trkpt lat="50.83289" lon="14.12551"><ele>0</ele></trkpt>
<trkpt lat="50.833" lon="14.12515"><ele>0</ele></trkpt>
<trkpt lat="50.8333" lon="14.12457"><ele>0</ele></trkpt>
<trkpt lat="50.83346" lon="14.12431"><ele>0</ele></trkpt>
<trkpt lat="50.83357" lon="14.12421"><ele>0</ele></trkpt>
<trkpt lat="50.83363" lon="14.12427"><ele>0</ele></trkpt>
<trkpt lat="50.83372" lon="14.12445"><ele>0</ele></trkpt>
<trkpt lat="50.83385" lon="14.12442"><ele>0</ele></trkpt>
<trkpt lat="50.83416" lon="14.12422"><ele>0</ele></trkpt>
<trkpt lat="50.83428" lon="14.12472"><ele>0</ele></trkpt>
<trkpt lat="50.83438" lon="14.12516"><ele>0</ele></trkpt>
<trkpt lat="50.83438" lon="14.12515"><ele>0</ele></trkpt>
<trkpt lat="50.83464" lon="14.12643"><ele>0</ele></trkpt>
<trkpt lat="50.83474" lon="14.12706"><ele>0</ele></trkpt>
<trkpt lat="50.83494" lon="14.12757"><ele>0</ele></trkpt>
<trkpt lat="50.83549" lon="14.12805"><ele>0</ele></trkpt>
<trkpt lat="50.83586" lon="14.12833"><ele>0</ele></trkpt>
<trkpt lat="50.83604" lon="14.12848"><ele>0</ele></trkpt>
<trkpt lat="50.83618" lon="14.12864"><ele>0</ele></trkpt>
<trkpt lat="50.83627" lon="14.1283"><ele>0</ele></trkpt>
<trkpt lat="50.83654" lon="14.12745"><ele>0</ele></trkpt>
<trkpt lat="50.83743" lon="14.12527"><ele>0</ele></trkpt>
<trkpt lat="50.83757" lon="14.12499"><ele>0</ele></trkpt>
<trkpt lat="50.83766" lon="14.12487"><ele>0</ele></trkpt>
<trkpt lat="50.83779" lon="14.12477"><ele>0</ele></trkpt>
<trkpt lat="50.83802" lon="14.12468"><ele>0</ele></trkpt>
<trkpt lat="50.83838" lon="14.12459"><ele>0</ele></trkpt>
<trkpt lat="50.83867" lon="14.12444"><ele>0</ele></trkpt>
<trkpt lat="50.83919" lon="14.12405"><ele>0</ele></trkpt>
<trkpt lat="50.8393" lon="14.12394"><ele>0</ele></trkpt>
<trkpt lat="50.83951" lon="14.12363"><ele>0</ele></trkpt>
<trkpt lat="50.83964" lon="14.12329"><ele>0</ele></trkpt>
<trkpt lat="50.83971" lon="14.12302"><ele>0</ele></trkpt>
<trkpt lat="50.8398" lon="14.12272"><ele>0</ele></trkpt>
<trkpt lat="50.83983" lon="14.12257"><ele>0</ele></trkpt>
<trkpt lat="50.83991" lon="14.12241"><ele>0</ele></trkpt>
<trkpt lat="50.84004" lon="14.12227"><ele>0</ele></trkpt>
<trkpt lat="50.84093" lon="14.12144"><ele>0</ele></trkpt>
<trkpt lat="50.84136" lon="14.12111"><ele>0</ele></trkpt>
<trkpt lat="50.84216" lon="14.12093"><ele>0</ele></trkpt>
<trkpt lat="50.84262" lon="14.12066"><ele>0</ele></trkpt>
<trkpt lat="50.84311" lon="14.12029"><ele>0</ele></trkpt>
<trkpt lat="50.84421" lon="14.11909"><ele>0</ele></trkpt>
<trkpt lat="50.84445" lon="14.11873"><ele>0</ele></trkpt>
<trkpt lat="50.84523" lon="14.11717"><ele>0</ele></trkpt>
<trkpt lat="50.84531" lon="14.1169"><ele>0</ele></trkpt>
<trkpt lat="50.84536" lon="14.11653"><ele>0</ele></trkpt>
<trkpt lat="50.84541" lon="14.11546"><ele>0</ele></trkpt>
<trkpt lat="50.84561" lon="14.11331"><ele>0</ele></trkpt>
<trkpt lat="50.84571" lon="14.11238"><ele>0</ele></trkpt>
<trkpt lat="50.84578" lon="14.11198"><ele>0</ele></trkpt>
<trkpt lat="50.84591" lon="14.11132"><ele>0</ele></trkpt>
<trkpt lat="50.84607" lon="14.10965"><ele>0</ele></trkpt>
<trkpt lat="50.84617" lon="14.10902"><ele>0</ele></trkpt>
<trkpt lat="50.84636" lon="14.1081"><ele>0</ele></trkpt>
<trkpt lat="50.84646" lon="14.10776"><ele>0</ele></trkpt>
<trkpt lat="50.8467" lon="14.10719"><ele>0</ele></trkpt>
<trkpt lat="50.84687" lon="14.10686"><ele>0</ele></trkpt>
<trkpt lat="50.84713" lon="14.10653"><ele>0</ele></trkpt>
<trkpt lat="50.84775" lon="14.10596"><ele>0</ele></trkpt>
<trkpt lat="50.85089" lon="14.10347"><ele>0</ele></trkpt>
<trkpt lat="50.85117" lon="14.10308"><ele>0</ele></trkpt>
<trkpt lat="50.85144" lon="14.10291"><ele>0</ele></trkpt>
<trkpt lat="50.85189" lon="14.10295"><ele>0</ele></trkpt>
<trkpt lat="50.85209" lon="14.10315"><ele>0</ele></trkpt>
<trkpt lat="50.85234" lon="14.10328"><ele>0</ele></trkpt>
<trkpt lat="50.85326" lon="14.10384"><ele>0</ele></trkpt>
<trkpt lat="50.85421" lon="14.10432"><ele>0</ele></trkpt>
<trkpt lat="50.85432" lon="14.10435"><ele>0</ele></trkpt>
<trkpt lat="50.85478" lon="14.10429"><ele>0</ele></trkpt>
<trkpt lat="50.85504" lon="14.10434"><ele>0</ele></trkpt>
<trkpt lat="50.85523" lon="14.10442"><ele>0</ele></trkpt>
<trkpt lat="50.85631" lon="14.10475"><ele>0</ele></trkpt>
<trkpt lat="50.85668" lon="14.10493"><ele>0</ele></trkpt>
<trkpt lat="50.85736" lon="14.10507"><ele>0</ele></trkpt>
<trkpt lat="50.85784" lon="14.10525"><ele>0</ele></trkpt>
<trkpt lat="50.8581" lon="14.1053"><ele>0</ele></trkpt>
<trkpt lat="50.85827" lon="14.10529"><ele>0</ele></trkpt>
<trkpt lat="50.8591" lon="14.10521"><ele>0</ele></trkpt>
<trkpt lat="50.8597" lon="14.10533"><ele>0</ele></trkpt>
<trkpt lat="50.86021" lon="14.10535"><ele>0</ele></trkpt>
<trkpt lat="50.86031" lon="14.10538"><ele>0</ele></trkpt>
<trkpt lat="50.86044" lon="14.10547"><ele>0</ele></trkpt>
<trkpt lat="50.86131" lon="14.10624"><ele>0</ele></trkpt>
<trkpt lat="50.86201" lon="14.10699"><ele>0</ele></trkpt>
<trkpt lat="50.86221" lon="14.10725"><ele>0</ele></trkpt>
<trkpt lat="50.86234" lon="14.10748"><ele>0</ele></trkpt>
<trkpt lat="50.86255" lon="14.10773"><ele>0</ele></trkpt>
<trkpt lat="50.8628" lon="14.10793"><ele>0</ele></trkpt>
<trkpt lat="50.86307" lon="14.10808"><ele>0</ele></trkpt>
<trkpt lat="50.86332" lon="14.10818"><ele>0</ele></trkpt>
<trkpt lat="50.86346" lon="14.10819"><ele>0</ele></trkpt>
<trkpt lat="50.86378" lon="14.10814"><ele>0</ele></trkpt>
<trkpt lat="50.86503" lon="14.10747"><ele>0</ele></trkpt>
<trkpt lat="50.86587" lon="14.10695"><ele>0</ele></trkpt>
<trkpt lat="50.86617" lon="14.10685"><ele>0</ele></trkpt>
<trkpt lat="50.86659" lon="14.10685"><ele>0</ele></trkpt>
<trkpt lat="50.86723" lon="14.10697"><ele>0</ele></trkpt>
<trkpt lat="50.86826" lon="14.10731"><ele>0</ele></trkpt>
<trkpt lat="50.86857" lon="14.10731"><ele>0</ele></trkpt>
<trkpt lat="50.86874" lon="14.10726"><ele>0</ele></trkpt>
<trkpt lat="50.86896" lon="14.10711"><ele>0</ele></trkpt>
<trkpt lat="50.86971" lon="14.1064"><ele>0</ele></trkpt>
<trkpt lat="50.87002" lon="14.10617"><ele>0</ele></trkpt>
<trkpt lat="50.87042" lon="14.10602"><ele>0</ele></trkpt>
<trkpt lat="50.87132" lon="14.1059"><ele>0</ele></trkpt>
<trkpt lat="50.87145" lon="14.10596"><ele>0</ele></trkpt>
<trkpt lat="50.87155" lon="14.10612"><ele>0</ele></trkpt>
<trkpt lat="50.87183" lon="14.1069"><ele>0</ele></trkpt>
<trkpt lat="50.87203" lon="14.10721"><ele>0</ele></trkpt>
<trkpt lat="50.8723" lon="14.10746"><ele>0</ele></trkpt>
<trkpt lat="50.8728" lon="14.10807"><ele>0</ele></trkpt>
<trkpt lat="50.87354" lon="14.10902"><ele>0</ele></trkpt>
<trkpt lat="50.87412" lon="14.10984"><ele>0</ele></trkpt>
<trkpt lat="50.87469" lon="14.11039"><ele>0</ele></trkpt>
<trkpt lat="50.87506" lon="14.11082"><ele>0</ele></trkpt>
<trkpt lat="50.87562" lon="14.11175"><ele>0</ele></trkpt>
<trkpt lat="50.8758" lon="14.11215"><ele>0</ele></trkpt>
<trkpt lat="50.87589" lon="14.11251"><ele>0</ele></trkpt>
<trkpt lat="50.87599" lon="14.11391"><ele>0</ele></trkpt>
<trkpt lat="50.87613" lon="14.11438"><ele>0</ele></trkpt>
<trkpt lat="50.87622" lon="14.11462"><ele>0</ele></trkpt>
<trkpt lat="50.8763" lon="14.11474"><ele>0</ele></trkpt>
<trkpt lat="50.87661" lon="14.11516"><ele>0</ele></trkpt>
<trkpt lat="50.87695" lon="14.11548"><ele>0</ele></trkpt>
<trkpt lat="50.87771" lon="14.11603"><ele>0</ele></trkpt>
<trkpt lat="50.87836" lon="14.11631"><ele>0</ele></trkpt>
<trkpt lat="50.87853" lon="14.11648"><ele>0</ele></trkpt>
<trkpt lat="50.87914" lon="14.11731"><ele>0</ele></trkpt>
<trkpt lat="50.87975" lon="14.11774"><ele>0</ele></trkpt>
<trkpt lat="50.88019" lon="14.11849"><ele>0</ele></trkpt>
<trkpt lat="50.88042" lon="14.11886"><ele>0</ele></trkpt>
<trkpt lat="50.88073" lon="14.11958"><ele>0</ele></trkpt>
<trkpt lat="50.88091" lon="14.11989"><ele>0</ele></trkpt>
<trkpt lat="50.88114" lon="14.1202"><ele>0</ele></trkpt>
<trkpt lat="50.8812" lon="14.12024"><ele>0</ele></trkpt>
<trkpt lat="50.88133" lon="14.12028"><ele>0</ele></trkpt>
<trkpt lat="50.88157" lon="14.12027"><ele>0</ele></trkpt>
<trkpt lat="50.88174" lon="14.12034"><ele>0</ele></trkpt>
<trkpt lat="50.8819" lon="14.12045"><ele>0</ele></trkpt>
<trkpt lat="50.88226" lon="14.12076"><ele>0</ele></trkpt>
<trkpt lat="50.88244" lon="14.12083"><ele>0</ele></trkpt>
<trkpt lat="50.88286" lon="14.12081"><ele>0</ele></trkpt>
<trkpt lat="50.8835" lon="14.12088"><ele>0</ele></trkpt>
<trkpt lat="50.88365" lon="14.12084"><ele>0</ele></trkpt>
<trkpt lat="50.88399" lon="14.12044"><ele>0</ele></trkpt>
<trkpt lat="50.88416" lon="14.1202"><ele>0</ele></trkpt>
<trkpt lat="50.88428" lon="14.12013"><ele>0</ele></trkpt>
<trkpt lat="50.88448" lon="14.1201"><ele>0</ele></trkpt>
<trkpt lat="50.8851" lon="14.11913"><ele>0</ele></trkpt>
<trkpt lat="50.88524" lon="14.11884"><ele>0</ele></trkpt>
<trkpt lat="50.8853" lon="14.11867"><ele>0</ele></trkpt>
<trkpt lat="50.88537" lon="14.11838"><ele>0</ele></trkpt>
<trkpt lat="50.8854" lon="14.11809"><ele>0</ele></trkpt>
<trkpt lat="50.88551" lon="14.1174"><ele>0</ele></trkpt>
<trkpt lat="50.88562" lon="14.11734"><ele>0</ele></trkpt>
<trkpt lat="50.88602" lon="14.11674"><ele>0</ele></trkpt>
<trkpt lat="50.88606" lon="14.11659"><ele>0</ele></trkpt>
<trkpt lat="50.88611" lon="14.11628"><ele>0</ele></trkpt>
<trkpt lat="50.88612" lon="14.116"><ele>0</ele></trkpt>
<trkpt lat="50.88609" lon="14.11583"><ele>0</ele></trkpt>
<trkpt lat="50.88602" lon="14.11562"><ele>0</ele></trkpt>
<trkpt lat="50.88597" lon="14.11535"><ele>0</ele></trkpt>
<trkpt lat="50.88592" lon="14.11493"><ele>0</ele></trkpt>
<trkpt lat="50.8859" lon="14.11472"><ele>0</ele></trkpt>
<trkpt lat="50.88591" lon="14.11446"><ele>0</ele></trkpt>
<trkpt lat="50.88605" lon="14.1138"><ele>0</ele></trkpt>
<trkpt lat="50.88619" lon="14.11335"><ele>0</ele></trkpt>
<trkpt lat="50.88624" lon="14.11302"><ele>0</ele></trkpt>
<trkpt lat="50.8862" lon="14.11299"><ele>0</ele></trkpt>
<trkpt lat="50.88611" lon="14.11298"><ele>0</ele></trkpt>
<trkpt lat="50.88612" lon="14.11273"><ele>0</ele></trkpt>
<trkpt lat="50.88617" lon="14.11247"><ele>0</ele></trkpt>
<trkpt lat="50.88636" lon="14.11201"><ele>0</ele></trkpt>
<trkpt lat="50.88641" lon="14.1118"><ele>0</ele></trkpt>
<trkpt lat="50.8864" lon="14.11151"><ele>0</ele></trkpt>
<trkpt lat="50.88632" lon="14.11101"><ele>0</ele></trkpt>
<trkpt lat="50.88629" lon="14.11071"><ele>0</ele></trkpt>
<trkpt lat="50.88633" lon="14.11005"><ele>0</ele></trkpt>
<trkpt lat="50.88639" lon="14.10951"><ele>0</ele></trkpt>
<trkpt lat="50.88648" lon="14.10902"><ele>0</ele></trkpt>
<trkpt lat="50.88654" lon="14.10846"><ele>0</ele></trkpt>
<trkpt lat="50.88644" lon="14.10825"><ele>0</ele></trkpt>
<trkpt lat="50.8864" lon="14.1081"><ele>0</ele></trkpt>
<trkpt lat="50.88631" lon="14.10723"><ele>0</ele></trkpt>
<trkpt lat="50.88631" lon="14.10679"><ele>0</ele></trkpt>
<trkpt lat="50.88636" lon="14.10606"><ele>0</ele></trkpt>
<trkpt lat="50.8864" lon="14.10595"><ele>0</ele></trkpt>
<trkpt lat="50.88653" lon="14.10581"><ele>0</ele></trkpt>
<trkpt lat="50.88663" lon="14.10581"><ele>0</ele></trkpt>
<trkpt lat="50.88665" lon="14.10548"><ele>0</ele></trkpt>
<trkpt lat="50.8867" lon="14.10521"><ele>0</ele></trkpt>
<trkpt lat="50.88683" lon="14.10492"><ele>0</ele></trkpt>
<trkpt lat="50.88701" lon="14.1047"><ele>0</ele></trkpt>
<trkpt lat="50.88707" lon="14.10458"><ele>0</ele></trkpt>
<trkpt lat="50.88736" lon="14.10358"><ele>0</ele></trkpt>
<trkpt lat="50.88745" lon="14.10317"><ele>0</ele></trkpt>
<trkpt lat="50.88747" lon="14.10303"><ele>0</ele></trkpt>
<trkpt lat="50.88744" lon="14.10242"><ele>0</ele></trkpt>
<trkpt lat="50.88747" lon="14.10198"><ele>0</ele></trkpt>
<trkpt lat="50.88751" lon="14.10179"><ele>0</ele></trkpt>
<trkpt lat="50.88774" lon="14.10119"><ele>0</ele></trkpt>
<trkpt lat="50.88777" lon="14.10102"><ele>0</ele></trkpt>
<trkpt lat="50.88776" lon="14.10067"><ele>0</ele></trkpt>
<trkpt lat="50.88758" lon="14.09971"><ele>0</ele></trkpt>
<trkpt lat="50.88747" lon="14.09925"><ele>0</ele></trkpt>
<trkpt lat="50.88737" lon="14.09893"><ele>0</ele></trkpt>
<trkpt lat="50.8873" lon="14.09859"><ele>0</ele></trkpt>
<trkpt lat="50.88727" lon="14.09789"><ele>0</ele></trkpt>
<trkpt lat="50.88728" lon="14.09729"><ele>0</ele></trkpt>
<trkpt lat="50.8873" lon="14.09713"><ele>0</ele></trkpt>
<trkpt lat="50.88737" lon="14.0968"><ele>0</ele></trkpt>
<trkpt lat="50.88751" lon="14.09624"><ele>0</ele></trkpt>
<trkpt lat="50.88792" lon="14.09526"><ele>0</ele></trkpt>
<trkpt lat="50.88822" lon="14.09472"><ele>0</ele></trkpt>
<trkpt lat="50.88832" lon="14.09445"><ele>0</ele></trkpt>
<trkpt lat="50.88834" lon="14.09426"><ele>0</ele></trkpt>
<trkpt lat="50.88833" lon="14.09409"><ele>0</ele></trkpt>
<trkpt lat="50.88828" lon="14.09397"><ele>0</ele></trkpt>
<trkpt lat="50.88796" lon="14.0935"><ele>0</ele></trkpt>
<trkpt lat="50.88781" lon="14.09324"><ele>0</ele></trkpt>
<trkpt lat="50.88767" lon="14.09296"><ele>0</ele></trkpt>
<trkpt lat="50.88751" lon="14.0925"><ele>0</ele></trkpt>
<trkpt lat="50.88744" lon="14.0921"><ele>0</ele></trkpt>
<trkpt lat="50.88743" lon="14.09197"><ele>0</ele></trkpt>
<trkpt lat="50.88746" lon="14.09171"><ele>0</ele></trkpt>
<trkpt lat="50.88749" lon="14.0916"><ele>0</ele></trkpt>
<trkpt lat="50.88763" lon="14.09138"><ele>0</ele></trkpt>
<trkpt lat="50.88775" lon="14.09125"><ele>0</ele></trkpt>
<trkpt lat="50.8885" lon="14.0906"><ele>0</ele></trkpt>
<trkpt lat="50.88855" lon="14.09052"><ele>0</ele></trkpt>
<trkpt lat="50.8886" lon="14.09038"><ele>0</ele></trkpt>
<trkpt lat="50.88863" lon="14.09008"><ele>0</ele></trkpt>
<trkpt lat="50.88862" lon="14.08985"><ele>0</ele></trkpt>
<trkpt lat="50.88858" lon="14.08962"><ele>0</ele></trkpt>
<trkpt lat="50.88846" lon="14.08926"><ele>0</ele></trkpt>
<trkpt lat="50.88791" lon="14.08851"><ele>0</ele></trkpt>
<trkpt lat="50.88786" lon="14.08842"><ele>0</ele></trkpt>
<trkpt lat="50.88776" lon="14.08809"><ele>0</ele></trkpt>
<trkpt lat="50.88766" lon="14.08758"><ele>0</ele></trkpt>
<trkpt lat="50.88766" lon="14.0872"><ele>0</ele></trkpt>
<trkpt lat="50.88768" lon="14.08701"><ele>0</ele></trkpt>
<trkpt lat="50.88784" lon="14.08631"><ele>0</ele></trkpt>
<trkpt lat="50.88806" lon="14.08556"><ele>0</ele></trkpt>
<trkpt lat="50.88824" lon="14.08502"><ele>0</ele></trkpt>
<trkpt lat="50.88829" lon="14.08479"><ele>0</ele></trkpt>
<trkpt lat="50.88845" lon="14.0833"><ele>0</ele></trkpt>
<trkpt lat="50.88863" lon="14.08204"><ele>0</ele></trkpt>
<trkpt lat="50.88864" lon="14.08176"><ele>0</ele></trkpt>
<trkpt lat="50.88862" lon="14.08065"><ele>0</ele></trkpt>
<trkpt lat="50.88866" lon="14.08043"><ele>0</ele></trkpt>
<trkpt lat="50.88874" lon="14.08023"><ele>0</ele></trkpt>
<trkpt lat="50.88889" lon="14.08006"><ele>0</ele></trkpt>
<trkpt lat="50.88937" lon="14.0796"><ele>0</ele></trkpt>
<trkpt lat="50.88952" lon="14.07939"><ele>0</ele></trkpt>
<trkpt lat="50.88958" lon="14.07927"><ele>0</ele></trkpt>
<trkpt lat="50.88966" lon="14.07901"><ele>0</ele></trkpt>
<trkpt lat="50.88969" lon="14.07888"><ele>0</ele></trkpt>
<trkpt lat="50.88971" lon="14.07851"><ele>0</ele></trkpt>
<trkpt lat="50.88968" lon="14.07788"><ele>0</ele></trkpt>
<trkpt lat="50.88947" lon="14.07674"><ele>0</ele></trkpt>
<trkpt lat="50.8894" lon="14.07646"><ele>0</ele></trkpt>
<trkpt lat="50.88936" lon="14.07621"><ele>0</ele></trkpt>
<trkpt lat="50.88932" lon="14.07581"><ele>0</ele></trkpt>
<trkpt lat="50.88933" lon="14.0752"><ele>0</ele></trkpt>
<trkpt lat="50.88938" lon="14.0744"><ele>0</ele></trkpt>
<trkpt lat="50.8894" lon="14.07422"><ele>0</ele></trkpt>
<trkpt lat="50.88947" lon="14.07403"><ele>0</ele></trkpt>
<trkpt lat="50.88957" lon="14.07385"><ele>0</ele></trkpt>
<trkpt lat="50.8897" lon="14.0737"><ele>0</ele></trkpt>
<trkpt lat="50.88982" lon="14.07358"><ele>0</ele></trkpt>
<trkpt lat="50.88999" lon="14.07348"><ele>0</ele></trkpt>
<trkpt lat="50.89009" lon="14.07343"><ele>0</ele></trkpt>
<trkpt lat="50.89034" lon="14.07336"><ele>0</ele></trkpt>
<trkpt lat="50.89123" lon="14.07316"><ele>0</ele></trkpt>
<trkpt lat="50.8915" lon="14.07299"><ele>0</ele></trkpt>
<trkpt lat="50.89159" lon="14.07287"><ele>0</ele></trkpt>
<trkpt lat="50.89176" lon="14.07254"><ele>0</ele></trkpt>
<trkpt lat="50.8922" lon="14.07115"><ele>0</ele></trkpt>
<trkpt lat="50.89239" lon="14.07023"><ele>0</ele></trkpt>
<trkpt lat="50.89248" lon="14.0699"><ele>0</ele></trkpt>
<trkpt lat="50.89281" lon="14.06906"><ele>0</ele></trkpt>
<trkpt lat="50.89302" lon="14.06874"><ele>0</ele></trkpt>
<trkpt lat="50.89343" lon="14.0683"><ele>0</ele></trkpt>
<trkpt lat="50.89388" lon="14.06793"><ele>0</ele></trkpt>
<trkpt lat="50.89439" lon="14.06728"><ele>0</ele></trkpt>
<trkpt lat="50.89488" lon="14.06683"><ele>0</ele></trkpt>
<trkpt lat="50.89526" lon="14.06653"><ele>0</ele></trkpt>
<trkpt lat="50.89551" lon="14.0664"><ele>0</ele></trkpt>
<trkpt lat="50.89577" lon="14.0663"><ele>0</ele></trkpt>
<trkpt lat="50.89613" lon="14.06628"><ele>0</ele></trkpt>
<trkpt lat="50.89644" lon="14.06631"><ele>0</ele></trkpt>
<trkpt lat="50.89686" lon="14.06641"><ele>0</ele></trkpt>
<trkpt lat="50.89741" lon="14.06624"><ele>0</ele></trkpt>
<trkpt lat="50.89796" lon="14.06614"><ele>0</ele></trkpt>
<trkpt lat="50.89809" lon="14.06608"><ele>0</ele></trkpt>
<trkpt lat="50.89894" lon="14.06547"><ele>0</ele></trkpt>
<trkpt lat="50.89978" lon="14.06472"><ele>0</ele></trkpt>
<trkpt lat="50.89993" lon="14.06466"><ele>0</ele></trkpt>
<trkpt lat="50.90008" lon="14.06464"><ele>0</ele></trkpt>
<trkpt lat="50.90045" lon="14.06478"><ele>0</ele></trkpt>
<trkpt lat="50.90103" lon="14.06506"><ele>0</ele></trkpt>
<trkpt lat="50.90121" lon="14.06506"><ele>0</ele></trkpt>
<trkpt lat="50.90131" lon="14.06502"><ele>0</ele></trkpt>
<trkpt lat="50.90142" lon="14.06496"><ele>0</ele></trkpt>
<trkpt lat="50.90162" lon="14.06479"><ele>0</ele></trkpt>
<trkpt lat="50.90182" lon="14.06454"><ele>0</ele></trkpt>
<trkpt lat="50.90186" lon="14.06444"><ele>0</ele></trkpt>
<trkpt lat="50.90193" lon="14.0641"><ele>0</ele></trkpt>
<trkpt lat="50.90193" lon="14.06373"><ele>0</ele></trkpt>
<trkpt lat="50.90192" lon="14.06373"><ele>0</ele></trkpt>
<trkpt lat="50.9019" lon="14.06293"><ele>0</ele></trkpt>
<trkpt lat="50.90188" lon="14.06265"><ele>0</ele></trkpt>
<trkpt lat="50.90185" lon="14.06253"><ele>0</ele></trkpt>
<trkpt lat="50.90176" lon="14.06262"><ele>0</ele></trkpt>
<trkpt lat="50.90161" lon="14.06271"><ele>0</ele></trkpt>
<trkpt lat="50.9016" lon="14.06249"><ele>0</ele></trkpt>
<trkpt lat="50.90161" lon="14.06222"><ele>0</ele></trkpt>
<trkpt lat="50.90181" lon="14.06176"><ele>0</ele></trkpt>
<trkpt lat="50.90212" lon="14.06091"><ele>0</ele></trkpt>
<trkpt lat="50.90227" lon="14.06013"><ele>0</ele></trkpt>
<trkpt lat="50.90248" lon="14.05795"><ele>0</ele></trkpt>
<trkpt lat="50.90257" lon="14.05725"><ele>0</ele></trkpt>
<trkpt lat="50.90267" lon="14.05663"><ele>0</ele></trkpt>
<trkpt lat="50.90285" lon="14.05597"><ele>0</ele></trkpt>
<trkpt lat="50.90311" lon="14.05499"><ele>0</ele></trkpt>
<trkpt lat="50.90325" lon="14.05461"><ele>0</ele></trkpt>
<trkpt lat="50.90342" lon="14.05429"><ele>0</ele></trkpt>
<trkpt lat="50.90411" lon="14.05323"><ele>0</ele></trkpt>
<trkpt lat="50.90427" lon="14.0524"><ele>0</ele></trkpt>
<trkpt lat="50.90432" lon="14.05222"><ele>0</ele></trkpt>
<trkpt lat="50.90439" lon="14.05208"><ele>0</ele></trkpt>
<trkpt lat="50.90456" lon="14.05194"><ele>0</ele></trkpt>
<trkpt lat="50.90544" lon="14.05146"><ele>0</ele></trkpt>
<trkpt lat="50.90631" lon="14.05094"><ele>0</ele></trkpt>
<trkpt lat="50.90643" lon="14.05086"><ele>0</ele></trkpt>
<trkpt lat="50.90647" lon="14.05077"><ele>0</ele></trkpt>
<trkpt lat="50.9065" lon="14.05061"><ele>0</ele></trkpt>
<trkpt lat="50.90648" lon="14.05041"><ele>0</ele></trkpt>
<trkpt lat="50.90615" lon="14.04751"><ele>0</ele></trkpt>
<trkpt lat="50.90617" lon="14.04639"><ele>0</ele></trkpt>
<trkpt lat="50.9062" lon="14.04575"><ele>0</ele></trkpt>
<trkpt lat="50.9062" lon="14.04575"><ele>0</ele></trkpt>
<trkpt lat="50.90628" lon="14.04422"><ele>0</ele></trkpt>
<trkpt lat="50.90647" lon="14.04324"><ele>0</ele></trkpt>
<trkpt lat="50.90657" lon="14.04285"><ele>0</ele></trkpt>
<trkpt lat="50.90658" lon="14.04274"><ele>0</ele></trkpt>
<trkpt lat="50.90662" lon="14.04258"><ele>0</ele></trkpt>
<trkpt lat="50.90672" lon="14.04274"><ele>0</ele></trkpt>
<trkpt lat="50.90706" lon="14.04334"><ele>0</ele></trkpt>
<trkpt lat="50.90766" lon="14.04452"><ele>0</ele></trkpt>
<trkpt lat="50.90804" lon="14.04579"><ele>0</ele></trkpt>
<trkpt lat="50.90815" lon="14.04633"><ele>0</ele></trkpt>
<trkpt lat="50.90833" lon="14.04695"><ele>0</ele></trkpt>
<trkpt lat="50.90849" lon="14.04726"><ele>0</ele></trkpt>
<trkpt lat="50.90862" lon="14.04744"><ele>0</ele></trkpt>
<trkpt lat="50.90867" lon="14.04747"><ele>0</ele></trkpt>
<trkpt lat="50.90875" lon="14.04749"><ele>0</ele></trkpt>
<trkpt lat="50.90964" lon="14.04723"><ele>0</ele></trkpt>
<trkpt lat="50.9099" lon="14.04713"><ele>0</ele></trkpt>
<trkpt lat="50.91045" lon="14.0468"><ele>0</ele></trkpt>
<trkpt lat="50.91107" lon="14.04677"><ele>0</ele></trkpt>
<trkpt lat="50.91127" lon="14.04666"><ele>0</ele></trkpt>
<trkpt lat="50.91208" lon="14.04589"><ele>0</ele></trkpt>
<trkpt lat="50.9123" lon="14.0456"><ele>0</ele></trkpt>
<trkpt lat="50.91243" lon="14.04552"><ele>0</ele></trkpt>
<trkpt lat="50.91258" lon="14.04546"><ele>0</ele></trkpt>
<trkpt lat="50.91289" lon="14.04558"><ele>0</ele></trkpt>
<trkpt lat="50.91314" lon="14.04558"><ele>0</ele></trkpt>
<trkpt lat="50.91326" lon="14.04553"><ele>0</ele></trkpt>
<trkpt lat="50.91372" lon="14.04518"><ele>0</ele></trkpt>
<trkpt lat="50.91372" lon="14.04518"><ele>0</ele></trkpt>
<trkpt lat="50.91428" lon="14.04478"><ele>0</ele></trkpt>
<trkpt lat="50.91444" lon="14.04458"><ele>0</ele></trkpt>
<trkpt lat="50.9145" lon="14.04441"><ele>0</ele></trkpt>
<trkpt lat="50.91461" lon="14.04397"><ele>0</ele></trkpt>
<trkpt lat="50.91461" lon="14.04397"><ele>0</ele></trkpt>
<trkpt lat="50.91484" lon="14.043"><ele>0</ele></trkpt>
<trkpt lat="50.91492" lon="14.04279"><ele>0</ele></trkpt>
<trkpt lat="50.91523" lon="14.04209"><ele>0</ele></trkpt>
<trkpt lat="50.91522" lon="14.04185"><ele>0</ele></trkpt>
<trkpt lat="50.91525" lon="14.04155"><ele>0</ele></trkpt>
<trkpt lat="50.91522" lon="14.04131"><ele>0</ele></trkpt>
<trkpt lat="50.91523" lon="14.04096"><ele>0</ele></trkpt>
<trkpt lat="50.91526" lon="14.04064"><ele>0</ele></trkpt>
<trkpt lat="50.91525" lon="14.04028"><ele>0</ele></trkpt>
<trkpt lat="50.91517" lon="14.04007"><ele>0</ele></trkpt>
<trkpt lat="50.91526" lon="14.04014"><ele>0</ele></trkpt>
<trkpt lat="50.91541" lon="14.04004"><ele>0</ele></trkpt>
<trkpt lat="50.91541" lon="14.03999"><ele>0</ele></trkpt>
<trkpt lat="50.91533" lon="14.03999"><ele>0</ele></trkpt>
<trkpt lat="50.91523" lon="14.03991"><ele>0</ele></trkpt>
<trkpt lat="50.91513" lon="14.03964"><ele>0</ele></trkpt>
<trkpt lat="50.91529" lon="14.03963"><ele>0</ele></trkpt>
<trkpt lat="50.91529" lon="14.03953"><ele>0</ele></trkpt>
<trkpt lat="50.9154" lon="14.03969"><ele>0</ele></trkpt>
<trkpt lat="50.91547" lon="14.03964"><ele>0</ele></trkpt>
<trkpt lat="50.91566" lon="14.03943"><ele>0</ele></trkpt>
<trkpt lat="50.9161" lon="14.04007"><ele>0</ele></trkpt>
<trkpt lat="50.9163" lon="14.04025"><ele>0</ele></trkpt>
<trkpt lat="50.91657" lon="14.0414"><ele>0</ele></trkpt>
<trkpt lat="50.9165" lon="14.04191"><ele>0</ele></trkpt>
<trkpt lat="50.91649" lon="14.04223"><ele>0</ele></trkpt>
<trkpt lat="50.91652" lon="14.04271"><ele>0</ele></trkpt>
<trkpt lat="50.9166" lon="14.04313"><ele>0</ele></trkpt>
<trkpt lat="50.91678" lon="14.04344"><ele>0</ele></trkpt>
<trkpt lat="50.91691" lon="14.04386"><ele>0</ele></trkpt>
<trkpt lat="50.91695" lon="14.04416"><ele>0</ele></trkpt>
<trkpt lat="50.91687" lon="14.04474"><ele>0</ele></trkpt>
<trkpt lat="50.91734" lon="14.0451"><ele>0</ele></trkpt>
<trkpt lat="50.91748" lon="14.04513"><ele>0</ele></trkpt>
<trkpt lat="50.91797" lon="14.04513"><ele>0</ele></trkpt>
<trkpt lat="50.91804" lon="14.04525"><ele>0</ele></trkpt>
<trkpt lat="50.91815" lon="14.04558"><ele>0</ele></trkpt>
<trkpt lat="50.91825" lon="14.04603"><ele>0</ele></trkpt>
<trkpt lat="50.91849" lon="14.04672"><ele>0</ele></trkpt>
<trkpt lat="50.91873" lon="14.04768"><ele>0</ele></trkpt>
<trkpt lat="50.9188" lon="14.04782"><ele>0</ele></trkpt>
<trkpt lat="50.91929" lon="14.04741"><ele>0</ele></trkpt>
<trkpt lat="50.91929" lon="14.04741"><ele>0</ele></trkpt>
<trkpt lat="50.92013" lon="14.04669"><ele>0</ele></trkpt>
<trkpt lat="50.92033" lon="14.04649"><ele>0</ele></trkpt>
<trkpt lat="50.92051" lon="14.04627"><ele>0</ele></trkpt>
<trkpt lat="50.92083" lon="14.04569"><ele>0</ele></trkpt>
<trkpt lat="50.92109" lon="14.04518"><ele>0</ele></trkpt>
<trkpt lat="50.92124" lon="14.04485"><ele>0</ele></trkpt>
<trkpt lat="50.92134" lon="14.04473"><ele>0</ele></trkpt>
<trkpt lat="50.92132" lon="14.04422"><ele>0</ele></trkpt>
<trkpt lat="50.9218" lon="14.04235"><ele>0</ele></trkpt>
<trkpt lat="50.92193" lon="14.04194"><ele>0</ele></trkpt>
<trkpt lat="50.92243" lon="14.04101"><ele>0</ele></trkpt>
<trkpt lat="50.92355" lon="14.0404"><ele>0</ele></trkpt>
<trkpt lat="50.92389" lon="14.04027"><ele>0</ele></trkpt>
<trkpt lat="50.92443" lon="14.04028"><ele>0</ele></trkpt>
<trkpt lat="50.92489" lon="14.03996"><ele>0</ele></trkpt>
<trkpt lat="50.92509" lon="14.03961"><ele>0</ele></trkpt>
<trkpt lat="50.92509" lon="14.03961"><ele>0</ele></trkpt>
<trkpt lat="50.92525" lon="14.03933"><ele>0</ele></trkpt>
<trkpt lat="50.92568" lon="14.03879"><ele>0</ele></trkpt>
<trkpt lat="50.92588" lon="14.03849"><ele>0</ele></trkpt>
<trkpt lat="50.92611" lon="14.0383"><ele>0</ele></trkpt>
<trkpt lat="50.92698" lon="14.03828"><ele>0</ele></trkpt>
<trkpt lat="50.92696" lon="14.03752"><ele>0</ele></trkpt>
<trkpt lat="50.92699" lon="14.03692"><ele>0</ele></trkpt>
<trkpt lat="50.92726" lon="14.03525"><ele>0</ele></trkpt>
<trkpt lat="50.92738" lon="14.03479"><ele>0</ele></trkpt>
<trkpt lat="50.9276" lon="14.03421"><ele>0</ele></trkpt>
<trkpt lat="50.92782" lon="14.03324"><ele>0</ele></trkpt>
<trkpt lat="50.92794" lon="14.03276"><ele>0</ele></trkpt>
<trkpt lat="50.9287" lon="14.03059"><ele>0</ele></trkpt>
<trkpt lat="50.92892" lon="14.02974"><ele>0</ele></trkpt>
<trkpt lat="50.92912" lon="14.02881"><ele>0</ele></trkpt>
<trkpt lat="50.92935" lon="14.02787"><ele>0</ele></trkpt>
<trkpt lat="50.92978" lon="14.02682"><ele>0</ele></trkpt>
<trkpt lat="50.92981" lon="14.02669"><ele>0</ele></trkpt>
<trkpt lat="50.92988" lon="14.0264"><ele>0</ele></trkpt>
<trkpt lat="50.93008" lon="14.02509"><ele>0</ele></trkpt>
<trkpt lat="50.93026" lon="14.02427"><ele>0</ele></trkpt>
<trkpt lat="50.93034" lon="14.024"><ele>0</ele></trkpt>
<trkpt lat="50.93045" lon="14.02371"><ele>0</ele></trkpt>
<trkpt lat="50.93075" lon="14.02313"><ele>0</ele></trkpt>
<trkpt lat="50.93161" lon="14.02179"><ele>0</ele></trkpt>
<trkpt lat="50.93212" lon="14.02089"><ele>0</ele></trkpt>
<trkpt lat="50.93248" lon="14.02003"><ele>0</ele></trkpt>
<trkpt lat="50.93326" lon="14.01871"><ele>0</ele></trkpt>
<trkpt lat="50.93324" lon="14.01868"><ele>0</ele></trkpt>
<trkpt lat="50.93336" lon="14.01846"><ele>0</ele></trkpt>
<trkpt lat="50.93355" lon="14.01779"><ele>0</ele></trkpt>
<trkpt lat="50.93358" lon="14.01782"><ele>0</ele></trkpt>
<trkpt lat="50.9337" lon="14.0178"><ele>0</ele></trkpt>
<trkpt lat="50.93408" lon="14.0176"><ele>0</ele></trkpt>
<trkpt lat="50.93424" lon="14.01745"><ele>0</ele></trkpt>
<trkpt lat="50.93436" lon="14.01721"><ele>0</ele></trkpt>
<trkpt lat="50.93434" lon="14.01716"><ele>0</ele></trkpt>
<trkpt lat="50.93435" lon="14.01677"><ele>0</ele></trkpt>
<trkpt lat="50.93443" lon="14.01611"><ele>0</ele></trkpt>
<trkpt lat="50.93484" lon="14.01483"><ele>0</ele></trkpt>
<trkpt lat="50.93528" lon="14.01355"><ele>0</ele></trkpt>
<trkpt lat="50.93552" lon="14.01289"><ele>0</ele></trkpt>
<trkpt lat="50.93566" lon="14.01239"><ele>0</ele></trkpt>
<trkpt lat="50.93567" lon="14.01228"><ele>0</ele></trkpt>
<trkpt lat="50.93566" lon="14.01222"><ele>0</ele></trkpt>
<trkpt lat="50.93547" lon="14.01195"><ele>0</ele></trkpt>
<trkpt lat="50.93497" lon="14.01133"><ele>0</ele></trkpt>
<trkpt lat="50.93522" lon="14.01052"><ele>0</ele></trkpt>
<trkpt lat="50.93532" lon="14.01008"><ele>0</ele></trkpt>
<trkpt lat="50.93567" lon="14.00992"><ele>0</ele></trkpt>
<trkpt lat="50.9356" lon="14.00983"><ele>0</ele></trkpt>
<trkpt lat="50.93557" lon="14.00964"><ele>0</ele></trkpt>
<trkpt lat="50.93557" lon="14.00913"><ele>0</ele></trkpt>
<trkpt lat="50.93562" lon="14.00893"><ele>0</ele></trkpt>
<trkpt lat="50.9357" lon="14.00845"><ele>0</ele></trkpt>
<trkpt lat="50.93571" lon="14.00819"><ele>0</ele></trkpt>
<trkpt lat="50.93589" lon="14.00664"><ele>0</ele></trkpt>
<trkpt lat="50.93594" lon="14.00637"><ele>0</ele></trkpt>
<trkpt lat="50.93615" lon="14.00573"><ele>0</ele></trkpt>
<trkpt lat="50.93628" lon="14.00499"><ele>0</ele></trkpt>
<trkpt lat="50.93662" lon="14.00387"><ele>0</ele></trkpt>
<trkpt lat="50.93695" lon="14.00286"><ele>0</ele></trkpt>
<trkpt lat="50.93698" lon="14.00272"><ele>0</ele></trkpt>
<trkpt lat="50.93703" lon="14.0024"><ele>0</ele></trkpt>
<trkpt lat="50.93715" lon="14.00243"><ele>0</ele></trkpt>
<trkpt lat="50.93728" lon="14.0024"><ele>0</ele></trkpt>
<trkpt lat="50.93765" lon="14.00214"><ele>0</ele></trkpt>
<trkpt lat="50.93772" lon="14.00212"><ele>0</ele></trkpt>
<trkpt lat="50.93808" lon="14.0022"><ele>0</ele></trkpt>
<trkpt lat="50.93816" lon="14.00219"><ele>0</ele></trkpt>
<trkpt lat="50.93826" lon="14.00212"><ele>0</ele></trkpt>
<trkpt lat="50.93834" lon="14.00198"><ele>0</ele></trkpt>
<trkpt lat="50.93942" lon="13.99988"><ele>0</ele></trkpt>
<trkpt lat="50.93973" lon="13.99934"><ele>0</ele></trkpt>
<trkpt lat="50.94102" lon="13.99746"><ele>0</ele></trkpt>
<trkpt lat="50.94119" lon="13.99719"><ele>0</ele></trkpt>
<trkpt lat="50.94155" lon="13.99639"><ele>0</ele></trkpt>
<trkpt lat="50.94219" lon="13.9956"><ele>0</ele></trkpt>
<trkpt lat="50.94233" lon="13.99539"><ele>0</ele></trkpt>
<trkpt lat="50.94215" lon="13.99522"><ele>0</ele></trkpt>
<trkpt lat="50.94192" lon="13.99512"><ele>0</ele></trkpt>
<trkpt lat="50.94202" lon="13.99456"><ele>0</ele></trkpt>
<trkpt lat="50.94232" lon="13.99438"><ele>0</ele></trkpt>
<trkpt lat="50.94245" lon="13.99415"><ele>0</ele></trkpt>
<trkpt lat="50.94236" lon="13.99389"><ele>0</ele></trkpt>
<trkpt lat="50.94236" lon="13.99389"><ele>0</ele></trkpt>
<trkpt lat="50.94232" lon="13.99378"><ele>0</ele></trkpt>
<trkpt lat="50.9426" lon="13.99351"><ele>0</ele></trkpt>
<trkpt lat="50.94284" lon="13.99346"><ele>0</ele></trkpt>
<trkpt lat="50.94314" lon="13.99345"><ele>0</ele></trkpt>
<trkpt lat="50.94335" lon="13.9933"><ele>0</ele></trkpt>
<trkpt lat="50.94334" lon="13.99279"><ele>0</ele></trkpt>
<trkpt lat="50.94339" lon="13.99247"><ele>0</ele></trkpt>
<trkpt lat="50.94376" lon="13.99212"><ele>0</ele></trkpt>
<trkpt lat="50.94376" lon="13.99212"><ele>0</ele></trkpt>
<trkpt lat="50.944" lon="13.99194"><ele>0</ele></trkpt>
<trkpt lat="50.9444" lon="13.99179"><ele>0</ele></trkpt>
<trkpt lat="50.94466" lon="13.99165"><ele>0</ele></trkpt>
<trkpt lat="50.94498" lon="13.99117"><ele>0</ele></trkpt>
<trkpt lat="50.94521" lon="13.9911"><ele>0</ele></trkpt>
<trkpt lat="50.94556" lon="13.99111"><ele>0</ele></trkpt>
<trkpt lat="50.94579" lon="13.99124"><ele>0</ele></trkpt>
<trkpt lat="50.94593" lon="13.99109"><ele>0</ele></trkpt>
<trkpt lat="50.9464" lon="13.9907"><ele>0</ele></trkpt>
<trkpt lat="50.94662" lon="13.99061"><ele>0</ele></trkpt>
<trkpt lat="50.94783" lon="13.98942"><ele>0</ele></trkpt>
<trkpt lat="50.94867" lon="13.9888"><ele>0</ele></trkpt>
<trkpt lat="50.94911" lon="13.98831"><ele>0</ele></trkpt>
<trkpt lat="50.94923" lon="13.98827"><ele>0</ele></trkpt>
<trkpt lat="50.94934" lon="13.98829"><ele>0</ele></trkpt>
<trkpt lat="50.94959" lon="13.9884"><ele>0</ele></trkpt>
<trkpt lat="50.94975" lon="13.98861"><ele>0</ele></trkpt>
<trkpt lat="50.94999" lon="13.98902"><ele>0</ele></trkpt>
<trkpt lat="50.9501" lon="13.9891"><ele>0</ele></trkpt>
<trkpt lat="50.95014" lon="13.98916"><ele>0</ele></trkpt>
<trkpt lat="50.95017" lon="13.98926"><ele>0</ele></trkpt>
<trkpt lat="50.95017" lon="13.98935"><ele>0</ele></trkpt>
<trkpt lat="50.95009" lon="13.98977"><ele>0</ele></trkpt>
<trkpt lat="50.95009" lon="13.98995"><ele>0</ele></trkpt>
<trkpt lat="50.95012" lon="13.99014"><ele>0</ele></trkpt>
<trkpt lat="50.95022" lon="13.99042"><ele>0</ele></trkpt>
<trkpt lat="50.95027" lon="13.99055"><ele>0</ele></trkpt>
<trkpt lat="50.95033" lon="13.99061"><ele>0</ele></trkpt>
<trkpt lat="50.95038" lon="13.99058"><ele>0</ele></trkpt>
<trkpt lat="50.95047" lon="13.99047"><ele>0</ele></trkpt>
<trkpt lat="50.95053" lon="13.99036"><ele>0</ele></trkpt>
<trkpt lat="50.95076" lon="13.98974"><ele>0</ele></trkpt>
<trkpt lat="50.95086" lon="13.98939"><ele>0</ele></trkpt>
<trkpt lat="50.95088" lon="13.98925"><ele>0</ele></trkpt>
<trkpt lat="50.95086" lon="13.9889"><ele>0</ele></trkpt>
<trkpt lat="50.95087" lon="13.98885"><ele>0</ele></trkpt>
<trkpt lat="50.95095" lon="13.98868"><ele>0</ele></trkpt>
<trkpt lat="50.95118" lon="13.98828"><ele>0</ele></trkpt>
<trkpt lat="50.95134" lon="13.98769"><ele>0</ele></trkpt>
<trkpt lat="50.95151" lon="13.98691"><ele>0</ele></trkpt>
<trkpt lat="50.95172" lon="13.9854"><ele>0</ele></trkpt>
<trkpt lat="50.95183" lon="13.9849"><ele>0</ele></trkpt>
<trkpt lat="50.95199" lon="13.98421"><ele>0</ele></trkpt>
<trkpt lat="50.95231" lon="13.98319"><ele>0</ele></trkpt>
<trkpt lat="50.95258" lon="13.98254"><ele>0</ele></trkpt>
<trkpt lat="50.95282" lon="13.98212"><ele>0</ele></trkpt>
<trkpt lat="50.95308" lon="13.98171"><ele>0</ele></trkpt>
<trkpt lat="50.95366" lon="13.98086"><ele>0</ele></trkpt>
<trkpt lat="50.95382" lon="13.9806"><ele>0</ele></trkpt>
<trkpt lat="50.95398" lon="13.98031"><ele>0</ele></trkpt>
<trkpt lat="50.95441" lon="13.97968"><ele>0</ele></trkpt>
<trkpt lat="50.95467" lon="13.97924"><ele>0</ele></trkpt>
<trkpt lat="50.95488" lon="13.97899"><ele>0</ele></trkpt>
<trkpt lat="50.95488" lon="13.97899"><ele>0</ele></trkpt>
<trkpt lat="50.95526" lon="13.97859"><ele>0</ele></trkpt>
<trkpt lat="50.95602" lon="13.97772"><ele>0</ele></trkpt>
<trkpt lat="50.95617" lon="13.97752"><ele>0</ele></trkpt>
<trkpt lat="50.95635" lon="13.97723"><ele>0</ele></trkpt>
<trkpt lat="50.95772" lon="13.97491"><ele>0</ele></trkpt>
<trkpt lat="50.95876" lon="13.97284"><ele>0</ele></trkpt>
<trkpt lat="50.95921" lon="13.97185"><ele>0</ele></trkpt>
<trkpt lat="50.95964" lon="13.97059"><ele>0</ele></trkpt>
<trkpt lat="50.96005" lon="13.96947"><ele>0</ele></trkpt>
<trkpt lat="50.96026" lon="13.96884"><ele>0</ele></trkpt>
<trkpt lat="50.96057" lon="13.9678"><ele>0</ele></trkpt>
<trkpt lat="50.9607" lon="13.96733"><ele>0</ele></trkpt>
<trkpt lat="50.96078" lon="13.967"><ele>0</ele></trkpt>
<trkpt lat="50.9612" lon="13.96556"><ele>0</ele></trkpt>
<trkpt lat="50.9614" lon="13.96474"><ele>0</ele></trkpt>
<trkpt lat="50.96173" lon="13.96325"><ele>0</ele></trkpt>
<trkpt lat="50.96232" lon="13.95974"><ele>0</ele></trkpt>
<trkpt lat="50.9625" lon="13.95882"><ele>0</ele></trkpt>
<trkpt lat="50.96263" lon="13.95845"><ele>0</ele></trkpt>
<trkpt lat="50.96276" lon="13.95819"><ele>0</ele></trkpt>
<trkpt lat="50.96277" lon="13.95807"><ele>0</ele></trkpt>
<trkpt lat="50.96276" lon="13.95801"><ele>0</ele></trkpt>
<trkpt lat="50.96317" lon="13.95555"><ele>0</ele></trkpt>
<trkpt lat="50.96342" lon="13.95369"><ele>0</ele></trkpt>
<trkpt lat="50.96354" lon="13.95249"><ele>0</ele></trkpt>
<trkpt lat="50.96371" lon="13.95145"><ele>0</ele></trkpt>
<trkpt lat="50.96392" lon="13.9497"><ele>0</ele></trkpt>
<trkpt lat="50.96405" lon="13.94898"><ele>0</ele></trkpt>
<trkpt lat="50.96406" lon="13.94884"><ele>0</ele></trkpt>
<trkpt lat="50.96403" lon="13.94861"><ele>0</ele></trkpt>
<trkpt lat="50.964" lon="13.94849"><ele>0</ele></trkpt>
<trkpt lat="50.96393" lon="13.94836"><ele>0</ele></trkpt>
<trkpt lat="50.9638" lon="13.94831"><ele>0</ele></trkpt>
<trkpt lat="50.96347" lon="13.9483"><ele>0</ele></trkpt>
<trkpt lat="50.96347" lon="13.94767"><ele>0</ele></trkpt>
<trkpt lat="50.96341" lon="13.94604"><ele>0</ele></trkpt>
<trkpt lat="50.96338" lon="13.94579"><ele>0</ele></trkpt>
<trkpt lat="50.96331" lon="13.94554"><ele>0</ele></trkpt>
<trkpt lat="50.96321" lon="13.94499"><ele>0</ele></trkpt>
<trkpt lat="50.96321" lon="13.94499"><ele>0</ele></trkpt>
<trkpt lat="50.96321" lon="13.94498"><ele>0</ele></trkpt>
<trkpt lat="50.96318" lon="13.94425"><ele>0</ele></trkpt>
<trkpt lat="50.96262" lon="13.9441"><ele>0</ele></trkpt>
<trkpt lat="50.96266" lon="13.9439"><ele>0</ele></trkpt>
<trkpt lat="50.96272" lon="13.94323"><ele>0</ele></trkpt>
<trkpt lat="50.96274" lon="13.94282"><ele>0</ele></trkpt>
<trkpt lat="50.96269" lon="13.94269"><ele>0</ele></trkpt>
<trkpt lat="50.96265" lon="13.94242"><ele>0</ele></trkpt>
<trkpt lat="50.96262" lon="13.94233"><ele>0</ele></trkpt>
<trkpt lat="50.96265" lon="13.94229"><ele>0</ele></trkpt>
<trkpt lat="50.96272" lon="13.94166"><ele>0</ele></trkpt>
<trkpt lat="50.96276" lon="13.94161"><ele>0</ele></trkpt>
<trkpt lat="50.96277" lon="13.94153"><ele>0</ele></trkpt>
<trkpt lat="50.96257" lon="13.94146"><ele>0</ele></trkpt>
<trkpt lat="50.96256" lon="13.94146"><ele>0</ele></trkpt>
<trkpt lat="50.96277" lon="13.94153"><ele>0</ele></trkpt>
<trkpt lat="50.96282" lon="13.94151"><ele>0</ele></trkpt>
<trkpt lat="50.96287" lon="13.94138"><ele>0</ele></trkpt>
<trkpt lat="50.96291" lon="13.94115"><ele>0</ele></trkpt>
<trkpt lat="50.96309" lon="13.93965"><ele>0</ele></trkpt>
<trkpt lat="50.96352" lon="13.93972"><ele>0</ele></trkpt>
<trkpt lat="50.96396" lon="13.93979"><ele>0</ele></trkpt>
<trkpt lat="50.96418" lon="13.93979"><ele>0</ele></trkpt>
<trkpt lat="50.96419" lon="13.93965"><ele>0</ele></trkpt>
<trkpt lat="50.96414" lon="13.93736"><ele>0</ele></trkpt>
<trkpt lat="50.96407" lon="13.93688"><ele>0</ele></trkpt>
<trkpt lat="50.96395" lon="13.9363"><ele>0</ele></trkpt>
<trkpt lat="50.96373" lon="13.93462"><ele>0</ele></trkpt>
<trkpt lat="50.9638" lon="13.93439"><ele>0</ele></trkpt>
<trkpt lat="50.96396" lon="13.93419"><ele>0</ele></trkpt>
<trkpt lat="50.96449" lon="13.93438"><ele>0</ele></trkpt>
<trkpt lat="50.96482" lon="13.93442"><ele>0</ele></trkpt>
<trkpt lat="50.96607" lon="13.93449"><ele>0</ele></trkpt>
<trkpt lat="50.96637" lon="13.93448"><ele>0</ele></trkpt>
<trkpt lat="50.96692" lon="13.93438"><ele>0</ele></trkpt>
<trkpt lat="50.96715" lon="13.9344"><ele>0</ele></trkpt>
<trkpt lat="50.96721" lon="13.93443"><ele>0</ele></trkpt>
<trkpt lat="50.96734" lon="13.93464"><ele>0</ele></trkpt>
<trkpt lat="50.96736" lon="13.9348"><ele>0</ele></trkpt>
<trkpt lat="50.96734" lon="13.93516"><ele>0</ele></trkpt>
<trkpt lat="50.96702" lon="13.9351"><ele>0</ele></trkpt>
<trkpt lat="50.96693" lon="13.935"><ele>0</ele></trkpt>
<trkpt lat="50.96687" lon="13.93487"><ele>0</ele></trkpt>
<trkpt lat="50.96683" lon="13.93461"><ele>0</ele></trkpt>
<trkpt lat="50.96663" lon="13.93225"><ele>0</ele></trkpt>
<trkpt lat="50.96663" lon="13.93224"><ele>0</ele></trkpt>
<trkpt lat="50.9665" lon="13.93046"><ele>0</ele></trkpt>
<trkpt lat="50.96626" lon="13.92802"><ele>0</ele></trkpt>
<trkpt lat="50.96624" lon="13.9276"><ele>0</ele></trkpt>
<trkpt lat="50.96627" lon="13.92724"><ele>0</ele></trkpt>
<trkpt lat="50.96658" lon="13.92546"><ele>0</ele></trkpt>
<trkpt lat="50.96661" lon="13.92508"><ele>0</ele></trkpt>
<trkpt lat="50.96648" lon="13.92209"><ele>0</ele></trkpt>
<trkpt lat="50.96642" lon="13.92052"><ele>0</ele></trkpt>
<trkpt lat="50.96649" lon="13.92042"><ele>0</ele></trkpt>
<trkpt lat="50.96642" lon="13.91801"><ele>0</ele></trkpt>
<trkpt lat="50.96705" lon="13.91788"><ele>0</ele></trkpt>
<trkpt lat="50.96833" lon="13.91746"><ele>0</ele></trkpt>
<trkpt lat="50.96898" lon="13.91718"><ele>0</ele></trkpt>
<trkpt lat="50.96924" lon="13.91705"><ele>0</ele></trkpt>
<trkpt lat="50.96994" lon="13.91664"><ele>0</ele></trkpt>
<trkpt lat="50.97024" lon="13.91638"><ele>0</ele></trkpt>
<trkpt lat="50.97049" lon="13.91609"><ele>0</ele></trkpt>
<trkpt lat="50.97073" lon="13.91565"><ele>0</ele></trkpt>
<trkpt lat="50.9709" lon="13.91519"><ele>0</ele></trkpt>
<trkpt lat="50.97093" lon="13.91502"><ele>0</ele></trkpt>
<trkpt lat="50.97096" lon="13.91482"><ele>0</ele></trkpt>
<trkpt lat="50.97097" lon="13.91417"><ele>0</ele></trkpt>
<trkpt lat="50.9711" lon="13.91306"><ele>0</ele></trkpt>
<trkpt lat="50.97114" lon="13.9128"><ele>0</ele></trkpt>
<trkpt lat="50.97132" lon="13.91208"><ele>0</ele></trkpt>
<trkpt lat="50.97158" lon="13.91125"><ele>0</ele></trkpt>
<trkpt lat="50.97194" lon="13.91029"><ele>0</ele></trkpt>
<trkpt lat="50.97348" lon="13.90589"><ele>0</ele></trkpt>
<trkpt lat="50.97354" lon="13.90587"><ele>0</ele></trkpt>
<trkpt lat="50.97365" lon="13.90575"><ele>0</ele></trkpt>
<trkpt lat="50.97372" lon="13.90571"><ele>0</ele></trkpt>
<trkpt lat="50.97379" lon="13.90557"><ele>0</ele></trkpt>
<trkpt lat="50.97389" lon="13.90547"><ele>0</ele></trkpt>
<trkpt lat="50.97401" lon="13.90529"><ele>0</ele></trkpt>
<trkpt lat="50.97441" lon="13.90444"><ele>0</ele></trkpt>
<trkpt lat="50.97475" lon="13.9038"><ele>0</ele></trkpt>
<trkpt lat="50.97474" lon="13.90374"><ele>0</ele></trkpt>
<trkpt lat="50.97471" lon="13.90368"><ele>0</ele></trkpt>
<trkpt lat="50.97468" lon="13.90351"><ele>0</ele></trkpt>
<trkpt lat="50.97467" lon="13.90291"><ele>0</ele></trkpt>
<trkpt lat="50.97443" lon="13.90185"><ele>0</ele></trkpt>
<trkpt lat="50.97443" lon="13.90162"><ele>0</ele></trkpt>
<trkpt lat="50.97452" lon="13.90133"><ele>0</ele></trkpt>
<trkpt lat="50.97485" lon="13.90102"><ele>0</ele></trkpt>
<trkpt lat="50.97493" lon="13.90093"><ele>0</ele></trkpt>
<trkpt lat="50.97523" lon="13.90038"><ele>0</ele></trkpt>
<trkpt lat="50.97529" lon="13.90021"><ele>0</ele></trkpt>
<trkpt lat="50.97574" lon="13.89955"><ele>0</ele></trkpt>
<trkpt lat="50.9758" lon="13.89949"><ele>0</ele></trkpt>
<trkpt lat="50.97593" lon="13.89943"><ele>0</ele></trkpt>
<trkpt lat="50.976" lon="13.89934"><ele>0</ele></trkpt>
<trkpt lat="50.97628" lon="13.89876"><ele>0</ele></trkpt>
<trkpt lat="50.97663" lon="13.89842"><ele>0</ele></trkpt>
<trkpt lat="50.97686" lon="13.89815"><ele>0</ele></trkpt>
<trkpt lat="50.97686" lon="13.89815"><ele>0</ele></trkpt>
<trkpt lat="50.97663" lon="13.89842"><ele>0</ele></trkpt>
<trkpt lat="50.97628" lon="13.89876"><ele>0</ele></trkpt>
<trkpt lat="50.976" lon="13.89934"><ele>0</ele></trkpt>
<trkpt lat="50.97593" lon="13.89943"><ele>0</ele></trkpt>
<trkpt lat="50.9758" lon="13.89949"><ele>0</ele></trkpt>
<trkpt lat="50.97574" lon="13.89955"><ele>0</ele></trkpt>
<trkpt lat="50.97529" lon="13.90021"><ele>0</ele></trkpt>
<trkpt lat="50.97523" lon="13.90038"><ele>0</ele></trkpt>
<trkpt lat="50.97493" lon="13.90093"><ele>0</ele></trkpt>
<trkpt lat="50.97485" lon="13.90102"><ele>0</ele></trkpt>
<trkpt lat="50.97452" lon="13.90133"><ele>0</ele></trkpt>
<trkpt lat="50.97443" lon="13.90162"><ele>0</ele></trkpt>
<trkpt lat="50.97443" lon="13.90185"><ele>0</ele></trkpt>
<trkpt lat="50.97467" lon="13.90291"><ele>0</ele></trkpt>
<trkpt lat="50.97468" lon="13.90351"><ele>0</ele></trkpt>
<trkpt lat="50.97471" lon="13.90368"><ele>0</ele></trkpt>
<trkpt lat="50.97474" lon="13.90374"><ele>0</ele></trkpt>
<trkpt lat="50.97475" lon="13.9038"><ele>0</ele></trkpt>
<trkpt lat="50.97441" lon="13.90444"><ele>0</ele></trkpt>
<trkpt lat="50.97401" lon="13.90529"><ele>0</ele></trkpt>
<trkpt lat="50.97389" lon="13.90547"><ele>0</ele></trkpt>
<trkpt lat="50.97379" lon="13.90557"><ele>0</ele></trkpt>
<trkpt lat="50.97372" lon="13.90571"><ele>0</ele></trkpt>
<trkpt lat="50.97365" lon="13.90575"><ele>0</ele></trkpt>
<trkpt lat="50.97354" lon="13.90587"><ele>0</ele></trkpt>
<trkpt lat="50.97348" lon="13.90589"><ele>0</ele></trkpt>
<trkpt lat="50.97194" lon="13.91029"><ele>0</ele></trkpt>
<trkpt lat="50.97158" lon="13.91125"><ele>0</ele></trkpt>
<trkpt lat="50.97132" lon="13.91208"><ele>0</ele></trkpt>
<trkpt lat="50.97114" lon="13.9128"><ele>0</ele></trkpt>
<trkpt lat="50.9711" lon="13.91306"><ele>0</ele></trkpt>
<trkpt lat="50.97097" lon="13.91417"><ele>0</ele></trkpt>
<trkpt lat="50.97096" lon="13.91482"><ele>0</ele></trkpt>
<trkpt lat="50.97093" lon="13.91502"><ele>0</ele></trkpt>
<trkpt lat="50.9709" lon="13.91519"><ele>0</ele></trkpt>
<trkpt lat="50.97073" lon="13.91565"><ele>0</ele></trkpt>
<trkpt lat="50.97049" lon="13.91609"><ele>0</ele></trkpt>
<trkpt lat="50.97024" lon="13.91638"><ele>0</ele></trkpt>
<trkpt lat="50.96994" lon="13.91664"><ele>0</ele></trkpt>
<trkpt lat="50.96924" lon="13.91705"><ele>0</ele></trkpt>
<trkpt lat="50.96898" lon="13.91718"><ele>0</ele></trkpt>
<trkpt lat="50.96828" lon="13.91748"><ele>0</ele></trkpt>
<trkpt lat="50.96789" lon="13.91639"><ele>0</ele></trkpt>
<trkpt lat="50.96782" lon="13.91624"><ele>0</ele></trkpt>
<trkpt lat="50.9677" lon="13.91611"><ele>0</ele></trkpt>
<trkpt lat="50.96761" lon="13.91605"><ele>0</ele></trkpt>
<trkpt lat="50.9674" lon="13.91605"><ele>0</ele></trkpt>
<trkpt lat="50.96657" lon="13.91611"><ele>0</ele></trkpt>
<trkpt lat="50.95681" lon="13.91815"><ele>0</ele></trkpt>
<trkpt lat="50.95636" lon="13.91858"><ele>0</ele></trkpt>
<trkpt lat="50.95632" lon="13.9187"><ele>0</ele></trkpt>
<trkpt lat="50.95633" lon="13.91883"><ele>0</ele></trkpt>
<trkpt lat="50.95635" lon="13.91889"><ele>0</ele></trkpt>
<trkpt lat="50.95637" lon="13.91894"><ele>0</ele></trkpt>
<trkpt lat="50.95644" lon="13.919"><ele>0</ele></trkpt>
<trkpt lat="50.9569" lon="13.91903"><ele>0</ele></trkpt>
<trkpt lat="50.95698" lon="13.919"><ele>0</ele></trkpt>
<trkpt lat="50.95707" lon="13.91884"><ele>0</ele></trkpt>
<trkpt lat="50.95714" lon="13.91893"><ele>0</ele></trkpt>
<trkpt lat="50.95732" lon="13.91886"><ele>0</ele></trkpt>
<trkpt lat="50.95738" lon="13.91889"><ele>0</ele></trkpt>
<trkpt lat="50.95761" lon="13.91886"><ele>0</ele></trkpt>
<trkpt lat="50.95807" lon="13.91887"><ele>0</ele></trkpt>
<trkpt lat="50.95851" lon="13.91891"><ele>0</ele></trkpt>
<trkpt lat="50.95862" lon="13.91895"><ele>0</ele></trkpt>
<trkpt lat="50.95876" lon="13.91896"><ele>0</ele></trkpt>
<trkpt lat="50.9588" lon="13.91892"><ele>0</ele></trkpt>
<trkpt lat="50.95891" lon="13.91843"><ele>0</ele></trkpt>
<trkpt lat="50.95898" lon="13.91804"><ele>0</ele></trkpt>
<trkpt lat="50.959" lon="13.91782"><ele>0</ele></trkpt>
<trkpt lat="50.95904" lon="13.91783"><ele>0</ele></trkpt>
<trkpt lat="50.95908" lon="13.91752"><ele>0</ele></trkpt>
<trkpt lat="50.95915" lon="13.9158"><ele>0</ele></trkpt>
<trkpt lat="50.95915" lon="13.9158"><ele>0</ele></trkpt>
<trkpt lat="50.95928" lon="13.91266"><ele>0</ele></trkpt>
<trkpt lat="50.95929" lon="13.91232"><ele>0</ele></trkpt>
<trkpt lat="50.95926" lon="13.91151"><ele>0</ele></trkpt>
<trkpt lat="50.95918" lon="13.91063"><ele>0</ele></trkpt>
<trkpt lat="50.95915" lon="13.91064"><ele>0</ele></trkpt>
<trkpt lat="50.95901" lon="13.90916"><ele>0</ele></trkpt>
<trkpt lat="50.95898" lon="13.90904"><ele>0</ele></trkpt>
<trkpt lat="50.95889" lon="13.90748"><ele>0</ele></trkpt>
<trkpt lat="50.95887" lon="13.90608"><ele>0</ele></trkpt>
<trkpt lat="50.95878" lon="13.90545"><ele>0</ele></trkpt>
<trkpt lat="50.95881" lon="13.9052"><ele>0</ele></trkpt>
<trkpt lat="50.95883" lon="13.90512"><ele>0</ele></trkpt>
<trkpt lat="50.95888" lon="13.90504"><ele>0</ele></trkpt>
<trkpt lat="50.95972" lon="13.90438"><ele>0</ele></trkpt>
<trkpt lat="50.95981" lon="13.90433"><ele>0</ele></trkpt>
<trkpt lat="50.9599" lon="13.90433"><ele>0</ele></trkpt>
<trkpt lat="50.96029" lon="13.90434"><ele>0</ele></trkpt>
<trkpt lat="50.96032" lon="13.90428"><ele>0</ele></trkpt>
<trkpt lat="50.96035" lon="13.90399"><ele>0</ele></trkpt>
<trkpt lat="50.96041" lon="13.90369"><ele>0</ele></trkpt>
<trkpt lat="50.9605" lon="13.90371"><ele>0</ele></trkpt>
<trkpt lat="50.96057" lon="13.90315"><ele>0</ele></trkpt>
<trkpt lat="50.96077" lon="13.90115"><ele>0</ele></trkpt>
<trkpt lat="50.96079" lon="13.90083"><ele>0</ele></trkpt>
<trkpt lat="50.96083" lon="13.89937"><ele>0</ele></trkpt>
<trkpt lat="50.9609" lon="13.89888"><ele>0</ele></trkpt>
<trkpt lat="50.96104" lon="13.89824"><ele>0</ele></trkpt>
<trkpt lat="50.96202" lon="13.89464"><ele>0</ele></trkpt>
<trkpt lat="50.96231" lon="13.89367"><ele>0</ele></trkpt>
<trkpt lat="50.96272" lon="13.89258"><ele>0</ele></trkpt>
<trkpt lat="50.96297" lon="13.89198"><ele>0</ele></trkpt>
<trkpt lat="50.96318" lon="13.89153"><ele>0</ele></trkpt>
<trkpt lat="50.96421" lon="13.88963"><ele>0</ele></trkpt>
<trkpt lat="50.9659" lon="13.88693"><ele>0</ele></trkpt>
<trkpt lat="50.96622" lon="13.88635"><ele>0</ele></trkpt>
<trkpt lat="50.96707" lon="13.88543"><ele>0</ele></trkpt>
<trkpt lat="50.96749" lon="13.88491"><ele>0</ele></trkpt>
<trkpt lat="50.96878" lon="13.8837"><ele>0</ele></trkpt>
<trkpt lat="50.96981" lon="13.88277"><ele>0</ele></trkpt>
<trkpt lat="50.97001" lon="13.88269"><ele>0</ele></trkpt>
<trkpt lat="50.97013" lon="13.8827"><ele>0</ele></trkpt>
<trkpt lat="50.97023" lon="13.88269"><ele>0</ele></trkpt>
<trkpt lat="50.97152" lon="13.88179"><ele>0</ele></trkpt>
<trkpt lat="50.97183" lon="13.88161"><ele>0</ele></trkpt>
<trkpt lat="50.97198" lon="13.88148"><ele>0</ele></trkpt>
<trkpt lat="50.97213" lon="13.8812"><ele>0</ele></trkpt>
<trkpt lat="50.9722" lon="13.8812"><ele>0</ele></trkpt>
<trkpt lat="50.9724" lon="13.88137"><ele>0</ele></trkpt>
<trkpt lat="50.9729" lon="13.88125"><ele>0</ele></trkpt>
<trkpt lat="50.97288" lon="13.88085"><ele>0</ele></trkpt>
<trkpt lat="50.97291" lon="13.88068"><ele>0</ele></trkpt>
<trkpt lat="50.97295" lon="13.88063"><ele>0</ele></trkpt>
<trkpt lat="50.97302" lon="13.88059"><ele>0</ele></trkpt>
<trkpt lat="50.97324" lon="13.88058"><ele>0</ele></trkpt>
<trkpt lat="50.97323" lon="13.88058"><ele>0</ele></trkpt>
<trkpt lat="50.97401" lon="13.8806"><ele>0</ele></trkpt>
<trkpt lat="50.97408" lon="13.88057"><ele>0</ele></trkpt>
<trkpt lat="50.97412" lon="13.8805"><ele>0</ele></trkpt>
<trkpt lat="50.97415" lon="13.88039"><ele>0</ele></trkpt>
<trkpt lat="50.97414" lon="13.88027"><ele>0</ele></trkpt>
<trkpt lat="50.9741" lon="13.88018"><ele>0</ele></trkpt>
<trkpt lat="50.97367" lon="13.87767"><ele>0</ele></trkpt>
<trkpt lat="50.9738" lon="13.87755"><ele>0</ele></trkpt>
<trkpt lat="50.9747" lon="13.87488"><ele>0</ele></trkpt>
<trkpt lat="50.97473" lon="13.8724"><ele>0</ele></trkpt>
<trkpt lat="50.97526" lon="13.87236"><ele>0</ele></trkpt>
<trkpt lat="50.97534" lon="13.87234"><ele>0</ele></trkpt>
<trkpt lat="50.97579" lon="13.87201"><ele>0</ele></trkpt>
<trkpt lat="50.97592" lon="13.87082"><ele>0</ele></trkpt>
<trkpt lat="50.97592" lon="13.87074"><ele>0</ele></trkpt>
<trkpt lat="50.97589" lon="13.87054"><ele>0</ele></trkpt>
<trkpt lat="50.97571" lon="13.86988"><ele>0</ele></trkpt>
<trkpt lat="50.9758" lon="13.86981"><ele>0</ele></trkpt>
<trkpt lat="50.97587" lon="13.8697"><ele>0</ele></trkpt>
<trkpt lat="50.97603" lon="13.86907"><ele>0</ele></trkpt>
<trkpt lat="50.9762" lon="13.8687"><ele>0</ele></trkpt>
<trkpt lat="50.97665" lon="13.86796"><ele>0</ele></trkpt>
<trkpt lat="50.97795" lon="13.86571"><ele>0</ele></trkpt>
<trkpt lat="50.97829" lon="13.86514"><ele>0</ele></trkpt>
<trkpt lat="50.97835" lon="13.86513"><ele>0</ele></trkpt>
<trkpt lat="50.97877" lon="13.86445"><ele>0</ele></trkpt>
<trkpt lat="50.97896" lon="13.86422"><ele>0</ele></trkpt>
<trkpt lat="50.9791" lon="13.86413"><ele>0</ele></trkpt>
<trkpt lat="50.97992" lon="13.86381"><ele>0</ele></trkpt>
<trkpt lat="50.97986" lon="13.86334"><ele>0</ele></trkpt>
<trkpt lat="50.97984" lon="13.86308"><ele>0</ele></trkpt>
<trkpt lat="50.97988" lon="13.8623"><ele>0</ele></trkpt>
<trkpt lat="50.97992" lon="13.86195"><ele>0</ele></trkpt>
<trkpt lat="50.97996" lon="13.86185"><ele>0</ele></trkpt>
<trkpt lat="50.98007" lon="13.86168"><ele>0</ele></trkpt>
<trkpt lat="50.98038" lon="13.86114"><ele>0</ele></trkpt>
<trkpt lat="50.98048" lon="13.86119"><ele>0</ele></trkpt>
<trkpt lat="50.98052" lon="13.86116"><ele>0</ele></trkpt>
<trkpt lat="50.98057" lon="13.86106"><ele>0</ele></trkpt>
<trkpt lat="50.98056" lon="13.86093"><ele>0</ele></trkpt>
<trkpt lat="50.98053" lon="13.86087"><ele>0</ele></trkpt>
<trkpt lat="50.98042" lon="13.86085"><ele>0</ele></trkpt>
<trkpt lat="50.98036" lon="13.86078"><ele>0</ele></trkpt>
<trkpt lat="50.98019" lon="13.86052"><ele>0</ele></trkpt>
<trkpt lat="50.98015" lon="13.8604"><ele>0</ele></trkpt>
<trkpt lat="50.98015" lon="13.86031"><ele>0</ele></trkpt>
<trkpt lat="50.9801" lon="13.86019"><ele>0</ele></trkpt>
<trkpt lat="50.98021" lon="13.85908"><ele>0</ele></trkpt>
<trkpt lat="50.98032" lon="13.85814"><ele>0</ele></trkpt>
<trkpt lat="50.98043" lon="13.85674"><ele>0</ele></trkpt>
<trkpt lat="50.98044" lon="13.85554"><ele>0</ele></trkpt>
<trkpt lat="50.98037" lon="13.8539"><ele>0</ele></trkpt>
<trkpt lat="50.98071" lon="13.85385"><ele>0</ele></trkpt>
<trkpt lat="50.98267" lon="13.85308"><ele>0</ele></trkpt>
<trkpt lat="50.98267" lon="13.85308"><ele>0</ele></trkpt>
<trkpt lat="50.98278" lon="13.85302"><ele>0</ele></trkpt>
<trkpt lat="50.98283" lon="13.85298"><ele>0</ele></trkpt>
<trkpt lat="50.98342" lon="13.85195"><ele>0</ele></trkpt>
<trkpt lat="50.98229" lon="13.85424"><ele>0</ele></trkpt>
<trkpt lat="50.98368" lon="13.85147"><ele>0</ele></trkpt>
<trkpt lat="50.98715" lon="13.84534"><ele>0</ele></trkpt>
<trkpt lat="50.9876" lon="13.84459"><ele>0</ele></trkpt>
<trkpt lat="50.98765" lon="13.84455"><ele>0</ele></trkpt>
<trkpt lat="50.9877" lon="13.84453"><ele>0</ele></trkpt>
<trkpt lat="50.98826" lon="13.84492"><ele>0</ele></trkpt>
<trkpt lat="50.98913" lon="13.84544"><ele>0</ele></trkpt>
<trkpt lat="50.98929" lon="13.84567"><ele>0</ele></trkpt>
<trkpt lat="50.98933" lon="13.84561"><ele>0</ele></trkpt>
<trkpt lat="50.98931" lon="13.84559"><ele>0</ele></trkpt>
<trkpt lat="50.9894" lon="13.84545"><ele>0</ele></trkpt>
      </trkseg></trk>
   
</gpx>
   